timestamp,type,ticker,company,headline,value_usd,lag_days,link
2026-08-27T05:45:15+00:00,FORM_144,,"Life Time Group Holdings, Inc.",proposed sale $557K,557231,,https://www.sec.gov/Archives/edgar/data/1972831/000199937126018837/0001999371-26-018837-index.htm
2026-08-27T05:45:16+00:00,FORM_144,,"Life Time Group Holdings, Inc.",proposed sale $80.25M,80249518,,https://www.sec.gov/Archives/edgar/data/1972834/000199937126018836/0001999371-26-018836-index.htm
2026-08-27T05:45:17+00:00,FORM_144,,"Life Time Group Holdings, Inc.",proposed sale $11.02M,11021135,,https://www.sec.gov/Archives/edgar/data/1972856/000199937126018835/0001999371-26-018835-index.htm
2026-08-27T05:45:18+00:00,FORM_144,,"Life Time Group Holdings, Inc.",proposed sale $2.13M,2125703,,https://www.sec.gov/Archives/edgar/data/1869198/000119312526369187/0001193125-26-369187-index.htm
2026-08-27T05:45:19+00:00,FORM_144,,"Life Time Group Holdings, Inc.",proposed sale $213K,213305,,https://www.sec.gov/Archives/edgar/data/1869198/000119312526369183/0001193125-26-369183-index.htm
2026-08-27T05:45:20+00:00,FORM_144,,"Life Time Group Holdings, Inc.",proposed sale $125.93M,125927302,,https://www.sec.gov/Archives/edgar/data/1886438/000119312526369181/0001193125-26-369181-index.htm
2026-08-27T05:45:22+00:00,FORM_144,,Aura Minerals Inc.,proposed sale $1.19M,1192235,,https://www.sec.gov/Archives/edgar/data/2126744/000212674426000004/0002126744-26-000004-index.htm
2026-08-27T05:45:24+00:00,FORM_144,,Aura Minerals Inc.,proposed sale $256K,255636,,https://www.sec.gov/Archives/edgar/data/2126751/000212675126000005/0002126751-26-000005-index.htm
2026-08-27T05:45:25+00:00,FORM_144,,Aura Minerals Inc.,proposed sale $1.29M,1287226,,https://www.sec.gov/Archives/edgar/data/2126752/000212675226000010/0002126752-26-000010-index.htm
2026-08-27T05:45:26+00:00,FORM_144,,Aura Minerals Inc.,proposed sale $271K,270707,,https://www.sec.gov/Archives/edgar/data/2126753/000212675326000009/0002126753-26-000009-index.htm
2026-08-27T05:45:28+00:00,FORM_144,,Aura Minerals Inc.,proposed sale $272K,272110,,https://www.sec.gov/Archives/edgar/data/2126755/000212675526000007/0002126755-26-000007-index.htm
2026-08-27T05:45:29+00:00,FORM_144,,TWIN DISC INC,proposed sale $500K,500000,,https://www.sec.gov/Archives/edgar/data/1341537/000143774926029033/0001437749-26-029033-index.htm
2026-08-27T05:45:30+00:00,FORM_144,,"10X Genomics, Inc.",proposed sale $2.21M,2206653,,https://www.sec.gov/Archives/edgar/data/1786720/000196858226000886/0001968582-26-000886-index.htm
2026-08-27T05:45:31+00:00,FORM_144,,"Evolent Health, Inc.",proposed sale $327K,327476,,https://www.sec.gov/Archives/edgar/data/1946147/000162828026059130/0001628280-26-059130-index.htm
2026-08-27T05:45:33+00:00,FORM_144,,FIRST BANCORP /PR,proposed sale $282K,282000,,https://www.sec.gov/Archives/edgar/data/1224437/000162828026059129/0001628280-26-059129-index.htm
2026-08-27T05:45:34+00:00,FORM_144,,Kinetik Holdings Inc.,proposed sale $4.20M,4201926,,https://www.sec.gov/Archives/edgar/data/1904934/000090514826003957/0000905148-26-003957-index.htm
2026-08-27T05:45:36+00:00,FORM_144,,"Intellicheck, Inc.",proposed sale $349K,348568,,https://www.sec.gov/Archives/edgar/data/1996464/000197449426000267/0001974494-26-000267-index.htm
2026-08-27T05:45:37+00:00,FORM_144,,"CoreWeave, Inc.",proposed sale $185K,184884,,https://www.sec.gov/Archives/edgar/data/2058048/000196858226000884/0001968582-26-000884-index.htm
2026-08-27T05:45:38+00:00,FORM_144,,RenaissanceRe Holdings Ltd,proposed sale $126K,126295,,https://www.sec.gov/Archives/edgar/data/1492528/000162828026059116/0001628280-26-059116-index.htm
2026-08-27T05:45:39+00:00,FORM_144,,"Freshpet, Inc.",proposed sale $2.76M,2763216,,https://www.sec.gov/Archives/edgar/data/1680803/000195917326006478/0001959173-26-006478-index.htm
2026-08-27T05:45:40+00:00,FORM_144,,"TEXAS ROADHOUSE, INC.",proposed sale $102K,102325,,https://www.sec.gov/Archives/edgar/data/2078707/000195004726008733/0001950047-26-008733-index.htm
2026-08-27T05:45:41+00:00,FORM_144,,OppFi Inc.,proposed sale $559K,558797,,https://www.sec.gov/Archives/edgar/data/1874705/000195917326006477/0001959173-26-006477-index.htm
2026-08-27T05:45:42+00:00,FORM_144,,"Precigen, Inc.",proposed sale $1.37M,1372700,,https://www.sec.gov/Archives/edgar/data/1356090/000195824426000558/0001958244-26-000558-index.htm
2026-08-27T05:45:43+00:00,FORM_144,,"Casella Waste Systems, Inc.",proposed sale $103K,103114,,https://www.sec.gov/Archives/edgar/data/1224062/000195824426000557/0001958244-26-000557-index.htm
2026-08-27T05:45:44+00:00,FORM_144,,ZTO Express (Cayman) Inc.,proposed sale $4.26M,4264000,,https://www.sec.gov/Archives/edgar/data/1971621/000195824426000556/0001958244-26-000556-index.htm
2026-08-28T21:29:14+00:00,FORM_144,,"MAGNITE, INC.",proposed sale $712K,712166,,https://www.sec.gov/Archives/edgar/data/1781873/000195004726008732/0001950047-26-008732-index.htm,LOW
2026-08-28T21:29:14+00:00,FORM_144,,"CoastalSouth Bancshares, Inc.",proposed sale $55K,55002,,https://www.sec.gov/Archives/edgar/data/2067397/000197407826000332/0001974078-26-000332-index.htm,LOW
2026-08-28T21:29:15+00:00,FORM_144,,"WEAVE COMMUNICATIONS, INC.",proposed sale $721K,721342,,https://www.sec.gov/Archives/edgar/data/1639299/000195004726008731/0001950047-26-008731-index.htm,LOW
2026-08-28T21:29:15+00:00,FORM_144,,EverCommerce Inc.,proposed sale $285K,284654,,https://www.sec.gov/Archives/edgar/data/1856906/000195917326006476/0001959173-26-006476-index.htm,LOW
2026-08-28T21:29:15+00:00,FORM_144,,"MUELLER WATER PRODUCTS, INC.",proposed sale $75K,74818,,https://www.sec.gov/Archives/edgar/data/2083713/000162828026059101/0001628280-26-059101-index.htm,LOW
2026-08-28T21:29:16+00:00,FORM_144,,"WEAVE COMMUNICATIONS, INC.",proposed sale $49K,49326,,https://www.sec.gov/Archives/edgar/data/1639298/000195004726008730/0001950047-26-008730-index.htm,LOW
2026-08-28T21:29:16+00:00,FORM_144,,"AUTODESK, INC.",proposed sale $510K,510100,,https://www.sec.gov/Archives/edgar/data/1277246/000195004726008729/0001950047-26-008729-index.htm,LOW
2026-08-28T21:29:16+00:00,FORM_144,,"Airbnb, Inc.",proposed sale $3.75M,3749610,,https://www.sec.gov/Archives/edgar/data/1834147/000195917326006475/0001959173-26-006475-index.htm,LOW
2026-08-28T21:29:17+00:00,FORM_144,,"Home Depot, Inc.",proposed sale $239K,239098,,https://www.sec.gov/Archives/edgar/data/2059982/000162828026059099/0001628280-26-059099-index.htm,LOW
2026-08-28T21:29:17+00:00,FORM_144,,"NAPCO SECURITY TECHNOLOGIES, INC.",proposed sale $3.43M,3430714,,https://www.sec.gov/Archives/edgar/data/1254037/000195004726008728/0001950047-26-008728-index.htm,LOW
2026-08-28T21:29:17+00:00,FORM_144,,EverCommerce Inc.,proposed sale $32K,31744,,https://www.sec.gov/Archives/edgar/data/1856906/000195917326006474/0001959173-26-006474-index.htm,LOW
2026-08-28T21:29:18+00:00,FORM_144,,CENTENE CORP,proposed sale $2.83M,2834000,,https://www.sec.gov/Archives/edgar/data/1498992/000195917326006473/0001959173-26-006473-index.htm,LOW
2026-08-28T21:29:18+00:00,FORM_144,,"NAPCO SECURITY TECHNOLOGIES, INC.",proposed sale $1.01M,1007400,,https://www.sec.gov/Archives/edgar/data/1416646/000195004726008727/0001950047-26-008727-index.htm,LOW
2026-08-28T21:29:18+00:00,FORM_144,,"AMBIQ MICRO, INC.",proposed sale $1.64M,1638469,,https://www.sec.gov/Archives/edgar/data/2078339/000195004726008726/0001950047-26-008726-index.htm,LOW
2026-08-28T21:29:19+00:00,FORM_144,,"BLOCK, INC.",proposed sale $492K,492000,,https://www.sec.gov/Archives/edgar/data/1933928/000195004726008725/0001950047-26-008725-index.htm,LOW
2026-08-28T21:29:19+00:00,FORM_144,,"Live Oak Bancshares, Inc.",proposed sale $400K,399877,,https://www.sec.gov/Archives/edgar/data/1462120/000195917326006472/0001959173-26-006472-index.htm,LOW
2026-08-28T21:29:19+00:00,FORM_144,,MERCURY SYSTEMS INC,proposed sale $4.37M,4373744,,https://www.sec.gov/Archives/edgar/data/1436044/000195917326006471/0001959173-26-006471-index.htm,LOW
2026-08-28T21:29:20+00:00,8K,,CaliberCos Inc.,items 3.01,,,https://www.sec.gov/Archives/edgar/data/1627282/000162728226000065/0001627282-26-000065-index.htm,HIGH
2026-08-28T21:29:21+00:00,8K,,Bleichroeder Acquisition Corp. II,items 5.02,,,https://www.sec.gov/Archives/edgar/data/2088295/000121390026094046/0001213900-26-094046-index.htm,LOW
2026-08-28T21:29:21+00:00,8K,,McEwen Inc.,items 5.02,,,https://www.sec.gov/Archives/edgar/data/314203/000110465926101630/0001104659-26-101630-index.htm,LOW
2026-08-28T21:29:21+00:00,8K,,CHS INC,items 1.01,,,https://www.sec.gov/Archives/edgar/data/823277/000082327726000029/0000823277-26-000029-index.htm,LOW
2026-08-28T21:29:22+00:00,8K,,Technology & Telecommunication Acquisition Corp,items 1.01,,,https://www.sec.gov/Archives/edgar/data/1900679/000149315226040261/0001493152-26-040261-index.htm,LOW
2026-08-28T21:29:22+00:00,8K,,ATLANTIC AMERICAN CORP,items 3.01,,,https://www.sec.gov/Archives/edgar/data/8177/000114036126034470/0001140361-26-034470-index.htm,HIGH
2026-08-28T21:29:23+00:00,8K,,"Autonomix Medical, Inc.",items 1.01,,,https://www.sec.gov/Archives/edgar/data/1617867/000143774926029024/0001437749-26-029024-index.htm,LOW
2026-08-28T21:29:23+00:00,8K,,EXTREME NETWORKS INC,items 4.01,,,https://www.sec.gov/Archives/edgar/data/1078271/000119312526368873/0001193125-26-368873-index.htm,HIGH
2026-08-28T21:29:24+00:00,8K,,Laser Photonics Corp,items 5.02,,,https://www.sec.gov/Archives/edgar/data/1807887/000149315226040256/0001493152-26-040256-index.htm,LOW
2026-08-28T21:29:24+00:00,8K,,"AIxCrypto Holdings, Inc.",items 5.02,,,https://www.sec.gov/Archives/edgar/data/1460702/000149315226040257/0001493152-26-040257-index.htm,LOW
2026-08-28T21:29:24+00:00,8K,,New America Acquisition I Corp.,items 5.02,,,https://www.sec.gov/Archives/edgar/data/2074878/000149315226040253/0001493152-26-040253-index.htm,LOW
2026-08-28T21:29:25+00:00,8K,,BIOMERICA INC,items 1.01,,,https://www.sec.gov/Archives/edgar/data/73290/000149315226040251/0001493152-26-040251-index.htm,LOW
2026-08-28T21:29:26+00:00,8K,,"AstroNova, Inc.","items 1.02,3.01,5.02",,,https://www.sec.gov/Archives/edgar/data/8146/000119312526368764/0001193125-26-368764-index.htm,HIGH
2026-08-28T21:29:27+00:00,8K,,Crown Reserve Acquisition Corp. I,items 1.01,,,https://www.sec.gov/Archives/edgar/data/2070887/000121390026094001/0001213900-26-094001-index.htm,LOW
2026-08-28T21:29:27+00:00,8K,,American Resources Corp,items 3.01,,,https://www.sec.gov/Archives/edgar/data/1590715/000165495426007884/0001654954-26-007884-index.htm,HIGH
2026-08-28T21:29:28+00:00,8K,,"Endovia Health Sciences, Inc.",items 1.01,,,https://www.sec.gov/Archives/edgar/data/1553788/000173112226001152/0001731122-26-001152-index.htm,LOW
2026-08-28T21:29:29+00:00,8K,,Z Squared Inc.,items 5.02,,,https://www.sec.gov/Archives/edgar/data/1759186/000118518526003730/0001185185-26-003730-index.htm,LOW
2026-08-28T21:29:29+00:00,8K,,VEEA INC.,items 1.01,,,https://www.sec.gov/Archives/edgar/data/1840317/000121390026093996/0001213900-26-093996-index.htm,LOW
2026-08-28T21:29:31+00:00,8K,,21Shares XRP ETF,items 1.01,,,https://www.sec.gov/Archives/edgar/data/2028835/000121390026093987/0001213900-26-093987-index.htm,LOW
2026-08-28T21:29:31+00:00,8K,,21Shares Sui Staking ETF,items 1.01,,,https://www.sec.gov/Archives/edgar/data/2061626/000121390026093985/0001213900-26-093985-index.htm,LOW
2026-08-28T21:29:31+00:00,8K,,F&M BANK CORP,items 5.02,,,https://www.sec.gov/Archives/edgar/data/740806/000165495426007883/0001654954-26-007883-index.htm,LOW
2026-08-28T21:29:31+00:00,8K,,21Shares Dogecoin ETF,items 1.01,,,https://www.sec.gov/Archives/edgar/data/2064314/000121390026093981/0001213900-26-093981-index.htm,LOW
2026-08-28T21:29:32+00:00,8K,,TREASURE GLOBAL INC,items 1.01,,,https://www.sec.gov/Archives/edgar/data/1905956/000121390026093980/0001213900-26-093980-index.htm,LOW
2026-08-28T21:29:32+00:00,8K,,"Jasper Therapeutics, Inc.",items 1.01,,,https://www.sec.gov/Archives/edgar/data/1788028/000121390026093979/0001213900-26-093979-index.htm,LOW
2026-08-28T21:29:32+00:00,8K,,21Shares Polkadot Staking ETF,items 1.01,,,https://www.sec.gov/Archives/edgar/data/2054247/000121390026093977/0001213900-26-093977-index.htm,LOW
2026-08-28T21:29:32+00:00,8K,,21Shares Solana Staking ETF,items 1.01,,,https://www.sec.gov/Archives/edgar/data/2028834/000121390026093971/0001213900-26-093971-index.htm,LOW
2026-08-28T21:29:33+00:00,8K,,21Shares Ethereum Staking ETF,items 1.01,,,https://www.sec.gov/Archives/edgar/data/1992508/000121390026093968/0001213900-26-093968-index.htm,LOW
2026-08-28T21:29:33+00:00,8K,,"Keysight Technologies, Inc.",items 5.02,,,https://www.sec.gov/Archives/edgar/data/1601046/000160104626000032/0001601046-26-000032-index.htm,LOW
2026-08-28T21:29:33+00:00,8K,,Ark 21Shares Bitcoin ETF,items 1.01,,,https://www.sec.gov/Archives/edgar/data/1869699/000121390026093966/0001213900-26-093966-index.htm,LOW
2026-08-28T21:29:34+00:00,8K,,"Champion Homes, Inc.",items 5.02,,,https://www.sec.gov/Archives/edgar/data/90896/000119312526368465/0001193125-26-368465-index.htm,LOW
2026-08-28T21:29:34+00:00,8K,,CuriosityStream Inc.,items 5.02,,,https://www.sec.gov/Archives/edgar/data/1776909/000162828026059083/0001628280-26-059083-index.htm,LOW
2026-08-28T21:29:34+00:00,8K,,UNIVERSAL ELECTRONICS INC,items 1.01,,,https://www.sec.gov/Archives/edgar/data/101984/000010198426000124/0000101984-26-000124-index.htm,LOW
2026-08-28T21:29:35+00:00,8K,,"Inhibikase Therapeutics, Inc.",items 4.01,,,https://www.sec.gov/Archives/edgar/data/1750149/000119312526368296/0001193125-26-368296-index.htm,HIGH
2026-08-28T21:29:36+00:00,8K,,RUM Group Inc.,items 5.02,,,https://www.sec.gov/Archives/edgar/data/1830081/000121390026093950/0001213900-26-093950-index.htm,LOW
2026-08-28T21:29:37+00:00,8K,,CHEETAH NET SUPPLY CHAIN SERVICE INC.,items 1.01,,,https://www.sec.gov/Archives/edgar/data/1951667/000110465926101479/0001104659-26-101479-index.htm,LOW
2026-08-28T21:29:37+00:00,8K,,"NORTHERN OIL & GAS, INC.",items 1.01,,,https://www.sec.gov/Archives/edgar/data/1104485/000119312526368292/0001193125-26-368292-index.htm,LOW
2026-08-28T21:29:37+00:00,8K,,"SS Innovations International, Inc.",items 5.02,,,https://www.sec.gov/Archives/edgar/data/1676163/000121390026093946/0001213900-26-093946-index.htm,LOW
2026-08-28T21:29:38+00:00,8K,,HELEN OF TROY LTD,items 5.02,,,https://www.sec.gov/Archives/edgar/data/916789/000091678926000104/0000916789-26-000104-index.htm,LOW
2026-08-28T21:29:39+00:00,8K,,"Tenon Medical, Inc.",items 1.01,,,https://www.sec.gov/Archives/edgar/data/1560293/000121390026093926/0001213900-26-093926-index.htm,LOW
2026-08-28T21:29:40+00:00,8K,,Tevogen Inc.,items 5.02,,,https://www.sec.gov/Archives/edgar/data/1860871/000149315226040216/0001493152-26-040216-index.htm,LOW
2026-08-28T21:29:40+00:00,8K,,Novelis Inc.,items 5.02,,,https://www.sec.gov/Archives/edgar/data/1304280/000130428026000034/0001304280-26-000034-index.htm,LOW
2026-08-28T21:29:40+00:00,LATE_FILING,,"MSP Recovery, Inc.",NT 10-Q,,,https://www.sec.gov/Archives/edgar/data/1802450/000121390026093940/0001213900-26-093940-index.htm,HIGH
2026-08-28T21:29:41+00:00,LATE_FILING,,"ACURA PHARMACEUTICALS, INC",NT 10-Q,,,https://www.sec.gov/Archives/edgar/data/786947/000110465926101083/0001104659-26-101083-index.htm,HIGH
2026-08-28T21:29:41+00:00,LATE_FILING,,Mercator Acquisition Corp.,NT 10-Q,,,https://www.sec.gov/Archives/edgar/data/2106436/000121390026093509/0001213900-26-093509-index.htm,HIGH
2026-08-28T22:10:14+00:00,INSIDER_BUY,SITE,"SiteOne Landscape Supply, Inc.",BLACK DOUG $481K,480650,2,https://www.sec.gov/Archives/edgar/data/1672083/000110465926103314/0001104659-26-103314-index.htm,MEDIUM
2026-08-28T22:10:15+00:00,FORM_144,,ADI GLOBAL DISTRIBUTION INC.,proposed sale $648K,647848,,https://www.sec.gov/Archives/edgar/data/2105139/000195004726008833/0001950047-26-008833-index.htm,LOW
2026-08-28T22:10:15+00:00,FORM_144,,TFS FINANCIAL CORPORATION,proposed sale $109K,108741,,https://www.sec.gov/Archives/edgar/data/1850133/000195004726008832/0001950047-26-008832-index.htm,LOW
2026-08-28T22:10:16+00:00,FORM_144,,"Chime Financial, Inc.",proposed sale $10.01M,10008000,,https://www.sec.gov/Archives/edgar/data/2061801/000195004726008831/0001950047-26-008831-index.htm,MEDIUM
2026-08-28T22:10:17+00:00,FORM_144,,"ROYAL GOLD, INC.",proposed sale $131K,131400,,https://www.sec.gov/Archives/edgar/data/1796187/000195004726008829/0001950047-26-008829-index.htm,LOW
2026-08-28T22:10:17+00:00,FORM_144,,"Airbnb, Inc.",proposed sale $10.90M,10901033,,https://www.sec.gov/Archives/edgar/data/1834147/000195917326006532/0001959173-26-006532-index.htm,MEDIUM
2026-08-28T22:10:18+00:00,FORM_144,,OneSpaWorld Holdings Limited,proposed sale $139K,138622,,https://www.sec.gov/Archives/edgar/data/1917736/000162828026059429/0001628280-26-059429-index.htm,LOW
2026-08-28T22:10:19+00:00,FORM_144,,"BLOCK, INC.",proposed sale $511K,510720,,https://www.sec.gov/Archives/edgar/data/1933928/000195004726008828/0001950047-26-008828-index.htm,LOW
2026-08-28T22:10:19+00:00,FORM_144,,Marathon Petroleum Corp,proposed sale $157K,156608,,https://www.sec.gov/Archives/edgar/data/1948454/000194845426000007/0001948454-26-000007-index.htm,LOW
2026-08-28T22:10:20+00:00,FORM_144,,THE ESTEE LAUDER COMPANIES INC.,proposed sale $802K,802344,,https://www.sec.gov/Archives/edgar/data/1728090/000195004726008827/0001950047-26-008827-index.htm,LOW
2026-08-28T22:10:20+00:00,FORM_144,,CATERPILLAR INC.,proposed sale $26.21M,26211751,,https://www.sec.gov/Archives/edgar/data/1739859/000195004726008826/0001950047-26-008826-index.htm,MEDIUM
2026-08-28T22:10:22+00:00,FORM_144,,"MATCH GROUP, INC.",proposed sale $625K,625498,,https://www.sec.gov/Archives/edgar/data/1721984/000195004726008825/0001950047-26-008825-index.htm,LOW
2026-08-28T22:10:22+00:00,FORM_144,,"Eton Pharmaceuticals, Inc.",proposed sale $2.95M,2953530,,https://www.sec.gov/Archives/edgar/data/1710340/000197407826000335/0001974078-26-000335-index.htm,LOW
2026-08-28T22:10:23+00:00,FORM_144,,"TRUPANION, INC.",proposed sale $107K,107038,,https://www.sec.gov/Archives/edgar/data/1967117/000195004726008824/0001950047-26-008824-index.htm,LOW
2026-08-28T22:10:23+00:00,FORM_144,,JFROG LTD.,proposed sale $57K,57289,,https://www.sec.gov/Archives/edgar/data/1800667/000195004726008823/0001950047-26-008823-index.htm,LOW
2026-08-28T22:10:24+00:00,FORM_144,,EverCommerce Inc.,proposed sale $220K,219528,,https://www.sec.gov/Archives/edgar/data/1856906/000195917326006531/0001959173-26-006531-index.htm,LOW
2026-08-28T22:10:24+00:00,FORM_144,,SANMINA CORPORATION,proposed sale $24K,24322,,https://www.sec.gov/Archives/edgar/data/1899654/000195004726008822/0001950047-26-008822-index.htm,LOW
2026-08-28T22:10:25+00:00,FORM_144,,ABERCROMBIE & FITCH CO /DE/,proposed sale $191K,190970,,https://www.sec.gov/Archives/edgar/data/1807907/000195917326006530/0001959173-26-006530-index.htm,LOW
2026-08-28T22:10:25+00:00,FORM_144,,"TRAVELERS COMPANIES, INC.",proposed sale $2.22M,2219145,,https://www.sec.gov/Archives/edgar/data/1224083/000195917326006529/0001959173-26-006529-index.htm,LOW
2026-08-28T22:10:26+00:00,FORM_144,,OMEROS CORPORATION,proposed sale $466K,466127,,https://www.sec.gov/Archives/edgar/data/1778968/000195004726008821/0001950047-26-008821-index.htm,LOW
2026-08-28T22:10:26+00:00,FORM_144,,Roivant Sciences Ltd.,proposed sale $7.15M,7147087,,https://www.sec.gov/Archives/edgar/data/1801917/000196530126000133/0001965301-26-000133-index.htm,MEDIUM
2026-08-28T22:10:27+00:00,FORM_144,,Unity Software Inc.,proposed sale $1.90M,1895144,,https://www.sec.gov/Archives/edgar/data/2042056/000192109426000966/0001921094-26-000966-index.htm,LOW
2026-08-28T22:10:27+00:00,FORM_144,,ODDITY Tech Ltd.,proposed sale $323K,323349,,https://www.sec.gov/Archives/edgar/data/2008127/000195004726008820/0001950047-26-008820-index.htm,LOW
2026-08-28T22:10:28+00:00,FORM_144,,"Business First Bancshares, Inc.",proposed sale $303K,303270,,https://www.sec.gov/Archives/edgar/data/2106698/000210669826000004/0002106698-26-000004-index.htm,LOW
2026-08-28T22:10:28+00:00,FORM_144,,SEI INVESTMENTS CO,proposed sale $4.18M,4181773,,https://www.sec.gov/Archives/edgar/data/1745371/000192109426000965/0001921094-26-000965-index.htm,LOW
2026-08-28T22:10:28+00:00,FORM_144,,"Affirm Holdings, Inc.",proposed sale $6.14M,6138680,,https://www.sec.gov/Archives/edgar/data/1820953/000195004726008819/0001950047-26-008819-index.htm,MEDIUM
2026-08-28T22:10:30+00:00,FORM_144,,"Klaviyo, Inc.",proposed sale $1.05M,1048605,,https://www.sec.gov/Archives/edgar/data/1991399/000195004726008818/0001950047-26-008818-index.htm,LOW
2026-08-28T22:10:30+00:00,FORM_144,,"Five9, Inc.",proposed sale $614K,614205,,https://www.sec.gov/Archives/edgar/data/2000932/000195004726008817/0001950047-26-008817-index.htm,LOW
2026-08-28T22:10:30+00:00,FORM_144,,Alphabet Inc.,proposed sale $28K,27692,,https://www.sec.gov/Archives/edgar/data/1665419/000192109426000964/0001921094-26-000964-index.htm,LOW
2026-08-28T22:10:31+00:00,FORM_144,,XENON PHARMACEUTICALS INC,proposed sale $438K,437721,,https://www.sec.gov/Archives/edgar/data/1880129/000195004726008816/0001950047-26-008816-index.htm,LOW
2026-08-28T22:10:31+00:00,FORM_144,,"Remitly Global, Inc.",proposed sale $546K,545685,,https://www.sec.gov/Archives/edgar/data/1999488/000195004726008815/0001950047-26-008815-index.htm,LOW
2026-08-28T22:10:31+00:00,FORM_144,,"O'REILLY AUTOMOTIVE, INC.",proposed sale $88K,87831,,https://www.sec.gov/Archives/edgar/data/1238978/000195004726008814/0001950047-26-008814-index.htm,LOW
2026-08-28T22:10:32+00:00,FORM_144,,"FIGMA, INC.",proposed sale $6.48M,6479161,,https://www.sec.gov/Archives/edgar/data/2073801/000195004726008813/0001950047-26-008813-index.htm,MEDIUM
2026-08-28T22:10:33+00:00,FORM_144,,"MACOM Technology Solutions Holdings, Inc.",proposed sale $70K,69841,,https://www.sec.gov/Archives/edgar/data/1588004/000195004726008812/0001950047-26-008812-index.htm,LOW
2026-08-28T22:10:33+00:00,FORM_144,,"VISTANCE NETWORKS, INC.",proposed sale $1.19M,1188020,,https://www.sec.gov/Archives/edgar/data/1517228/000195004726008811/0001950047-26-008811-index.htm,LOW
2026-08-28T22:10:34+00:00,FORM_144,,"RingCentral, Inc.",proposed sale $313K,313045,,https://www.sec.gov/Archives/edgar/data/2057569/000195004726008810/0001950047-26-008810-index.htm,LOW
2026-08-28T22:10:34+00:00,FORM_144,,Edwards Lifesciences Corp,proposed sale $238K,237907,,https://www.sec.gov/Archives/edgar/data/2032351/000192109426000963/0001921094-26-000963-index.htm,LOW
2026-08-28T22:10:34+00:00,FORM_144,,Xometry Inc,proposed sale $472K,471518,,https://www.sec.gov/Archives/edgar/data/1657573/000196922326000966/0001969223-26-000966-index.htm,LOW
2026-08-28T22:10:35+00:00,FORM_144,,SCHWAB CHARLES CORP,proposed sale $8.25M,8250648,,https://www.sec.gov/Archives/edgar/data/1296479/000194984626000555/0001949846-26-000555-index.htm,MEDIUM
2026-08-28T22:10:36+00:00,FORM_144,,SYNOPSYS INC,proposed sale $34.47M,34472945,,https://www.sec.gov/Archives/edgar/data/1249802/000196922326000965/0001969223-26-000965-index.htm,MEDIUM
2026-08-28T22:10:37+00:00,FORM_144,,HNI CORP,proposed sale $75K,75200,,https://www.sec.gov/Archives/edgar/data/1311511/000195917326006528/0001959173-26-006528-index.htm,LOW
2026-08-28T22:10:37+00:00,FORM_144,,"BRINKER INTERNATIONAL, INC",proposed sale $5.76M,5759691,,https://www.sec.gov/Archives/edgar/data/1321400/000195917326006527/0001959173-26-006527-index.htm,MEDIUM
2026-08-28T22:10:38+00:00,FORM_144,,BLACKSKY TECHNOLOGY INC,proposed sale $391K,391040,,https://www.sec.gov/Archives/edgar/data/1753539/000196858226000896/0001968582-26-000896-index.htm,LOW
2026-08-28T22:10:39+00:00,FORM_144,,"Chime Financial, Inc.",proposed sale $10.01M,10008000,,https://www.sec.gov/Archives/edgar/data/2061801/000195004726008809/0001950047-26-008809-index.htm,MEDIUM
2026-08-28T22:10:40+00:00,FORM_144,,"Business First Bancshares, Inc.",proposed sale $302K,302500,,https://www.sec.gov/Archives/edgar/data/2106698/000210669826000003/0002106698-26-000003-index.htm,LOW
2026-08-28T22:10:40+00:00,FORM_144,,METLIFE INC,proposed sale $15K,15400,,https://www.sec.gov/Archives/edgar/data/1099219/000162828026059404/0001628280-26-059404-index.htm,LOW
2026-08-28T22:10:41+00:00,FORM_144,,Criteo S.A.,proposed sale $4K,4458,,https://www.sec.gov/Archives/edgar/data/2148390/000197337926000311/0001973379-26-000311-index.htm,LOW
2026-08-28T22:10:41+00:00,FORM_144,,QUEST DIAGNOSTICS INC,proposed sale $5.51M,5513082,,https://www.sec.gov/Archives/edgar/data/1222679/000195917326006526/0001959173-26-006526-index.htm,MEDIUM
2026-08-28T22:10:42+00:00,FORM_144,,NATURAL RESOURCE PARTNERS L.P.,proposed sale $244K,243953,,https://www.sec.gov/Archives/edgar/data/1594755/000195004726008808/0001950047-26-008808-index.htm,LOW
2026-08-28T22:10:43+00:00,FORM_144,,Criteo S.A.,proposed sale $29K,28615,,https://www.sec.gov/Archives/edgar/data/2056554/000197337926000310/0001973379-26-000310-index.htm,LOW
2026-08-28T22:10:43+00:00,FORM_144,,"Home Depot, Inc.",proposed sale $807K,807137,,https://www.sec.gov/Archives/edgar/data/1534511/000162828026059393/0001628280-26-059393-index.htm,LOW
2026-08-28T22:10:43+00:00,8K,,"Spero Therapeutics, Inc.",items 1.01,,,https://www.sec.gov/Archives/edgar/data/1701108/000119312526374788/0001193125-26-374788-index.htm,LOW
2026-08-28T22:10:44+00:00,8K,,"Boundless Bio, Inc.",items 1.01,,,https://www.sec.gov/Archives/edgar/data/1782303/000119312526374787/0001193125-26-374787-index.htm,LOW
2026-08-28T22:10:44+00:00,8K,,"MOBIX LABS, INC","items 1.01,5.02",,,https://www.sec.gov/Archives/edgar/data/1855467/000149315226040658/0001493152-26-040658-index.htm,LOW
2026-08-28T22:10:45+00:00,8K,,"POWERCOMPUTE, INC.",items 1.01,,,https://www.sec.gov/Archives/edgar/data/1640384/000119312526374752/0001193125-26-374752-index.htm,LOW
2026-08-28T22:17:48+00:00,8K,,RenX Enterprises Corp.,items 1.01,,,https://www.sec.gov/Archives/edgar/data/1959023/000121390026095188/0001213900-26-095188-index.htm,LOW
2026-08-28T22:17:48+00:00,8K,,AIRWA INC.,items 3.01,,,https://www.sec.gov/Archives/edgar/data/1674440/000149315226040647/0001493152-26-040647-index.htm,HIGH
2026-08-28T22:17:50+00:00,8K,,ORAGENICS INC,items 3.01,,,https://www.sec.gov/Archives/edgar/data/1174940/000149315226040645/0001493152-26-040645-index.htm,HIGH
2026-08-28T22:17:51+00:00,8K,,"SOCKET MOBILE, INC.",items 3.01,,,https://www.sec.gov/Archives/edgar/data/944075/000094407526000073/0000944075-26-000073-index.htm,HIGH
2026-08-28T22:17:52+00:00,8K,,SRX Global Inc.,items 1.01,,,https://www.sec.gov/Archives/edgar/data/1471727/000149315226040642/0001493152-26-040642-index.htm,LOW
2026-08-28T22:17:53+00:00,8K,,PEDEVCO CORP,items 5.02,,,https://www.sec.gov/Archives/edgar/data/1141197/000165495426007962/0001654954-26-007962-index.htm,LOW
2026-08-28T22:17:53+00:00,8K,,"Sinclair, Inc.",items 5.02,,,https://www.sec.gov/Archives/edgar/data/1971213/000197121326000041/0001971213-26-000041-index.htm,LOW
2026-08-28T22:17:54+00:00,8K,,Andretti Acquisition Corp. II,items 1.01,,,https://www.sec.gov/Archives/edgar/data/2025341/000121390026095145/0001213900-26-095145-index.htm,LOW
2026-08-28T22:17:54+00:00,8K,,"IonQ, Inc.",items 5.02,,,https://www.sec.gov/Archives/edgar/data/1824920/000119312526374694/0001193125-26-374694-index.htm,LOW
2026-08-28T22:17:54+00:00,8K,,"Polar Power, Inc.","items 1.01,5.02",,,https://www.sec.gov/Archives/edgar/data/1622345/000149315226040635/0001493152-26-040635-index.htm,LOW
2026-08-28T22:17:54+00:00,8K,,COFFEE HOLDING CO INC,items 5.02,,,https://www.sec.gov/Archives/edgar/data/1007019/000149315226040636/0001493152-26-040636-index.htm,LOW
2026-08-28T22:17:54+00:00,8K,,NextBoat Inc.,items 5.02,,,https://www.sec.gov/Archives/edgar/data/2067767/000149315226040630/0001493152-26-040630-index.htm,LOW
2026-08-28T22:17:55+00:00,8K,,SharonAI Holdings Inc.,items 5.02,,,https://www.sec.gov/Archives/edgar/data/2068385/000149315226040627/0001493152-26-040627-index.htm,LOW
2026-08-28T22:17:55+00:00,8K,,"Katapult Holdings, Inc.",items 1.01,,,https://www.sec.gov/Archives/edgar/data/1785424/000110465926103268/0001104659-26-103268-index.htm,LOW
2026-08-28T22:17:55+00:00,8K,,Real REMAX Group Inc.,items 5.02,,,https://www.sec.gov/Archives/edgar/data/2136387/000110465926103266/0001104659-26-103266-index.htm,LOW
2026-08-28T22:17:56+00:00,8K,,"Cornerstone Building Brands, Inc.",items 5.02,,,https://www.sec.gov/Archives/edgar/data/883902/000162828026059430/0001628280-26-059430-index.htm,LOW
2026-08-28T22:17:56+00:00,8K,,"Shuttle Pharmaceuticals Holdings, Inc.",items 3.01,,,https://www.sec.gov/Archives/edgar/data/1757499/000149315226040622/0001493152-26-040622-index.htm,HIGH
2026-08-28T22:17:57+00:00,8K,,BOEING CO,items 1.01,,,https://www.sec.gov/Archives/edgar/data/12927/000162828026059427/0001628280-26-059427-index.htm,LOW
2026-08-28T22:17:57+00:00,8K,,"GULF RESOURCES, INC.",items 3.01,,,https://www.sec.gov/Archives/edgar/data/885462/000119380526001155/0001193805-26-001155-index.htm,HIGH
2026-08-28T22:17:58+00:00,8K,,"FLYWHEEL ADVANCED TECHNOLOGY, INC.",items 5.02,,,https://www.sec.gov/Archives/edgar/data/1492617/000149315226040616/0001493152-26-040616-index.htm,LOW
2026-08-28T22:17:59+00:00,8K,,"Arq, Inc.",items 5.02,,,https://www.sec.gov/Archives/edgar/data/1515156/000151515626000121/0001515156-26-000121-index.htm,LOW
2026-08-28T22:17:59+00:00,8K,,"Vyome Holdings, Inc",items 5.02,,,https://www.sec.gov/Archives/edgar/data/1427570/000121390026095093/0001213900-26-095093-index.htm,LOW
2026-08-28T22:18:00+00:00,8K,,"Getty Images Holdings, Inc.",items 5.02,,,https://www.sec.gov/Archives/edgar/data/1898496/000121390026095091/0001213900-26-095091-index.htm,LOW
2026-08-28T22:18:00+00:00,8K,,SunPower Inc.,items 1.01,,,https://www.sec.gov/Archives/edgar/data/1838987/000121390026095088/0001213900-26-095088-index.htm,LOW
2026-08-28T22:18:01+00:00,8K,,Rainier Acquisition Corp,"items 1.01,5.02",,,https://www.sec.gov/Archives/edgar/data/2147219/000110465926103228/0001104659-26-103228-index.htm,LOW
2026-08-28T22:18:01+00:00,8K,,"Latch, Inc.",items 5.02,,,https://www.sec.gov/Archives/edgar/data/1826000/000182600026000054/0001826000-26-000054-index.htm,LOW
2026-08-28T22:18:02+00:00,8K,,"Asana, Inc.",items 5.02,,,https://www.sec.gov/Archives/edgar/data/1477720/000162828026059413/0001628280-26-059413-index.htm,LOW
2026-08-28T22:18:02+00:00,8K,,"GeoVax Labs, Inc.",items 3.01,,,https://www.sec.gov/Archives/edgar/data/832489/000143774926029184/0001437749-26-029184-index.htm,HIGH
2026-08-28T22:18:03+00:00,8K,,MCCORMICK & CO INC,items 5.02,,,https://www.sec.gov/Archives/edgar/data/63754/000006375426000305/0000063754-26-000305-index.htm,LOW
2026-08-28T22:18:04+00:00,8K,,"AZIO AI HOLDINGS, INC.","items 3.01,5.02",,,https://www.sec.gov/Archives/edgar/data/1563568/000143774926029183/0001437749-26-029183-index.htm,HIGH
2026-08-28T22:18:05+00:00,8K,,Karman Holdings Inc.,items 1.01,,,https://www.sec.gov/Archives/edgar/data/2040127/000119312526374378/0001193125-26-374378-index.htm,LOW
2026-08-28T22:18:05+00:00,8K,,CHOICE HOTELS INTERNATIONAL INC /DE,items 1.01,,,https://www.sec.gov/Archives/edgar/data/1046311/000119312526374377/0001193125-26-374377-index.htm,LOW
2026-08-28T22:18:05+00:00,8K,,"My Size, Inc.",items 3.01,,,https://www.sec.gov/Archives/edgar/data/1211805/000149315226040591/0001493152-26-040591-index.htm,HIGH
2026-08-28T22:18:06+00:00,8K,,HYCROFT MINING HOLDING CORP,items 5.02,,,https://www.sec.gov/Archives/edgar/data/1718405/000149315226040592/0001493152-26-040592-index.htm,LOW
2026-08-28T22:18:06+00:00,8K,,"BRC Group Holdings, Inc.",items 5.02,,,https://www.sec.gov/Archives/edgar/data/1464790/000121390026095052/0001213900-26-095052-index.htm,LOW
2026-08-28T22:18:06+00:00,8K,,Edwards Lifesciences Corp,items 5.02,,,https://www.sec.gov/Archives/edgar/data/1099800/000109980026000048/0001099800-26-000048-index.htm,LOW
2026-08-28T22:18:06+00:00,8K,,"PINTEREST, INC.",items 5.02,,,https://www.sec.gov/Archives/edgar/data/1506293/000150629326000117/0001506293-26-000117-index.htm,LOW
2026-08-28T22:18:07+00:00,8K,,LINDSAY CORP,items 5.02,,,https://www.sec.gov/Archives/edgar/data/836157/000119312526374348/0001193125-26-374348-index.htm,LOW
2026-08-28T22:18:08+00:00,8K,,"GeoVax Labs, Inc.",items 1.01,,,https://www.sec.gov/Archives/edgar/data/832489/000143774926029181/0001437749-26-029181-index.htm,LOW
2026-08-28T22:18:08+00:00,8K,,MOSAIC CO,items 2.04,,,https://www.sec.gov/Archives/edgar/data/1285785/000128578526000122/0001285785-26-000122-index.htm,HIGH
2026-08-28T22:18:09+00:00,8K,,PEABODY ENERGY CORP,items 5.02,,,https://www.sec.gov/Archives/edgar/data/1064728/000106472826000059/0001064728-26-000059-index.htm,LOW
2026-08-28T22:18:09+00:00,8K,,POOL CORP,items 1.01,,,https://www.sec.gov/Archives/edgar/data/945841/000119312526374331/0001193125-26-374331-index.htm,LOW
2026-08-28T22:18:09+00:00,8K,,"PTC THERAPEUTICS, INC.",items 1.01,,,https://www.sec.gov/Archives/edgar/data/1070081/000107008126000019/0001070081-26-000019-index.htm,LOW
2026-08-28T22:18:10+00:00,8K,,"SANGAMO THERAPEUTICS, INC","items 1.01,1.03",,,https://www.sec.gov/Archives/edgar/data/1001233/000119312526374328/0001193125-26-374328-index.htm,HIGH
2026-08-28T22:18:11+00:00,8K,,"HERTZ GLOBAL HOLDINGS, INC",items 1.01,,,https://www.sec.gov/Archives/edgar/data/1657853/000165785326000054/0001657853-26-000054-index.htm,LOW
2026-08-28T22:18:11+00:00,8K,,"Volato Group, Inc.",items 1.01,,,https://www.sec.gov/Archives/edgar/data/1853070/000149315226040581/0001493152-26-040581-index.htm,LOW
2026-08-28T22:18:11+00:00,8K,,BranchOut Food Inc.,items 1.01,,,https://www.sec.gov/Archives/edgar/data/1962481/000149315226040578/0001493152-26-040578-index.htm,LOW
2026-08-28T22:18:11+00:00,8K,,"JUPITER NEUROSCIENCES, INC.",items 3.01,,,https://www.sec.gov/Archives/edgar/data/1679628/000149315226040577/0001493152-26-040577-index.htm,HIGH
2026-08-28T22:18:12+00:00,8K,,Sunshine Biopharma Inc.,items 5.02,,,https://www.sec.gov/Archives/edgar/data/1402328/000168316826006777/0001683168-26-006777-index.htm,LOW
2026-08-28T22:18:12+00:00,8K,,"Outset Medical, Inc.",items 5.02,,,https://www.sec.gov/Archives/edgar/data/1484612/000119312526374323/0001193125-26-374323-index.htm,LOW
2026-08-28T22:18:13+00:00,8K,,"Lucid Group, Inc.",items 5.02,,,https://www.sec.gov/Archives/edgar/data/1811210/000162828026059385/0001628280-26-059385-index.htm,LOW
2026-08-28T22:18:13+00:00,LATE_FILING,,Blue Chip Capital Group Inc.,NT 10-K,,,https://www.sec.gov/Archives/edgar/data/1932213/000149315226040538/0001493152-26-040538-index.htm,HIGH
2026-08-28T22:18:13+00:00,LATE_FILING,,Karbon-X Corp.,NT 10-K,,,https://www.sec.gov/Archives/edgar/data/1729637/000147793226005311/0001477932-26-005311-index.htm,HIGH
2026-08-28T22:18:14+00:00,LATE_FILING,,"CXJ GROUP CO., Ltd",NT 10-K,,,https://www.sec.gov/Archives/edgar/data/1823635/000149315226040484/0001493152-26-040484-index.htm,HIGH
2026-08-28T22:18:20+00:00,INSIDER_BUY,ATTO,"Attovia Therapeutics, Inc.",WALSH COLIN $10.29M,10285000,23,https://www.sec.gov/Archives/edgar/data/2058707/000186617426000011/0001866174-26-000011-index.htm,MEDIUM
2026-08-28T22:18:22+00:00,INSIDER_CLUSTER,ATTO,"Attovia Therapeutics, Inc.",GOLDMAN SACHS GROUP INC $10.29M,10285000,23,https://www.sec.gov/Archives/edgar/data/2148331/000088698226000522/0000886982-26-000522-index.htm,HIGH
2026-08-28T22:18:23+00:00,INSIDER_BUY,RNAQ,Rainier Acquisition Corp,GROSSMAN JONAS $1.94M,1943750,0,https://www.sec.gov/Archives/edgar/data/2152033/000110465926103344/0001104659-26-103344-index.htm,MEDIUM
2026-08-28T22:25:53+00:00,FORM_144,,"Hinge Health, Inc.",proposed sale $6.03M,6027030,,https://www.sec.gov/Archives/edgar/data/1897385/000197407826000336/0001974078-26-000336-index.htm,MEDIUM
2026-08-28T22:25:54+00:00,FORM_144,,"Paycom Software, Inc.",proposed sale $668K,667979,,https://www.sec.gov/Archives/edgar/data/2082976/000119312526374865/0001193125-26-374865-index.htm,LOW
2026-08-28T22:25:55+00:00,FORM_144,,"Attovia Therapeutics, Inc.",proposed sale $2.22M,2221947,,https://www.sec.gov/Archives/edgar/data/2058707/000089183626000065/0000891836-26-000065-index.htm,LOW
2026-08-28T22:25:55+00:00,FORM_144,,TFS FINANCIAL CORPORATION,proposed sale $11K,10801,,https://www.sec.gov/Archives/edgar/data/1530997/000195004726008834/0001950047-26-008834-index.htm,LOW
2026-08-28T22:25:55+00:00,8K,,"SeeQC, Inc.",items 1.02,,,https://www.sec.gov/Archives/edgar/data/1779977/000121390026095141/0001213900-26-095141-index.htm,LOW
2026-08-28T22:42:22+00:00,INSIDER_CLUSTER,BATL,BATTALION OIL CORP,ROGERS WILLIAM D $91K,91168,2,https://www.sec.gov/Archives/edgar/data/1327420/000110465926103372/0001104659-26-103372-index.htm,HIGH
2026-08-28T23:22:22+00:00,FORM_144,,GLOBAL INDUSTRIAL Co,proposed sale $68K,68270,,https://www.sec.gov/Archives/edgar/data/1842801/000143774926029219/0001437749-26-029219-index.htm,LOW
2026-08-28T23:53:56+00:00,FORM_144,,General Dynamics Corporation,proposed sale $1.30B,1297465605,,https://www.sec.gov/Archives/edgar/data/1086477/000119312526375000/0001193125-26-375000-index.htm,MEDIUM
2026-08-29T00:10:38+00:00,FORM_144,,Aura Minerals Inc.,proposed sale $1.90M,1896480,,https://www.sec.gov/Archives/edgar/data/2126752/000212675226000012/0002126752-26-000012-index.htm,LOW
2026-08-29T00:10:39+00:00,FORM_144,,Aura Minerals Inc.,proposed sale $174K,173915,,https://www.sec.gov/Archives/edgar/data/2137613/000213761326000004/0002137613-26-000004-index.htm,LOW
2026-08-29T00:10:39+00:00,FORM_144,,Aura Minerals Inc.,proposed sale $689K,688891,,https://www.sec.gov/Archives/edgar/data/2126753/000212675326000010/0002126753-26-000010-index.htm,LOW
2026-08-29T00:10:39+00:00,FORM_144,,Aura Minerals Inc.,proposed sale $110K,110348,,https://www.sec.gov/Archives/edgar/data/2126754/000212675426000006/0002126754-26-000006-index.htm,LOW
2026-08-29T00:10:40+00:00,FORM_144,,Aura Minerals Inc.,proposed sale $692K,692444,,https://www.sec.gov/Archives/edgar/data/2126755/000212675526000009/0002126755-26-000009-index.htm,LOW
2026-08-29T00:10:40+00:00,FORM_144,,Aura Minerals Inc.,proposed sale $3K,3105,,https://www.sec.gov/Archives/edgar/data/2126756/000212675626000005/0002126756-26-000005-index.htm,LOW
2026-08-29T00:19:43+00:00,FORM_144,,Aura Minerals Inc.,proposed sale $2K,1510,,https://www.sec.gov/Archives/edgar/data/2126748/000212674826000007/0002126748-26-000007-index.htm,LOW
2026-08-29T00:19:43+00:00,FORM_144,,Aura Minerals Inc.,proposed sale $59K,58867,,https://www.sec.gov/Archives/edgar/data/2135154/000213515426000006/0002135154-26-000006-index.htm,LOW
2026-08-29T00:19:44+00:00,FORM_144,,Aura Minerals Inc.,proposed sale $268K,267560,,https://www.sec.gov/Archives/edgar/data/2126751/000212675126000007/0002126751-26-000007-index.htm,LOW
2026-08-29T00:26:19+00:00,FORM_144,,Aura Minerals Inc.,proposed sale $1.70M,1702616,,https://www.sec.gov/Archives/edgar/data/2126744/000212674426000006/0002126744-26-000006-index.htm,LOW
2026-08-29T00:35:06+00:00,FORM_144,,Aura Minerals Inc.,proposed sale $227K,227458,,https://www.sec.gov/Archives/edgar/data/2135137/000213513726000013/0002135137-26-000013-index.htm,LOW
2026-08-29T00:35:06+00:00,FORM_144,,Aura Minerals Inc.,proposed sale $739K,739133,,https://www.sec.gov/Archives/edgar/data/2135147/000213514726000009/0002135147-26-000009-index.htm,LOW
2026-08-29T00:42:14+00:00,FORM_144,,Aura Minerals Inc.,proposed sale $83K,83006,,https://www.sec.gov/Archives/edgar/data/2135151/000213515126000006/0002135151-26-000006-index.htm,LOW
2026-08-29T00:42:14+00:00,FORM_144,,Aura Minerals Inc.,proposed sale $1.63M,1634904,,https://www.sec.gov/Archives/edgar/data/2135135/000213513526000009/0002135135-26-000009-index.htm,LOW
2026-08-29T01:06:16+00:00,INSIDER_CLUSTER,BIVI,BIOVIE INC.,Chappell Amy Suzon $2K,1570,0,https://www.sec.gov/Archives/edgar/data/2090156/000152013826000382/0001520138-26-000382-index.htm,HIGH
2026-08-29T01:06:17+00:00,INSIDER_CLUSTER,BIVI,BIOVIE INC.,KIM JOANNE WENDY $5K,5450,0,https://www.sec.gov/Archives/edgar/data/1771317/000152013826000379/0001520138-26-000379-index.htm,HIGH
2026-08-29T01:06:18+00:00,INSIDER_CLUSTER,BIVI,BIOVIE INC.,DO CUONG V $32K,31636,1,https://www.sec.gov/Archives/edgar/data/1580149/000152013826000378/0001520138-26-000378-index.htm,HIGH
2026-08-31T11:09:00+00:00,INSIDER_CLUSTER,SHMD,SCHMID Group N.V.,Schuetz Arthur Josef Hermann $49K,49096,7308,https://www.sec.gov/Archives/edgar/data/2125667/000212566726000003/0002125667-26-000003-index.htm,HIGH
2026-08-31T11:09:09+00:00,FORM_144,,International General Insurance Holdings Ltd.,proposed sale $1.05M,1050000,,https://www.sec.gov/Archives/edgar/data/1808127/000110465926103539/0001104659-26-103539-index.htm,LOW
2026-08-31T11:09:10+00:00,FORM_144,,Allot Ltd.,proposed sale $32K,31720,,https://www.sec.gov/Archives/edgar/data/2103955/000197640826000786/0001976408-26-000786-index.htm,LOW
2026-08-31T11:09:10+00:00,FORM_144,,Autohome Inc.,proposed sale $9K,8949,,https://www.sec.gov/Archives/edgar/data/2110868/000197337926000315/0001973379-26-000315-index.htm,LOW
2026-08-31T11:09:10+00:00,FORM_144,,Autohome Inc.,proposed sale $37K,37372,,https://www.sec.gov/Archives/edgar/data/2111933/000197337926000314/0001973379-26-000314-index.htm,LOW
2026-08-31T11:09:11+00:00,FORM_144,,Autohome Inc.,proposed sale $136K,135610,,https://www.sec.gov/Archives/edgar/data/2117458/000197337926000313/0001973379-26-000313-index.htm,LOW
2026-08-31T11:09:11+00:00,FORM_144,,"Youdao, Inc.",proposed sale $353K,352946,,https://www.sec.gov/Archives/edgar/data/1781753/000197337926000312/0001973379-26-000312-index.htm,LOW
2026-08-31T11:09:11+00:00,8K,,"TELA Bio, Inc.",items 5.02,,,https://www.sec.gov/Archives/edgar/data/1561921/000110465926103548/0001104659-26-103548-index.htm,LOW
2026-08-31T11:09:12+00:00,8K,,HERBALIFE LTD.,items 5.02,,,https://www.sec.gov/Archives/edgar/data/1180262/000121390026095328/0001213900-26-095328-index.htm,LOW
2026-08-31T11:09:13+00:00,8K,,Aon plc,items 1.01,,,https://www.sec.gov/Archives/edgar/data/315293/000119312526375328/0001193125-26-375328-index.htm,LOW
2026-08-31T11:09:13+00:00,8K,,"Ranger Energy Services, Inc.",items 1.01,,,https://www.sec.gov/Archives/edgar/data/1699039/000162828026059460/0001628280-26-059460-index.htm,LOW
2026-08-31T11:09:13+00:00,8K,,"Zedge, Inc.",items 5.02,,,https://www.sec.gov/Archives/edgar/data/1667313/000121390026095319/0001213900-26-095319-index.htm,LOW
2026-08-31T11:09:13+00:00,8K,,Northann Corp.,"items 3.01,4.01",,,https://www.sec.gov/Archives/edgar/data/1923780/000157587226000629/0001575872-26-000629-index.htm,HIGH
2026-08-31T11:09:14+00:00,8K,,GameStop Corp.,items 1.01,,,https://www.sec.gov/Archives/edgar/data/1326380/000132638026000046/0001326380-26-000046-index.htm,LOW
2026-08-31T11:09:15+00:00,8K,,JATT III Acquisition Corp,"items 1.01,5.02",,,https://www.sec.gov/Archives/edgar/data/2145659/000121390026095299/0001213900-26-095299-index.htm,LOW
2026-08-31T11:09:15+00:00,8K,,WASTE ENERGY CORP.,items 5.02,,,https://www.sec.gov/Archives/edgar/data/1515139/000149315226040683/0001493152-26-040683-index.htm,LOW
2026-08-31T11:09:15+00:00,8K,,BIOMARIN PHARMACEUTICAL INC,items 1.01,,,https://www.sec.gov/Archives/edgar/data/1048477/000119312526375275/0001193125-26-375275-index.htm,LOW
2026-08-31T11:09:15+00:00,8K,,Breeze Acquisition Corp. II,items 4.02,,,https://www.sec.gov/Archives/edgar/data/2095443/000121390026095265/0001213900-26-095265-index.htm,HIGH
2026-08-31T11:09:16+00:00,8K,,Trilogy Metals Inc.,items 1.01,,,https://www.sec.gov/Archives/edgar/data/1543418/000127956926000836/0001279569-26-000836-index.htm,LOW
2026-08-31T11:09:16+00:00,8K,,DECKERS OUTDOOR CORP,items 1.01,,,https://www.sec.gov/Archives/edgar/data/910521/000091052126000024/0000910521-26-000024-index.htm,LOW
2026-08-31T11:09:16+00:00,8K,,"Sweetgreen, Inc.",items 5.02,,,https://www.sec.gov/Archives/edgar/data/1477815/000162828026059445/0001628280-26-059445-index.htm,LOW
2026-08-31T11:17:00+00:00,FORM_144,,Clean Energy Fuels Corp.,proposed sale $17.21M,17206747,,https://www.sec.gov/Archives/edgar/data/1743086/000110465926103552/0001104659-26-103552-index.htm,MEDIUM
2026-08-31T11:25:52+00:00,FORM_144,,RISKIFIED LTD.,proposed sale $3.15M,3155000,,https://www.sec.gov/Archives/edgar/data/1851112/000197640826000789/0001976408-26-000789-index.htm,LOW
2026-08-31T11:34:42+00:00,8K,,"FirstCash Holdings, Inc.",items 1.01,,,https://www.sec.gov/Archives/edgar/data/840489/000110465926103556/0001104659-26-103556-index.htm,LOW
2026-08-31T11:49:58+00:00,8K,,"CIVISTA BANCSHARES, INC.",items 5.02,,,https://www.sec.gov/Archives/edgar/data/944745/000119312526375432/0001193125-26-375432-index.htm,LOW
2026-08-31T12:07:34+00:00,8K,,"Expion Energy, Inc.",items 5.02,,,https://www.sec.gov/Archives/edgar/data/1894954/000190359626000334/0001903596-26-000334-index.htm,LOW
2026-08-31T12:07:34+00:00,8K,,Prairie Operating Co.,items 1.01,,,https://www.sec.gov/Archives/edgar/data/1162896/000114036126034938/0001140361-26-034938-index.htm,LOW
2026-08-31T12:07:35+00:00,8K,,Ocean Capital Acquisition Corp,items 4.01,,,https://www.sec.gov/Archives/edgar/data/1926314/000149315226040735/0001493152-26-040735-index.htm,HIGH
2026-08-31T12:07:36+00:00,8K,,COHERENT CORP.,items 5.02,,,https://www.sec.gov/Archives/edgar/data/820318/000119312526375462/0001193125-26-375462-index.htm,LOW
2026-08-31T12:24:27+00:00,8K,,"Innventure, Inc.",items 5.02,,,https://www.sec.gov/Archives/edgar/data/2001557/000200155726000160/0002001557-26-000160-index.htm,LOW
2026-08-31T12:40:59+00:00,8K,,"Datacentrex, Inc.",items 1.01,,,https://www.sec.gov/Archives/edgar/data/1853825/000149315226040739/0001493152-26-040739-index.htm,LOW
2026-08-31T12:56:21+00:00,8K,,"Profusa, Inc.",items 3.01,,,https://www.sec.gov/Archives/edgar/data/1859807/000121390026095405/0001213900-26-095405-index.htm,HIGH
2026-08-31T13:05:04+00:00,8K,,"FingerMotion, Inc.",items 1.01,,,https://www.sec.gov/Archives/edgar/data/1602409/000149315226040744/0001493152-26-040744-index.htm,LOW
2026-08-31T13:13:20+00:00,8K,,ALBANY INTERNATIONAL CORP /DE/,items 5.02,,,https://www.sec.gov/Archives/edgar/data/819793/000162828026059478/0001628280-26-059478-index.htm,LOW
2026-08-31T13:13:20+00:00,8K,,CHOICE HOTELS INTERNATIONAL INC /DE,items 5.02,,,https://www.sec.gov/Archives/edgar/data/1046311/000119312526375580/0001193125-26-375580-index.htm,LOW
2026-08-31T14:18:41+00:00,FORM_144,,"Fastly, Inc.",proposed sale $69K,69000,,https://www.sec.gov/Archives/edgar/data/1517413/000195917326006533/0001959173-26-006533-index.htm,LOW
2026-08-31T14:18:41+00:00,8K,,Energy & Water Development Corp,items 5.02,,,https://www.sec.gov/Archives/edgar/data/1563298/000107997326001200/0001079973-26-001200-index.htm,LOW
2026-08-31T14:35:06+00:00,FORM_144,,ATI INC,proposed sale $3.47M,3465165,,https://www.sec.gov/Archives/edgar/data/1776844/000195917326006534/0001959173-26-006534-index.htm,LOW
2026-08-31T14:35:06+00:00,LATE_FILING,,"WEWARDS, INC.",NT 10-K,,,https://www.sec.gov/Archives/edgar/data/1616156/000107997326001202/0001079973-26-001202-index.htm,HIGH
2026-08-31T14:43:56+00:00,FORM_144,,JETBLUE AIRWAYS CORP,proposed sale $9K,9420,,https://www.sec.gov/Archives/edgar/data/1858380/000195917326006535/0001959173-26-006535-index.htm,LOW
2026-08-31T14:58:51+00:00,FORM_144,,Nebius Group N.V.,proposed sale $91K,90900,,https://www.sec.gov/Archives/edgar/data/2091046/000197337926000316/0001973379-26-000316-index.htm,LOW
2026-08-31T15:15:42+00:00,FORM_144,,"Qorvo, Inc.",proposed sale $784K,784223,,https://www.sec.gov/Archives/edgar/data/1940850/000195917326006536/0001959173-26-006536-index.htm,LOW
2026-08-31T15:15:42+00:00,LATE_FILING,,"Transglobal Management Group, Inc.",NT 10-K,,,https://www.sec.gov/Archives/edgar/data/1434601/000168316826006820/0001683168-26-006820-index.htm,HIGH
2026-08-31T15:40:09+00:00,FORM_144,,THERMO FISHER SCIENTIFIC INC.,proposed sale $2.54M,2539232,,https://www.sec.gov/Archives/edgar/data/1844600/000195917326006539/0001959173-26-006539-index.htm,LOW
2026-08-31T15:40:09+00:00,FORM_144,,HALLIBURTON CO,proposed sale $929K,929137,,https://www.sec.gov/Archives/edgar/data/1673421/000195917326006538/0001959173-26-006538-index.htm,LOW
2026-08-31T15:40:10+00:00,FORM_144,,LAM RESEARCH CORP,proposed sale $1.51M,1512300,,https://www.sec.gov/Archives/edgar/data/1642415/000195917326006537/0001959173-26-006537-index.htm,LOW
2026-08-31T15:40:10+00:00,FORM_144,,"CoreCivic, Inc.",proposed sale $418K,417625,,https://www.sec.gov/Archives/edgar/data/1746033/000199652726000009/0001996527-26-000009-index.htm,LOW
2026-08-31T15:49:09+00:00,FORM_144,,SLB LIMITED/NV,proposed sale $300K,300000,,https://www.sec.gov/Archives/edgar/data/1497824/000195917326006540/0001959173-26-006540-index.htm,LOW
2026-08-31T16:05:19+00:00,FORM_144,,"ALEXANDRIA REAL ESTATE EQUITIES, INC.",proposed sale $509K,509340,,https://www.sec.gov/Archives/edgar/data/1378406/000195917326006542/0001959173-26-006542-index.htm,LOW
2026-08-31T16:05:19+00:00,FORM_144,,J M SMUCKER Co,proposed sale $335K,335451,,https://www.sec.gov/Archives/edgar/data/2110430/000195917326006541/0001959173-26-006541-index.htm,LOW
2026-08-31T16:46:00+00:00,FORM_144,,Encompass Health Corporation,proposed sale $588K,588255,,https://www.sec.gov/Archives/edgar/data/1664699/000196922326000967/0001969223-26-000967-index.htm,LOW
2026-08-31T16:53:46+00:00,FORM_144,,Roblox,proposed sale $23K,22828,,https://www.sec.gov/Archives/edgar/data/1490754/000195917326006543/0001959173-26-006543-index.htm,LOW
2026-08-31T17:10:06+00:00,FORM_144,,"Newegg Commerce, Inc.",proposed sale $658K,658213,,https://www.sec.gov/Archives/edgar/data/2114022/000149315226040780/0001493152-26-040780-index.htm,LOW
2026-08-31T17:27:08+00:00,8K,,AMERICAN REBEL HOLDINGS INC,items 1.01,,,https://www.sec.gov/Archives/edgar/data/1648087/000149315226040784/0001493152-26-040784-index.htm,LOW
2026-08-31T17:58:49+00:00,8K,,Carvana Auto Receivables Trust 2026-P3,items 1.01,,,https://www.sec.gov/Archives/edgar/data/1999511/000177037326000048/0001770373-26-000048-index.htm,LOW
2026-08-31T18:15:17+00:00,8K,,Exeter Automobile Receivables Trust 2026-4,items 1.01,,,https://www.sec.gov/Archives/edgar/data/2150254/000092963826003359/0000929638-26-003359-index.htm,LOW
2026-08-31T18:24:15+00:00,FORM_144,,STATE STREET CORP,proposed sale $96K,96057,,https://www.sec.gov/Archives/edgar/data/1716132/000195917326006545/0001959173-26-006545-index.htm,LOW
2026-08-31T18:24:15+00:00,FORM_144,,WESTERN DIGITAL CORP,proposed sale $4.48M,4478500,,https://www.sec.gov/Archives/edgar/data/1021762/000195917326006544/0001959173-26-006544-index.htm,LOW
2026-08-31T18:39:36+00:00,FORM_144,,"Airbnb, Inc.",proposed sale $2.55M,2549635,,https://www.sec.gov/Archives/edgar/data/1834147/000195917326006546/0001959173-26-006546-index.htm,LOW
2026-08-31T19:05:24+00:00,LATE_FILING,,CANNABIS SUISSE CORP.,NT 10-K,,,https://www.sec.gov/Archives/edgar/data/1680132/000168013226000008/0001680132-26-000008-index.htm,HIGH
2026-08-31T19:12:29+00:00,FORM_144,,Jazz Pharmaceuticals plc,proposed sale $613K,612817,,https://www.sec.gov/Archives/edgar/data/1232524/000119321026000023/0001193210-26-000023-index.htm,LOW
2026-08-31T19:28:13+00:00,FORM_144,,Jazz Pharmaceuticals plc,proposed sale $858K,857602,,https://www.sec.gov/Archives/edgar/data/1576068/000157606826000006/0001576068-26-000006-index.htm,LOW
2026-08-31T19:36:31+00:00,LATE_FILING,,PREAXIA HEALTH CARE PAYMENT SYSTEMS INC.,NT 10-K,,,https://www.sec.gov/Archives/edgar/data/1350156/000135015626000003/0001350156-26-000003-index.htm,HIGH
2026-08-31T19:36:32+00:00,LATE_FILING,,Londax Corp.,NT 10-K,,,https://www.sec.gov/Archives/edgar/data/1985554/000168316826006829/0001683168-26-006829-index.htm,HIGH
2026-08-31T19:45:20+00:00,FORM_144,,Jazz Pharmaceuticals plc,proposed sale $858K,857602,,https://www.sec.gov/Archives/edgar/data/1751804/000175180426000003/0001751804-26-000003-index.htm,LOW
2026-08-31T19:45:21+00:00,FORM_144,,Jazz Pharmaceuticals plc,proposed sale $858K,857602,,https://www.sec.gov/Archives/edgar/data/1754371/000175437126000005/0001754371-26-000005-index.htm,LOW
2026-08-31T19:45:21+00:00,8K,,"Tenon Medical, Inc.",items 1.01,,,https://www.sec.gov/Archives/edgar/data/1560293/000121390026095686/0001213900-26-095686-index.htm,LOW
2026-08-31T19:53:14+00:00,FORM_144,,Jazz Pharmaceuticals plc,proposed sale $942K,941968,,https://www.sec.gov/Archives/edgar/data/1989533/000198953326000013/0001989533-26-000013-index.htm,LOW
2026-08-31T19:53:14+00:00,8K,,BUCKLE INC,items 5.02,,,https://www.sec.gov/Archives/edgar/data/885245/000088524526000035/0000885245-26-000035-index.htm,LOW
2026-08-31T19:53:14+00:00,LATE_FILING,,"Longevity Diversified Holdings, Inc.",NT 10-K,,,https://www.sec.gov/Archives/edgar/data/787496/000182912626009540/0001829126-26-009540-index.htm,HIGH
2026-08-31T20:09:52+00:00,INSIDER_BUY,PETZ,"TDH Holdings, Inc.",Liu Dandan $3.56M,3563630,4,https://www.sec.gov/Archives/edgar/data/1766147/000121390026095705/0001213900-26-095705-index.htm,MEDIUM
2026-08-31T20:10:03+00:00,FORM_144,,"CNO FINANCIAL GROUP, INC.",proposed sale $361K,360715,,https://www.sec.gov/Archives/edgar/data/1960364/000195004726008850/0001950047-26-008850-index.htm,LOW
2026-08-31T20:10:04+00:00,FORM_144,,STANDEX INTERNATIONAL CORP/DE/,proposed sale $3.86M,3856190,,https://www.sec.gov/Archives/edgar/data/1595316/000196922326000970/0001969223-26-000970-index.htm,LOW
2026-08-31T20:10:24+00:00,FORM_144,,FENNEC PHARMACEUTICALS INC.,proposed sale $146K,146169,,https://www.sec.gov/Archives/edgar/data/2043395/000195004726008849/0001950047-26-008849-index.htm,LOW
2026-08-31T20:10:24+00:00,FORM_144,,"PDF SOLUTIONS, INC.",proposed sale $151K,150731,,https://www.sec.gov/Archives/edgar/data/1892306/000195004726008848/0001950047-26-008848-index.htm,LOW
2026-08-31T20:10:25+00:00,FORM_144,,VIAVI SOLUTIONS INC.,proposed sale $870K,869583,,https://www.sec.gov/Archives/edgar/data/1556374/000195004726008847/0001950047-26-008847-index.htm,LOW
2026-08-31T20:10:25+00:00,FORM_144,,VIAVI SOLUTIONS INC.,proposed sale $2.04M,2042488,,https://www.sec.gov/Archives/edgar/data/1446964/000195004726008846/0001950047-26-008846-index.htm,LOW
2026-08-31T20:10:26+00:00,FORM_144,,"FIGMA, INC.",proposed sale $2.44M,2440319,,https://www.sec.gov/Archives/edgar/data/2051424/000195004726008845/0001950047-26-008845-index.htm,LOW
2026-08-31T20:10:34+00:00,FORM_144,,Joint Stock Co Kaspi.kz,proposed sale $204.03M,204032507,,https://www.sec.gov/Archives/edgar/data/2029485/000196922326000969/0001969223-26-000969-index.htm,MEDIUM
2026-08-31T20:10:35+00:00,FORM_144,,"GUIDEWIRE SOFTWARE, INC.",proposed sale $245K,245328,,https://www.sec.gov/Archives/edgar/data/1784996/000195004726008844/0001950047-26-008844-index.htm,LOW
2026-08-31T20:10:35+00:00,FORM_144,,"HASBRO, INC.",proposed sale $476K,476369,,https://www.sec.gov/Archives/edgar/data/2033228/000195004726008843/0001950047-26-008843-index.htm,LOW
2026-08-31T20:10:37+00:00,FORM_144,,GLOBAL INDUSTRIAL COMPANY,proposed sale $189K,189224,,https://www.sec.gov/Archives/edgar/data/1842801/000195004726008842/0001950047-26-008842-index.htm,LOW
2026-08-31T20:10:38+00:00,FORM_144,,LUMENTUM HOLDINGS INC.,proposed sale $448K,447500,,https://www.sec.gov/Archives/edgar/data/1633978/000195004726008841/0001950047-26-008841-index.htm,LOW
2026-08-31T20:10:48+00:00,FORM_144,,MATTEL INC /DE/,proposed sale $587K,586912,,https://www.sec.gov/Archives/edgar/data/1767603/000195917326006548/0001959173-26-006548-index.htm,LOW
2026-08-31T20:10:57+00:00,FORM_144,,PEGASYSTEMS INC.,proposed sale $37K,36938,,https://www.sec.gov/Archives/edgar/data/1353196/000195004726008840/0001950047-26-008840-index.htm,LOW
2026-08-31T20:10:57+00:00,FORM_144,,"OCULAR THERAPEUTIX, INC.",proposed sale $11K,11251,,https://www.sec.gov/Archives/edgar/data/1718019/000195004726008839/0001950047-26-008839-index.htm,LOW
2026-08-31T20:10:58+00:00,FORM_144,,Xometry Inc.,proposed sale $476K,476150,,https://www.sec.gov/Archives/edgar/data/1657573/000196922326000968/0001969223-26-000968-index.htm,LOW
2026-08-31T20:10:58+00:00,FORM_144,,"ServiceNow, Inc.",proposed sale $301K,300777,,https://www.sec.gov/Archives/edgar/data/1667422/000195917326006547/0001959173-26-006547-index.htm,LOW
2026-08-31T20:10:58+00:00,8K,,"Rapid7, Inc.",items 5.02,,,https://www.sec.gov/Archives/edgar/data/1560327/000156032726000046/0001560327-26-000046-index.htm,LOW
2026-08-31T20:10:59+00:00,8K,,"RCM TECHNOLOGIES, INC.",items 5.02,,,https://www.sec.gov/Archives/edgar/data/700841/000092963826003386/0000929638-26-003386-index.htm,LOW
2026-08-31T20:10:59+00:00,8K,,GREENBRIER COMPANIES INC,items 5.02,,,https://www.sec.gov/Archives/edgar/data/923120/000119312526376734/0001193125-26-376734-index.htm,LOW
2026-08-31T20:10:59+00:00,8K,,IX Acquisition Corp.,items 1.01,,,https://www.sec.gov/Archives/edgar/data/1852019/000110465926103875/0001104659-26-103875-index.htm,LOW
2026-08-31T20:10:59+00:00,8K,,"QT IMAGING HOLDINGS, INC.",items 5.02,,,https://www.sec.gov/Archives/edgar/data/1844505/000162828026059577/0001628280-26-059577-index.htm,LOW
2026-08-31T20:11:00+00:00,8K,,Cohen & Co Inc.,"items 1.01,1.02",,,https://www.sec.gov/Archives/edgar/data/1270436/000110465926103870/0001104659-26-103870-index.htm,LOW
2026-08-31T20:11:00+00:00,8K,,ALIGN TECHNOLOGY INC,items 5.02,,,https://www.sec.gov/Archives/edgar/data/1097149/000109714926000065/0001097149-26-000065-index.htm,LOW
2026-08-31T20:11:01+00:00,8K,,MYERS INDUSTRIES INC,items 1.01,,,https://www.sec.gov/Archives/edgar/data/69488/000119312526376721/0001193125-26-376721-index.htm,LOW
2026-08-31T20:11:01+00:00,8K,,Cambium Networks Corp,items 3.01,,,https://www.sec.gov/Archives/edgar/data/1738177/000119312526376720/0001193125-26-376720-index.htm,HIGH
2026-08-31T20:11:02+00:00,8K,,"Camping World Holdings, Inc.",items 1.01,,,https://www.sec.gov/Archives/edgar/data/1669779/000110465926103869/0001104659-26-103869-index.htm,LOW
2026-08-31T20:11:02+00:00,8K,,"WORTHINGTON ENTERPRISES, INC.",items 1.01,,,https://www.sec.gov/Archives/edgar/data/108516/000119312526376705/0001193125-26-376705-index.htm,LOW
2026-08-31T20:11:02+00:00,8K,,"Grove Collaborative Holdings, Inc.",items 5.02,,,https://www.sec.gov/Archives/edgar/data/1841761/000184176126000086/0001841761-26-000086-index.htm,LOW
2026-08-31T20:17:05+00:00,INSIDER_CLUSTER,VRXA,Veraxa Biotech AG - Post de-SPAC,Antz Christoph Rudiger $8K,7650,4,https://www.sec.gov/Archives/edgar/data/2123284/000182912626009543/0001829126-26-009543-index.htm,HIGH
2026-08-31T20:17:21+00:00,FORM_144,,NVIDIA CORP,proposed sale $6.54M,6536514,,https://www.sec.gov/Archives/edgar/data/1696841/000192109426000969/0001921094-26-000969-index.htm,MEDIUM
2026-08-31T20:17:22+00:00,FORM_144,,Jazz Pharmaceuticals plc,proposed sale $858K,857602,,https://www.sec.gov/Archives/edgar/data/1756253/000175625326000007/0001756253-26-000007-index.htm,LOW
2026-08-31T20:17:23+00:00,FORM_144,,"ICU MEDICAL, INC.",proposed sale $1.61M,1608142,,https://www.sec.gov/Archives/edgar/data/1804831/000195004726008855/0001950047-26-008855-index.htm,LOW
2026-08-31T20:17:23+00:00,FORM_144,,"Verisk Analytics, Inc.",proposed sale $2.39M,2387471,,https://www.sec.gov/Archives/edgar/data/1803783/000196430626000415/0001964306-26-000415-index.htm,LOW
2026-08-31T20:17:23+00:00,FORM_144,,LivaNova PLC,proposed sale $132K,131538,,https://www.sec.gov/Archives/edgar/data/1656080/000196430626000414/0001964306-26-000414-index.htm,LOW
2026-08-31T20:17:23+00:00,FORM_144,,"Stitch Fix, Inc.",proposed sale $217K,216827,,https://www.sec.gov/Archives/edgar/data/2004694/000192109426000968/0001921094-26-000968-index.htm,LOW
2026-08-31T20:17:24+00:00,FORM_144,,"BLOCK, INC.",proposed sale $495K,495480,,https://www.sec.gov/Archives/edgar/data/1933928/000195004726008854/0001950047-26-008854-index.htm,LOW
2026-08-31T20:17:24+00:00,FORM_144,,"Direct Digital Holdings, Inc.",proposed sale $24K,23600,,https://www.sec.gov/Archives/edgar/data/1896664/000165495426007980/0001654954-26-007980-index.htm,LOW
2026-08-31T20:17:24+00:00,FORM_144,,VISA INC.,proposed sale $773K,773377,,https://www.sec.gov/Archives/edgar/data/1887192/000196430626000413/0001964306-26-000413-index.htm,LOW
2026-08-31T20:17:25+00:00,FORM_144,,PHINIA INC.,proposed sale $1.91M,1905453,,https://www.sec.gov/Archives/edgar/data/1968915/000195917326006550/0001959173-26-006550-index.htm,LOW
2026-08-31T20:17:25+00:00,FORM_144,,"Editas Medicine, Inc.",proposed sale $17K,16728,,https://www.sec.gov/Archives/edgar/data/1742084/000165066426000087/0001650664-26-000087-index.htm,LOW
2026-08-31T20:17:26+00:00,FORM_144,,"ROCKWELL AUTOMATION, INC",proposed sale $199K,199390,,https://www.sec.gov/Archives/edgar/data/2016350/000192109426000967/0001921094-26-000967-index.htm,LOW
2026-08-31T20:17:26+00:00,FORM_144,,QUALCOMM INCORPORATED,proposed sale $35K,35360,,https://www.sec.gov/Archives/edgar/data/2081650/000195004726008853/0001950047-26-008853-index.htm,LOW
2026-08-31T20:17:26+00:00,FORM_144,,Alcoa Corp,proposed sale $36K,35713,,https://www.sec.gov/Archives/edgar/data/1907073/000196430626000412/0001964306-26-000412-index.htm,LOW
2026-08-31T20:17:27+00:00,FORM_144,,"Editas Medicine, Inc.",proposed sale $2K,2296,,https://www.sec.gov/Archives/edgar/data/1985604/000165066426000085/0001650664-26-000085-index.htm,LOW
2026-08-31T20:17:27+00:00,FORM_144,,"CoastalSouth Bancshares, Inc.",proposed sale $55K,54856,,https://www.sec.gov/Archives/edgar/data/2067397/000197407826000337/0001974078-26-000337-index.htm,LOW
2026-08-31T20:17:27+00:00,FORM_144,,"ARS PHARMACEUTICALS, INC.",proposed sale $368K,368099,,https://www.sec.gov/Archives/edgar/data/1951291/000195004726008852/0001950047-26-008852-index.htm,LOW
2026-08-31T20:17:27+00:00,FORM_144,,"CNO FINANCIAL GROUP, INC.",proposed sale $515K,515366,,https://www.sec.gov/Archives/edgar/data/1789577/000195004726008851/0001950047-26-008851-index.htm,LOW
2026-08-31T20:17:28+00:00,FORM_144,,DEERE & CO,proposed sale $3.16M,3164753,,https://www.sec.gov/Archives/edgar/data/1772144/000195917326006549/0001959173-26-006549-index.htm,LOW
2026-08-31T20:17:28+00:00,8K,,"PureCycle Technologies, Inc.",items 1.01,,,https://www.sec.gov/Archives/edgar/data/1830033/000183003326000029/0001830033-26-000029-index.htm,LOW
2026-08-31T20:17:29+00:00,8K,,"MSP Recovery, Inc.",items 1.01,,,https://www.sec.gov/Archives/edgar/data/1802450/000121390026095717/0001213900-26-095717-index.htm,LOW
2026-08-31T20:17:29+00:00,8K,,CROWN CRAFTS INC,items 4.01,,,https://www.sec.gov/Archives/edgar/data/25895/000143774926029311/0001437749-26-029311-index.htm,HIGH
2026-08-31T20:17:30+00:00,8K,,"VSEE HEALTH, INC.",items 5.02,,,https://www.sec.gov/Archives/edgar/data/1864531/000118518526003768/0001185185-26-003768-index.htm,LOW
2026-08-31T20:25:11+00:00,FORM_144,,Jazz Pharmaceuticals plc,proposed sale $858K,857602,,https://www.sec.gov/Archives/edgar/data/1232524/000116166226000006/0001161662-26-000006-index.htm,LOW
2026-08-31T20:25:11+00:00,FORM_144,,OMEROS CORPORATION,proposed sale $464K,463540,,https://www.sec.gov/Archives/edgar/data/1778968/000195004726008856/0001950047-26-008856-index.htm,LOW
2026-08-31T20:25:11+00:00,FORM_144,,Flowco Holdings Inc.,proposed sale $46K,46192,,https://www.sec.gov/Archives/edgar/data/2049797/000204979726000001/0002049797-26-000001-index.htm,LOW
2026-08-31T20:25:12+00:00,FORM_144,,BOX INC,proposed sale $139K,138562,,https://www.sec.gov/Archives/edgar/data/1855496/000192109426000972/0001921094-26-000972-index.htm,LOW
2026-08-31T20:25:12+00:00,FORM_144,,Unity Software Inc.,proposed sale $4.74M,4737931,,https://www.sec.gov/Archives/edgar/data/1956655/000192109426000971/0001921094-26-000971-index.htm,LOW
2026-08-31T20:25:12+00:00,FORM_144,,"RCM TECHNOLOGIES, INC.",proposed sale $840K,840000,,https://www.sec.gov/Archives/edgar/data/1255576/000143774926029312/0001437749-26-029312-index.htm,LOW
2026-08-31T20:25:13+00:00,8K,,ADT Inc.,items 1.01,,,https://www.sec.gov/Archives/edgar/data/1703056/000170305626000106/0001703056-26-000106-index.htm,LOW
2026-08-31T20:25:13+00:00,8K,,Offerpad Solutions Inc.,items 1.01,,,https://www.sec.gov/Archives/edgar/data/1825024/000119312526376851/0001193125-26-376851-index.htm,LOW
2026-08-31T20:25:13+00:00,8K,,Lifeward Ltd.,items 5.02,,,https://www.sec.gov/Archives/edgar/data/1607962/000117891326004360/0001178913-26-004360-index.htm,LOW
2026-08-31T20:25:13+00:00,8K,,Flag Ship Acquisition Corp,items 3.01,,,https://www.sec.gov/Archives/edgar/data/1850059/000182912626009545/0001829126-26-009545-index.htm,HIGH
2026-08-31T20:33:37+00:00,FORM_144,,"Klaviyo, Inc.",proposed sale $2.02M,2022971,,https://www.sec.gov/Archives/edgar/data/1991125/000195917326006553/0001959173-26-006553-index.htm,LOW
2026-08-31T20:33:37+00:00,FORM_144,,"Post Holdings, Inc.",proposed sale $32.79M,32785666,,https://www.sec.gov/Archives/edgar/data/1530950/000195917326006552/0001959173-26-006552-index.htm,MEDIUM
2026-08-31T20:33:39+00:00,FORM_144,,BILL HOLDINGS INC,proposed sale $541K,541033,,https://www.sec.gov/Archives/edgar/data/2067425/000195004726008868/0001950047-26-008868-index.htm,LOW
2026-08-31T20:33:39+00:00,FORM_144,,"RHYTHM PHARMACEUTICALS, INC.",proposed sale $6.73M,6727489,,https://www.sec.gov/Archives/edgar/data/1649904/000195004726008867/0001950047-26-008867-index.htm,MEDIUM
2026-08-31T20:33:40+00:00,FORM_144,,COHERENT CORP.,proposed sale $634K,634342,,https://www.sec.gov/Archives/edgar/data/1224172/000195004726008866/0001950047-26-008866-index.htm,LOW
2026-08-31T20:33:41+00:00,FORM_144,,COGNIZANT TECHNOLOGY SOLUTIONS CORPORATION,proposed sale $9K,9221,,https://www.sec.gov/Archives/edgar/data/2075228/000195004726008865/0001950047-26-008865-index.htm,LOW
2026-08-31T20:33:41+00:00,FORM_144,,COHERENT CORP.,proposed sale $1.97M,1967522,,https://www.sec.gov/Archives/edgar/data/1661122/000195004726008864/0001950047-26-008864-index.htm,LOW
2026-08-31T20:33:42+00:00,FORM_144,,COHERENT CORP.,proposed sale $634K,634342,,https://www.sec.gov/Archives/edgar/data/1741413/000195004726008863/0001950047-26-008863-index.htm,LOW
2026-08-31T20:33:42+00:00,FORM_144,,REDDIT INC,proposed sale $2.75M,2754000,,https://www.sec.gov/Archives/edgar/data/1827011/000195004726008862/0001950047-26-008862-index.htm,LOW
2026-08-31T20:33:42+00:00,FORM_144,,"Dropbox, Inc.",proposed sale $58K,58226,,https://www.sec.gov/Archives/edgar/data/2075704/000195004726008861/0001950047-26-008861-index.htm,LOW
2026-08-31T20:33:43+00:00,FORM_144,,"Klaviyo, Inc.",proposed sale $163K,163275,,https://www.sec.gov/Archives/edgar/data/1991399/000195004726008860/0001950047-26-008860-index.htm,LOW
2026-08-31T20:33:43+00:00,FORM_144,,Mastercard Incorporated,proposed sale $549K,549461,,https://www.sec.gov/Archives/edgar/data/1838202/000195004726008859/0001950047-26-008859-index.htm,LOW
2026-08-31T20:33:44+00:00,FORM_144,,"LIFETIME BRANDS, INC.",proposed sale $70K,69987,,https://www.sec.gov/Archives/edgar/data/923401/000195004726008858/0001950047-26-008858-index.htm,LOW
2026-08-31T20:33:44+00:00,FORM_144,,Crane Co,proposed sale $82K,82150,,https://www.sec.gov/Archives/edgar/data/1944013/000192109426000973/0001921094-26-000973-index.htm,LOW
2026-08-31T20:33:44+00:00,FORM_144,,ELASTIC N.V.,proposed sale $19.29M,19292580,,https://www.sec.gov/Archives/edgar/data/1753445/000195004726008857/0001950047-26-008857-index.htm,MEDIUM
2026-08-31T20:33:46+00:00,FORM_144,,Blackbaud Inc,proposed sale $101K,100634,,https://www.sec.gov/Archives/edgar/data/1939343/000162828026059603/0001628280-26-059603-index.htm,LOW
2026-08-31T20:33:46+00:00,FORM_144,,J M SMUCKER Co,proposed sale $11.14M,11144632,,https://www.sec.gov/Archives/edgar/data/1251544/000195917326006551/0001959173-26-006551-index.htm,MEDIUM
2026-08-31T20:33:47+00:00,8K,,CALLAN JMB INC.,items 1.01,,,https://www.sec.gov/Archives/edgar/data/2032545/000149315226040838/0001493152-26-040838-index.htm,LOW
2026-08-31T20:33:47+00:00,8K,,Cenntro Inc.,items 1.01,,,https://www.sec.gov/Archives/edgar/data/1707919/000114036126035085/0001140361-26-035085-index.htm,LOW
2026-08-31T20:33:47+00:00,8K,,FACTSET RESEARCH SYSTEMS INC,items 1.01,,,https://www.sec.gov/Archives/edgar/data/1013237/000095015726000966/0000950157-26-000966-index.htm,LOW
2026-08-31T20:33:48+00:00,8K,,CCO HOLDINGS CAPITAL CORP,items 5.02,,,https://www.sec.gov/Archives/edgar/data/1271834/000114036126035084/0001140361-26-035084-index.htm,LOW
2026-08-31T20:33:48+00:00,8K,,Primoris Services Corp,items 5.02,,,https://www.sec.gov/Archives/edgar/data/1361538/000136153826000030/0001361538-26-000030-index.htm,LOW
2026-08-31T20:33:48+00:00,LATE_FILING,,"Cannabis Bioscience International Holdings, Inc.",NT 10-K,,,https://www.sec.gov/Archives/edgar/data/1411057/000168316826006831/0001683168-26-006831-index.htm,HIGH
2026-08-31T20:41:47+00:00,FORM_144,,"AMBIQ MICRO, INC.",proposed sale $2.01M,2009854,,https://www.sec.gov/Archives/edgar/data/2078454/000195004726008870/0001950047-26-008870-index.htm,LOW
2026-08-31T20:41:47+00:00,FORM_144,,TENET HEALTHCARE CORP,proposed sale $6.39M,6391579,,https://www.sec.gov/Archives/edgar/data/1916153/000195917326006554/0001959173-26-006554-index.htm,MEDIUM
2026-08-31T20:41:49+00:00,FORM_144,,"DONALDSON COMPANY, INC.",proposed sale $276K,275912,,https://www.sec.gov/Archives/edgar/data/1441791/000195004726008869/0001950047-26-008869-index.htm,LOW
2026-08-31T20:41:49+00:00,FORM_144,,Jazz Pharmaceuticals plc,proposed sale $858K,857602,,https://www.sec.gov/Archives/edgar/data/1253886/000125388626000009/0001253886-26-000009-index.htm,LOW
2026-08-31T20:41:49+00:00,8K,,CAMDEN PROPERTY TRUST,"items 1.01,5.02",,,https://www.sec.gov/Archives/edgar/data/906345/000162828026059610/0001628280-26-059610-index.htm,LOW
2026-08-31T20:41:50+00:00,8K,,"Shoals Technologies Group, Inc.",items 1.01,,,https://www.sec.gov/Archives/edgar/data/1831651/000183165126000116/0001831651-26-000116-index.htm,LOW
2026-08-31T20:41:50+00:00,8K,,UNITED PARCEL SERVICE INC,items 5.02,,,https://www.sec.gov/Archives/edgar/data/1090727/000162828026059609/0001628280-26-059609-index.htm,LOW
2026-08-31T20:41:50+00:00,8K,,"Teladoc Health, Inc.",items 5.02,,,https://www.sec.gov/Archives/edgar/data/1477449/000147744926000044/0001477449-26-000044-index.htm,LOW
2026-08-31T20:49:28+00:00,FORM_144,,Jazz Pharmaceuticals plc,proposed sale $858K,857602,,https://www.sec.gov/Archives/edgar/data/2013944/000201394426000004/0002013944-26-000004-index.htm,LOW
2026-08-31T20:49:28+00:00,FORM_144,,"EHEALTH, INC.",proposed sale $42K,42431,,https://www.sec.gov/Archives/edgar/data/1333493/000195004726008871/0001950047-26-008871-index.htm,LOW
2026-08-31T20:49:28+00:00,FORM_144,,EverCommerce Inc.,proposed sale $365K,364615,,https://www.sec.gov/Archives/edgar/data/1856906/000195917326006555/0001959173-26-006555-index.htm,LOW
2026-08-31T20:49:29+00:00,8K,,Metallus Inc.,items 5.02,,,https://www.sec.gov/Archives/edgar/data/1598428/000119312526376936/0001193125-26-376936-index.htm,LOW
2026-08-31T20:49:29+00:00,8K,,"Microvast Holdings, Inc.",items 3.01,,,https://www.sec.gov/Archives/edgar/data/1760689/000094787126000854/0000947871-26-000854-index.htm,HIGH
2026-08-31T20:57:36+00:00,FORM_144,,Jazz Pharmaceuticals plc,proposed sale $858K,857602,,https://www.sec.gov/Archives/edgar/data/1302443/000130244326000013/0001302443-26-000013-index.htm,LOW
2026-08-31T20:57:36+00:00,FORM_144,,"CG ONCOLOGY, INC.",proposed sale $3.78M,3775250,,https://www.sec.gov/Archives/edgar/data/2007090/000195004726008873/0001950047-26-008873-index.htm,LOW
2026-08-31T20:57:37+00:00,FORM_144,,Marathon Petroleum Corp,proposed sale $376K,375735,,https://www.sec.gov/Archives/edgar/data/1948454/000194845426000008/0001948454-26-000008-index.htm,LOW
2026-08-31T20:57:37+00:00,FORM_144,,monday.com Ltd.,proposed sale $607K,606840,,https://www.sec.gov/Archives/edgar/data/1968984/000195824426000562/0001958244-26-000562-index.htm,LOW
2026-08-31T20:57:37+00:00,FORM_144,,"MUELLER WATER PRODUCTS, INC.",proposed sale $291K,291136,,https://www.sec.gov/Archives/edgar/data/1764692/000162828026059615/0001628280-26-059615-index.htm,LOW
2026-08-31T20:57:38+00:00,FORM_144,,"NWPX Infrastructure, Inc.",proposed sale $129K,128966,,https://www.sec.gov/Archives/edgar/data/1401658/000195917326006556/0001959173-26-006556-index.htm,LOW
2026-08-31T20:57:38+00:00,FORM_144,,"CLOVER HEALTH INVESTMENTS, CORP.",proposed sale $305K,305113,,https://www.sec.gov/Archives/edgar/data/1938197/000195004726008872/0001950047-26-008872-index.htm,LOW
2026-08-31T20:57:38+00:00,FORM_144,,"Caesars Entertainment, Inc.",proposed sale $1.70M,1695412,,https://www.sec.gov/Archives/edgar/data/1608717/000153949726002400/0001539497-26-002400-index.htm,LOW
2026-08-31T20:57:39+00:00,8K,,AMERICOLD REALTY TRUST,items 5.02,,,https://www.sec.gov/Archives/edgar/data/1455863/000119312526376978/0001193125-26-376978-index.htm,LOW
2026-08-31T20:57:39+00:00,8K,,ASBURY AUTOMOTIVE GROUP INC,items 5.02,,,https://www.sec.gov/Archives/edgar/data/1144980/000114498026000100/0001144980-26-000100-index.htm,LOW
2026-08-31T20:57:39+00:00,8K,,"CERO THERAPEUTICS HOLDINGS, INC.","items 1.01,1.02",,,https://www.sec.gov/Archives/edgar/data/1870404/000121390026095776/0001213900-26-095776-index.htm,LOW
2026-08-31T20:57:40+00:00,8K,,"Victory Capital Holdings, Inc.",items 1.01,,,https://www.sec.gov/Archives/edgar/data/1570827/000110465926103936/0001104659-26-103936-index.htm,LOW
2026-08-31T21:06:51+00:00,8K,,Westlake Chemical Partners LP,items 5.02,,,https://www.sec.gov/Archives/edgar/data/1604665/000119312526377003/0001193125-26-377003-index.htm,LOW
2026-08-31T21:06:51+00:00,8K,,Invesco Ltd.,items 5.02,,,https://www.sec.gov/Archives/edgar/data/914208/000091420826000347/0000914208-26-000347-index.htm,LOW
2026-08-31T21:06:51+00:00,8K,,Primis Financial Corp.,items 5.02,,,https://www.sec.gov/Archives/edgar/data/1325670/000110465926103947/0001104659-26-103947-index.htm,LOW
2026-08-31T21:06:51+00:00,8K,,WESTLAKE CORP,items 5.02,,,https://www.sec.gov/Archives/edgar/data/1262823/000119312526376996/0001193125-26-376996-index.htm,LOW
2026-08-31T21:06:52+00:00,8K,,INNO HOLDINGS INC.,items 5.02,,,https://www.sec.gov/Archives/edgar/data/1961847/000149315226040848/0001493152-26-040848-index.htm,LOW
2026-08-31T21:14:20+00:00,FORM_144,,"Revolution Medicines, Inc.",proposed sale $15.19M,15193949,,https://www.sec.gov/Archives/edgar/data/1643746/000196858226000898/0001968582-26-000898-index.htm,MEDIUM
2026-08-31T21:14:22+00:00,FORM_144,,Jazz Pharmaceuticals plc,proposed sale $373K,373413,,https://www.sec.gov/Archives/edgar/data/1232524/000118891926000013/0001188919-26-000013-index.htm,LOW
2026-08-31T21:14:22+00:00,FORM_144,,"Expion Energy, Inc.",proposed sale $102K,101544,,https://www.sec.gov/Archives/edgar/data/1921639/000197248126000269/0001972481-26-000269-index.htm,LOW
2026-08-31T21:14:22+00:00,8K,,"NextTrip, Inc.",items 1.01,,,https://www.sec.gov/Archives/edgar/data/788611/000149315226040859/0001493152-26-040859-index.htm,LOW
2026-08-31T21:14:22+00:00,8K,,ONEOK INC /NEW/,items 1.01,,,https://www.sec.gov/Archives/edgar/data/1039684/000119312526377023/0001193125-26-377023-index.htm,LOW
2026-08-31T21:22:38+00:00,8K,,Jazz Pharmaceuticals plc,items 1.01,,,https://www.sec.gov/Archives/edgar/data/1232524/000119312526377073/0001193125-26-377073-index.htm,LOW
2026-08-31T21:22:39+00:00,8K,,KOHLS Corp,items 5.02,,,https://www.sec.gov/Archives/edgar/data/885639/000119312526377068/0001193125-26-377068-index.htm,LOW
2026-08-31T21:22:39+00:00,8K,,"KYNTRA BIO, INC.",items 1.01,,,https://www.sec.gov/Archives/edgar/data/921299/000119312526377059/0001193125-26-377059-index.htm,LOW
2026-08-31T21:22:39+00:00,8K,,SUIC Worldwide Holdings Ltd.,"items 1.01,5.02",,,https://www.sec.gov/Archives/edgar/data/1394108/000147793226005334/0001477932-26-005334-index.htm,LOW
2026-08-31T21:22:39+00:00,8K,,COFFEE HOLDING CO INC,items 5.02,,,https://www.sec.gov/Archives/edgar/data/1007019/000149315226040863/0001493152-26-040863-index.htm,LOW
2026-08-31T21:22:40+00:00,LATE_FILING,,"Laredo Oil, Inc.",NT 10-K,,,https://www.sec.gov/Archives/edgar/data/1442492/000119983526000321/0001199835-26-000321-index.htm,HIGH
2026-08-31T21:30:59+00:00,FORM_144,,"DOLLAR TREE, INC.",proposed sale $315K,315031,,https://www.sec.gov/Archives/edgar/data/1940095/000192109426000974/0001921094-26-000974-index.htm,LOW
2026-08-31T21:31:00+00:00,8K,,Inflection Point Acquisition Corp. V,items 1.01,,,https://www.sec.gov/Archives/edgar/data/2028355/000121390026095807/0001213900-26-095807-index.htm,LOW
2026-08-31T21:31:00+00:00,8K,,DIGI INTERNATIONAL INC,"items 1.01,1.02",,,https://www.sec.gov/Archives/edgar/data/854775/000110465926103966/0001104659-26-103966-index.htm,LOW
2026-08-31T21:31:00+00:00,8K,,AMERICOLD REALTY TRUST,items 1.01,,,https://www.sec.gov/Archives/edgar/data/1455863/000119312526377096/0001193125-26-377096-index.htm,LOW
2026-08-31T21:31:00+00:00,8K,,T3 Defense Inc.,items 1.02,,,https://www.sec.gov/Archives/edgar/data/1787518/000118518526003774/0001185185-26-003774-index.htm,LOW
2026-08-31T21:31:01+00:00,8K,,"Deep Isolation Nuclear, Inc.",items 5.02,,,https://www.sec.gov/Archives/edgar/data/1918080/000121390026095806/0001213900-26-095806-index.htm,LOW
2026-08-31T21:31:01+00:00,8K,,TIDEWATER INC,items 1.01,,,https://www.sec.gov/Archives/edgar/data/98222/000110465926103962/0001104659-26-103962-index.htm,LOW
2026-08-31T21:31:01+00:00,8K,,iSpecimen Inc.,items 5.02,,,https://www.sec.gov/Archives/edgar/data/1558569/000121390026095801/0001213900-26-095801-index.htm,LOW
2026-08-31T21:31:02+00:00,8K,,Sono Group N.V.,items 1.01,,,https://www.sec.gov/Archives/edgar/data/1840416/000117184326005808/0001171843-26-005808-index.htm,LOW
2026-08-31T21:46:26+00:00,FORM_144,,"CRA INTERNATIONAL, INC.",proposed sale $1.30M,1295849,,https://www.sec.gov/Archives/edgar/data/1379160/000137916026000040/0001379160-26-000040-index.htm,LOW
2026-08-31T21:54:20+00:00,FORM_144,,TUTOR PERINI CORP,proposed sale $68.00M,68000000,,https://www.sec.gov/Archives/edgar/data/906134/000162828026059645/0001628280-26-059645-index.htm,MEDIUM
2026-08-31T21:54:21+00:00,FORM_144,,TUTOR PERINI CORP,proposed sale $128.00M,128000000,,https://www.sec.gov/Archives/edgar/data/906134/000162828026059644/0001628280-26-059644-index.htm,MEDIUM
2026-08-31T22:10:48+00:00,INSIDER_CLUSTER,APCX,AppTech Payments Corp.,Corrado Felipe Amilcar IV $5K,4560,465,https://www.sec.gov/Archives/edgar/data/2052456/000168316826006833/0001683168-26-006833-index.htm,HIGH
2026-08-31T22:10:50+00:00,FORM_144,,"Under Armour, Inc.",proposed sale $428K,427953,,https://www.sec.gov/Archives/edgar/data/2032835/000192109426000975/0001921094-26-000975-index.htm,LOW
2026-08-31T22:10:50+00:00,FORM_144,,TUTOR PERINI CORP,proposed sale $896K,896000,,https://www.sec.gov/Archives/edgar/data/906134/000162828026059646/0001628280-26-059646-index.htm,LOW
2026-08-31T22:27:21+00:00,FORM_144,,"Axon Enterprise, Inc.",proposed sale $10.08M,10077245,,https://www.sec.gov/Archives/edgar/data/1648518/000196858226000901/0001968582-26-000901-index.htm,MEDIUM
2026-08-31T22:58:48+00:00,INSIDER_CLUSTER,AXIA3,AXIA Energia S.A.,de Bittencourt Marinho Gisomar Francisco $1K,1031,5,https://www.sec.gov/Archives/edgar/data/2118802/000121390026095848/0001213900-26-095848-index.htm,HIGH
2026-08-31T22:58:49+00:00,INSIDER_CLUSTER,PRTS,"CarParts.com, Inc.",Meniane David $86K,85802,4,https://www.sec.gov/Archives/edgar/data/1770720/000114036126035125/0001140361-26-035125-index.htm,HIGH
2026-08-31T23:14:41+00:00,FORM_144,,Aura Minerals Inc.,proposed sale $7.75M,7753162,,https://www.sec.gov/Archives/edgar/data/2135147/000213514726000010/0002135147-26-000010-index.htm,MEDIUM
2026-08-31T23:14:42+00:00,FORM_144,,"Laureate Education, Inc.",proposed sale $96K,96146,,https://www.sec.gov/Archives/edgar/data/1696702/000196858226000905/0001968582-26-000905-index.htm,LOW
2026-08-31T23:14:43+00:00,FORM_144,,"Laureate Education, Inc.",proposed sale $17.77M,17768266,,https://www.sec.gov/Archives/edgar/data/1696790/000196858226000903/0001968582-26-000903-index.htm,MEDIUM
2026-08-31T23:23:51+00:00,FORM_144,,"Laureate Education, Inc.",proposed sale $925K,925263,,https://www.sec.gov/Archives/edgar/data/1696654/000196858226000912/0001968582-26-000912-index.htm,LOW
2026-08-31T23:23:52+00:00,FORM_144,,"Laureate Education, Inc.",proposed sale $171K,170681,,https://www.sec.gov/Archives/edgar/data/1696783/000196858226000910/0001968582-26-000910-index.htm,LOW
2026-08-31T23:23:52+00:00,FORM_144,,Aura Minerals Inc.,proposed sale $856K,856284,,https://www.sec.gov/Archives/edgar/data/2135151/000213515126000007/0002135151-26-000007-index.htm,LOW
2026-08-31T23:23:52+00:00,FORM_144,,"Laureate Education, Inc.",proposed sale $689K,689049,,https://www.sec.gov/Archives/edgar/data/1698661/000196858226000908/0001968582-26-000908-index.htm,LOW
2026-08-31T23:23:53+00:00,FORM_144,,Aura Minerals Inc.,proposed sale $2.37M,2366323,,https://www.sec.gov/Archives/edgar/data/2135137/000213513726000014/0002135137-26-000014-index.htm,LOW
2026-08-31T23:31:33+00:00,FORM_144,,"Laureate Education, Inc.",proposed sale $574K,574278,,https://www.sec.gov/Archives/edgar/data/1696660/000196858226000914/0001968582-26-000914-index.htm,LOW
2026-08-31T23:39:10+00:00,FORM_144,,Aura Minerals Inc.,proposed sale $2.24M,2243556,,https://www.sec.gov/Archives/edgar/data/2135137/000213513726000015/0002135137-26-000015-index.htm,LOW
2026-08-31T23:39:11+00:00,FORM_144,,Aura Minerals Inc.,proposed sale $7.29M,7290948,,https://www.sec.gov/Archives/edgar/data/2135147/000213514726000011/0002135147-26-000011-index.htm,MEDIUM
2026-08-31T23:48:31+00:00,FORM_144,,Aura Minerals Inc.,proposed sale $27,26,,https://www.sec.gov/Archives/edgar/data/2126752/000212675226000013/0002126752-26-000013-index.htm,LOW
2026-08-31T23:48:31+00:00,FORM_144,,Aura Minerals Inc.,proposed sale $818K,818496,,https://www.sec.gov/Archives/edgar/data/2135151/000213515126000008/0002135151-26-000008-index.htm,LOW
2026-08-31T23:55:48+00:00,INSIDER_CLUSTER,UAMY,UNITED STATES ANTIMONY CORP,Aguirre Blaise A. $7K,7049,0,https://www.sec.gov/Archives/edgar/data/1533482/000110465926103998/0001104659-26-103998-index.htm,HIGH
2026-09-01T00:33:05+00:00,INSIDER_CLUSTER,BRID,BRIDGFORD FOODS CORP,Bridgford Baron $3K,2908,3,https://www.sec.gov/Archives/edgar/data/1299715/000149315226040905/0001493152-26-040905-index.htm,HIGH
2026-09-01T00:33:10+00:00,FORM_144,,Amalgamated Financial Corp.,proposed sale $6.47M,6465010,,https://www.sec.gov/Archives/edgar/data/2008869/000090266426003697/0000902664-26-003697-index.htm,LOW
2026-09-01T01:47:23+00:00,FORM_144,,Oddity Tech Ltd,proposed sale $176K,176304,,https://www.sec.gov/Archives/edgar/data/2008127/000110465926104011/0001104659-26-104011-index.htm,LOW
2026-09-01T11:12:25+00:00,FORM_144,,ZKH Group Ltd,proposed sale $829K,828570,,https://www.sec.gov/Archives/edgar/data/2105611/000210561126000005/0002105611-26-000005-index.htm,LOW
2026-09-01T11:12:25+00:00,FORM_144,,"NetEase, Inc.",proposed sale $87K,87194,,https://www.sec.gov/Archives/edgar/data/2112918/000197337926000320/0001973379-26-000320-index.htm,LOW
2026-09-01T11:12:25+00:00,FORM_144,,"Youdao, Inc.",proposed sale $111K,110632,,https://www.sec.gov/Archives/edgar/data/2108588/000197337926000319/0001973379-26-000319-index.htm,LOW
2026-09-01T11:12:26+00:00,FORM_144,,"Youdao, Inc.",proposed sale $111K,110632,,https://www.sec.gov/Archives/edgar/data/2092181/000197337926000318/0001973379-26-000318-index.htm,LOW
2026-09-01T11:12:26+00:00,FORM_144,,"Youdao, Inc.",proposed sale $1.15M,1148070,,https://www.sec.gov/Archives/edgar/data/2084920/000197337926000317/0001973379-26-000317-index.htm,LOW
2026-09-01T11:12:26+00:00,FORM_144,,Robinhood Ventures Fund I,proposed sale $26.75M,26749591,,https://www.sec.gov/Archives/edgar/data/2085091/000095010326013297/0000950103-26-013297-index.htm,LOW
2026-09-01T12:23:01+00:00,INSIDER_BUY,FTCI,"FTC Solar, Inc.",SADASIVAM SHAKER $272K,271913,4,https://www.sec.gov/Archives/edgar/data/1828161/000119312526377575/0001193125-26-377575-index.htm,MEDIUM
2026-09-01T13:30:56+00:00,FORM_144,,AUDIOCODES LTD,proposed sale $61K,61320,,https://www.sec.gov/Archives/edgar/data/1960000/000197640826000792/0001976408-26-000792-index.htm,LOW
2026-09-01T13:44:21+00:00,FORM_144,,"Soluna Holdings, Inc",proposed sale $12K,11910,,https://www.sec.gov/Archives/edgar/data/1891684/000195917326006557/0001959173-26-006557-index.htm,LOW
2026-09-01T13:54:30+00:00,FORM_144,,IRON MOUNTAIN INC,proposed sale $694K,693600,,https://www.sec.gov/Archives/edgar/data/1732058/000195917326006559/0001959173-26-006559-index.htm,LOW
2026-09-01T13:54:30+00:00,FORM_144,,"TERADYNE, INC",proposed sale $57K,56997,,https://www.sec.gov/Archives/edgar/data/1225110/000195917326006558/0001959173-26-006558-index.htm,LOW
2026-09-01T14:05:26+00:00,FORM_144,,"Newegg Commerce, Inc.",proposed sale $1K,1090,,https://www.sec.gov/Archives/edgar/data/1966016/000195917326006560/0001959173-26-006560-index.htm,LOW
2026-09-01T14:22:15+00:00,FORM_144,,Nextpower Inc.,proposed sale $360K,359910,,https://www.sec.gov/Archives/edgar/data/1852131/000195917326006563/0001959173-26-006563-index.htm,LOW
2026-09-01T14:22:16+00:00,FORM_144,,TransUnion,proposed sale $84K,84420,,https://www.sec.gov/Archives/edgar/data/1879101/000195917326006562/0001959173-26-006562-index.htm,LOW
2026-09-01T14:22:16+00:00,FORM_144,,"Leidos Holdings, Inc.",proposed sale $141K,140845,,https://www.sec.gov/Archives/edgar/data/1635110/000197337926000321/0001973379-26-000321-index.htm,LOW
2026-09-01T14:22:17+00:00,FORM_144,,IRON MOUNTAIN INC,proposed sale $4.45M,4447594,,https://www.sec.gov/Archives/edgar/data/1566391/000195917326006561/0001959173-26-006561-index.htm,LOW
2026-09-01T14:34:18+00:00,FORM_144,,BORGWARNER INC,proposed sale $328K,327507,,https://www.sec.gov/Archives/edgar/data/1620037/000197407826000338/0001974078-26-000338-index.htm,LOW
2026-09-01T14:34:19+00:00,FORM_144,,IRON MOUNTAIN INC,proposed sale $578K,578000,,https://www.sec.gov/Archives/edgar/data/1769841/000195917326006565/0001959173-26-006565-index.htm,LOW
2026-09-01T14:34:19+00:00,FORM_144,,MOODYS CORP /DE/,proposed sale $736K,736272,,https://www.sec.gov/Archives/edgar/data/1481153/000195917326006564/0001959173-26-006564-index.htm,LOW
2026-09-01T14:52:04+00:00,FORM_144,,VERIZON COMMUNICATIONS INC,proposed sale $56K,55550,,https://www.sec.gov/Archives/edgar/data/1760581/000195917326006566/0001959173-26-006566-index.htm,LOW
2026-09-01T15:22:53+00:00,FORM_144,,TransUnion,proposed sale $84K,84420,,https://www.sec.gov/Archives/edgar/data/1776865/000195917326006570/0001959173-26-006570-index.htm,LOW
2026-09-01T15:22:53+00:00,FORM_144,,"American Financial Group, Inc.",proposed sale $135K,135422,,https://www.sec.gov/Archives/edgar/data/1816887/000119312526377838/0001193125-26-377838-index.htm,LOW
2026-09-01T15:22:54+00:00,FORM_144,,Finance of America Companies Inc.,proposed sale $13K,13155,,https://www.sec.gov/Archives/edgar/data/1971552/000195779926000169/0001957799-26-000169-index.htm,LOW
2026-09-01T15:22:54+00:00,FORM_144,,QUEST DIAGNOSTICS INC,proposed sale $2.43M,2427200,,https://www.sec.gov/Archives/edgar/data/1599837/000195917326006569/0001959173-26-006569-index.htm,LOW
2026-09-01T15:22:54+00:00,FORM_144,,NEWMONT Corp /DE/,proposed sale $477K,477486,,https://www.sec.gov/Archives/edgar/data/1994131/000195917326006568/0001959173-26-006568-index.htm,LOW
2026-09-01T15:22:55+00:00,FORM_144,,"Circle Internet Group, Inc.",proposed sale $4.60M,4604626,,https://www.sec.gov/Archives/edgar/data/2060511/000195917326006567/0001959173-26-006567-index.htm,LOW
2026-09-01T15:52:22+00:00,FORM_144,,MKS INC,proposed sale $75K,75288,,https://www.sec.gov/Archives/edgar/data/1548935/000195917326006576/0001959173-26-006576-index.htm,LOW
2026-09-01T15:52:22+00:00,FORM_144,,ANALOG DEVICES INC,proposed sale $3.56M,3563300,,https://www.sec.gov/Archives/edgar/data/1201872/000195917326006575/0001959173-26-006575-index.htm,LOW
2026-09-01T15:52:22+00:00,FORM_144,,GENERAC HOLDINGS INC.,proposed sale $911K,911050,,https://www.sec.gov/Archives/edgar/data/1483001/000195917326006574/0001959173-26-006574-index.htm,LOW
2026-09-01T15:52:23+00:00,FORM_144,,"WILLIAMS COMPANIES, INC.",proposed sale $151K,151120,,https://www.sec.gov/Archives/edgar/data/1703388/000195917326006573/0001959173-26-006573-index.htm,LOW
2026-09-01T15:52:23+00:00,FORM_144,,STANDEX INTERNATIONAL CORP/DE/,proposed sale $14K,14244,,https://www.sec.gov/Archives/edgar/data/1248847/000195917326006572/0001959173-26-006572-index.htm,LOW
2026-09-01T15:52:23+00:00,FORM_144,,"Moderna, Inc.",proposed sale $486K,485766,,https://www.sec.gov/Archives/edgar/data/1866132/000195917326006571/0001959173-26-006571-index.htm,LOW
2026-09-01T16:32:16+00:00,FORM_144,,NEWMONT Corp /DE/,proposed sale $369K,369000,,https://www.sec.gov/Archives/edgar/data/1936354/000195917326006579/0001959173-26-006579-index.htm,LOW
2026-09-01T16:32:17+00:00,FORM_144,,UMB FINANCIAL CORP,proposed sale $361K,361156,,https://www.sec.gov/Archives/edgar/data/1976234/000197636326000031/0001976363-26-000031-index.htm,LOW
2026-09-01T16:32:17+00:00,FORM_144,,UMB FINANCIAL CORP,proposed sale $177K,177037,,https://www.sec.gov/Archives/edgar/data/1976289/000197636326000030/0001976363-26-000030-index.htm,LOW
2026-09-01T16:32:17+00:00,FORM_144,,"Orchestra BioMed Holdings, Inc.",proposed sale $75K,75300,,https://www.sec.gov/Archives/edgar/data/1814114/000195917326006578/0001959173-26-006578-index.htm,LOW
2026-09-01T16:32:18+00:00,FORM_144,,"Delek US Holdings, Inc.",proposed sale $549K,549096,,https://www.sec.gov/Archives/edgar/data/1694426/000195917326006577/0001959173-26-006577-index.htm,LOW
2026-09-01T16:32:18+00:00,FORM_144,,UMB FINANCIAL CORP,proposed sale $82K,81578,,https://www.sec.gov/Archives/edgar/data/1975226/000197636326000029/0001976363-26-000029-index.htm,LOW
2026-09-01T16:52:43+00:00,INSIDER_CLUSTER,N/A,John Hancock GA Senior Loan Trust,Manufacturers Life Insurance Co (Bermuda Branch) $22.99M,22993803,1,https://www.sec.gov/Archives/edgar/data/1833683/000183368326000017/0001833683-26-000017-index.htm,HIGH
2026-09-01T16:52:47+00:00,FORM_144,,OLD REPUBLIC INTERNATIONAL CORP,proposed sale $184K,184233,,https://www.sec.gov/Archives/edgar/data/1990341/000195917326006580/0001959173-26-006580-index.htm,LOW
2026-09-01T17:17:16+00:00,FORM_144,,HORACE MANN EDUCATORS CORP /DE/,proposed sale $384K,384075,,https://www.sec.gov/Archives/edgar/data/1198960/000195917326006583/0001959173-26-006583-index.htm,LOW
2026-09-01T17:17:16+00:00,FORM_144,,Oklo Inc.,proposed sale $637K,636795,,https://www.sec.gov/Archives/edgar/data/1855623/000195917326006582/0001959173-26-006582-index.htm,LOW
2026-09-01T17:17:16+00:00,FORM_144,,MGIC INVESTMENT CORP,proposed sale $922K,921900,,https://www.sec.gov/Archives/edgar/data/1687897/000195917326006581/0001959173-26-006581-index.htm,LOW
2026-09-01T17:28:52+00:00,FORM_144,,"ExlService Holdings, Inc.",proposed sale $382K,381700,,https://www.sec.gov/Archives/edgar/data/1373633/000195917326006584/0001959173-26-006584-index.htm,LOW
2026-09-01T17:39:50+00:00,FORM_144,,OceanFirst Financial Corp.,proposed sale $104K,103977,,https://www.sec.gov/Archives/edgar/data/1992779/000199277926000006/0001992779-26-000006-index.htm,LOW
2026-09-01T17:48:10+00:00,FORM_144,,PATTERSON UTI ENERGY INC,proposed sale $1.53M,1530002,,https://www.sec.gov/Archives/edgar/data/1469527/000195917326006586/0001959173-26-006586-index.htm,LOW
2026-09-01T17:48:11+00:00,FORM_144,,SLB LIMITED/NV,proposed sale $2.10M,2100000,,https://www.sec.gov/Archives/edgar/data/1497824/000195917326006585/0001959173-26-006585-index.htm,LOW
2026-09-01T17:56:19+00:00,FORM_144,,PROGRESSIVE CORP/OH/,proposed sale $8.20M,8195691,,https://www.sec.gov/Archives/edgar/data/1198113/000195917326006588/0001959173-26-006588-index.htm,LOW
2026-09-01T17:56:20+00:00,FORM_144,,Snowflake Inc.,proposed sale $4.88M,4883550,,https://www.sec.gov/Archives/edgar/data/1979088/000195917326006587/0001959173-26-006587-index.htm,LOW
2026-09-01T18:09:12+00:00,FORM_144,,"FIRST SOLAR, INC.",proposed sale $160K,160000,,https://www.sec.gov/Archives/edgar/data/1819680/000195917326006590/0001959173-26-006590-index.htm,LOW
2026-09-01T18:09:12+00:00,FORM_144,,"Circle Internet Group, Inc.",proposed sale $1.38M,1383000,,https://www.sec.gov/Archives/edgar/data/1876042/000195917326006589/0001959173-26-006589-index.htm,LOW
2026-09-01T18:27:59+00:00,FORM_144,,"Airbnb, Inc.",proposed sale $953K,953327,,https://www.sec.gov/Archives/edgar/data/1559720/000195917326006591/0001959173-26-006591-index.htm,LOW
2026-09-01T18:28:00+00:00,FORM_144,,Scorpio Tankers Inc.,proposed sale $1.19M,1189800,,https://www.sec.gov/Archives/edgar/data/1969452/000196945226000011/0001969452-26-000011-index.htm,LOW
2026-09-01T18:52:24+00:00,FORM_144,,"Tarsus Pharmaceuticals, Inc.",proposed sale $340K,339829,,https://www.sec.gov/Archives/edgar/data/1842190/000195917326006596/0001959173-26-006596-index.htm,LOW
2026-09-01T18:52:24+00:00,FORM_144,,Sonos Inc,proposed sale $154K,153900,,https://www.sec.gov/Archives/edgar/data/1561290/000195917326006595/0001959173-26-006595-index.htm,LOW
2026-09-01T18:52:24+00:00,FORM_144,,"Helmerich & Payne, Inc.",proposed sale $450K,450000,,https://www.sec.gov/Archives/edgar/data/1716677/000195917326006594/0001959173-26-006594-index.htm,LOW
2026-09-01T18:52:25+00:00,FORM_144,,"BRINKER INTERNATIONAL, INC",proposed sale $707K,707440,,https://www.sec.gov/Archives/edgar/data/1719141/000195917326006593/0001959173-26-006593-index.htm,LOW
2026-09-01T18:52:25+00:00,FORM_144,,"Cencora, Inc.",proposed sale $2.18M,2175690,,https://www.sec.gov/Archives/edgar/data/1774724/000195917326006592/0001959173-26-006592-index.htm,LOW
2026-09-01T18:52:25+00:00,FORM_144,,MATERION Corp,proposed sale $235K,234834,,https://www.sec.gov/Archives/edgar/data/1231898/000194984626000556/0001949846-26-000556-index.htm,LOW
2026-09-01T19:25:23+00:00,FORM_144,,PEOPLES BANCORP OF NORTH CAROLINA INC,proposed sale $51K,51376,,https://www.sec.gov/Archives/edgar/data/2052002/000205200226000003/0002052002-26-000003-index.htm,LOW
2026-09-01T19:33:40+00:00,FORM_144,,"Sight Sciences, Inc.",proposed sale $110K,109974,,https://www.sec.gov/Archives/edgar/data/1650737/000195917326006603/0001959173-26-006603-index.htm,LOW
2026-09-01T19:33:40+00:00,FORM_144,,TIDEWATER INC,proposed sale $1.93M,1930096,,https://www.sec.gov/Archives/edgar/data/1232602/000194984626000557/0001949846-26-000557-index.htm,LOW
2026-09-01T19:33:41+00:00,FORM_144,,VIVMARK RESIDENTIAL,proposed sale $65K,65471,,https://www.sec.gov/Archives/edgar/data/1841519/000195917326006602/0001959173-26-006602-index.htm,LOW
2026-09-01T19:33:41+00:00,FORM_144,,Oklo Inc.,proposed sale $74K,74110,,https://www.sec.gov/Archives/edgar/data/2147680/000195917326006601/0001959173-26-006601-index.htm,LOW
2026-09-01T19:33:41+00:00,FORM_144,,VIVMARK RESIDENTIAL,proposed sale $474K,474095,,https://www.sec.gov/Archives/edgar/data/2081307/000195917326006600/0001959173-26-006600-index.htm,LOW
2026-09-01T19:33:42+00:00,FORM_144,,AGILYSYS INC,proposed sale $115K,114869,,https://www.sec.gov/Archives/edgar/data/2073585/000195917326006599/0001959173-26-006599-index.htm,LOW
2026-09-01T19:33:42+00:00,FORM_144,,AerSale Corp,proposed sale $5K,4797,,https://www.sec.gov/Archives/edgar/data/1992101/000195917326006598/0001959173-26-006598-index.htm,LOW
2026-09-01T19:33:42+00:00,FORM_144,,VIVMARK RESIDENTIAL,proposed sale $321K,321089,,https://www.sec.gov/Archives/edgar/data/1750568/000195917326006597/0001959173-26-006597-index.htm,LOW
2026-09-01T19:41:50+00:00,FORM_144,,VIVMARK RESIDENTIAL,proposed sale $2.95M,2946335,,https://www.sec.gov/Archives/edgar/data/1414146/000195917326006604/0001959173-26-006604-index.htm,LOW
2026-09-01T19:41:51+00:00,FORM_144,,Lightwave Logic Inc,proposed sale $2K,1972,,https://www.sec.gov/Archives/edgar/data/2105378/000196922326000971/0001969223-26-000971-index.htm,LOW
2026-09-01T19:50:17+00:00,FORM_144,,NOBLE ROMANS INC,proposed sale $4K,3500,,https://www.sec.gov/Archives/edgar/data/1403620/000195917326006605/0001959173-26-006605-index.htm,LOW
2026-09-01T19:58:10+00:00,FORM_144,,Cactus Inc,proposed sale $7.00M,7000000,,https://www.sec.gov/Archives/edgar/data/1992549/000162828026059778/0001628280-26-059778-index.htm,LOW
2026-09-01T19:58:10+00:00,FORM_144,,"Playboy, Inc.",proposed sale $5K,5043,,https://www.sec.gov/Archives/edgar/data/1844982/000195917326006606/0001959173-26-006606-index.htm,LOW
2026-09-01T20:12:12+00:00,FORM_144,,"EASTERN BANKSHARES, INC.",proposed sale $296K,296329,,https://www.sec.gov/Archives/edgar/data/1825588/000195004726008895/0001950047-26-008895-index.htm,LOW
2026-09-01T20:12:13+00:00,FORM_144,,Alkermes plc.,proposed sale $423K,422874,,https://www.sec.gov/Archives/edgar/data/1730048/000196430626000417/0001964306-26-000417-index.htm,LOW
2026-09-01T20:12:13+00:00,FORM_144,,"Vaxcyte, Inc.",proposed sale $210K,209628,,https://www.sec.gov/Archives/edgar/data/1813798/000196922326000979/0001969223-26-000979-index.htm,LOW
2026-09-01T20:12:14+00:00,FORM_144,,"OOMA, INC.",proposed sale $107K,107340,,https://www.sec.gov/Archives/edgar/data/1379827/000195004726008894/0001950047-26-008894-index.htm,LOW
2026-09-01T20:12:15+00:00,FORM_144,,"DOXIMITY, INC.",proposed sale $53K,52660,,https://www.sec.gov/Archives/edgar/data/1862897/000195004726008893/0001950047-26-008893-index.htm,LOW
2026-09-01T20:12:15+00:00,FORM_144,,"Tarsus Pharmaceuticals, Inc.",proposed sale $5.75M,5746846,,https://www.sec.gov/Archives/edgar/data/1819790/000195917326006607/0001959173-26-006607-index.htm,LOW
2026-09-01T20:12:16+00:00,FORM_144,,"Red Rock Resorts, Inc.",proposed sale $503K,502886,,https://www.sec.gov/Archives/edgar/data/1708624/000196430626000416/0001964306-26-000416-index.htm,LOW
2026-09-01T20:12:17+00:00,FORM_144,,"MARVELL TECHNOLOGY, INC.",proposed sale $2.03M,2032703,,https://www.sec.gov/Archives/edgar/data/1835632/000195004726008892/0001950047-26-008892-index.htm,LOW
2026-09-01T20:12:30+00:00,FORM_144,,"NATERA, INC.",proposed sale $545K,545041,,https://www.sec.gov/Archives/edgar/data/1711968/000195004726008891/0001950047-26-008891-index.htm,LOW
2026-09-01T20:12:30+00:00,FORM_144,,Nano Nuclear Energy Inc.,proposed sale $435K,435250,,https://www.sec.gov/Archives/edgar/data/2021757/000196922326000978/0001969223-26-000978-index.htm,LOW
2026-09-01T20:12:31+00:00,FORM_144,,"ICU MEDICAL, INC.",proposed sale $1.12M,1116675,,https://www.sec.gov/Archives/edgar/data/1804831/000195004726008890/0001950047-26-008890-index.htm,LOW
2026-09-01T20:12:31+00:00,FORM_144,,BRISTOW GROUP INC.,proposed sale $161K,160546,,https://www.sec.gov/Archives/edgar/data/1627510/000195004726008889/0001950047-26-008889-index.htm,LOW
2026-09-01T20:12:32+00:00,FORM_144,,Criteo S.A.,proposed sale $17K,17185,,https://www.sec.gov/Archives/edgar/data/1749338/000197337926000324/0001973379-26-000324-index.htm,LOW
2026-09-01T20:12:32+00:00,FORM_144,,"VIASAT, INC.",proposed sale $47K,47058,,https://www.sec.gov/Archives/edgar/data/1287579/000195004726008888/0001950047-26-008888-index.htm,LOW
2026-09-01T20:12:33+00:00,FORM_144,,ETSY INC,proposed sale $947K,947376,,https://www.sec.gov/Archives/edgar/data/1525358/000196922326000977/0001969223-26-000977-index.htm,LOW
2026-09-01T20:12:33+00:00,FORM_144,,Booking Holdings Inc.,proposed sale $198K,198400,,https://www.sec.gov/Archives/edgar/data/1214607/000196922326000976/0001969223-26-000976-index.htm,LOW
2026-09-01T20:12:33+00:00,FORM_144,,"VERISIGN, INC.",proposed sale $145K,145390,,https://www.sec.gov/Archives/edgar/data/1624651/000195004726008887/0001950047-26-008887-index.htm,LOW
2026-09-01T20:12:34+00:00,FORM_144,,GODADDY INC.,proposed sale $34K,34104,,https://www.sec.gov/Archives/edgar/data/1854208/000195004726008886/0001950047-26-008886-index.htm,LOW
2026-09-01T20:12:34+00:00,FORM_144,,"NATERA, INC.",proposed sale $962K,962193,,https://www.sec.gov/Archives/edgar/data/2010019/000195004726008885/0001950047-26-008885-index.htm,LOW
2026-09-01T20:12:35+00:00,FORM_144,,Criteo S.A.,proposed sale $5K,4830,,https://www.sec.gov/Archives/edgar/data/2148390/000197337926000323/0001973379-26-000323-index.htm,LOW
2026-09-01T20:12:35+00:00,FORM_144,,ABEONA THERAPEUTICS INC.,proposed sale $88K,87966,,https://www.sec.gov/Archives/edgar/data/1356828/000197248126000270/0001972481-26-000270-index.htm,LOW
2026-09-01T20:12:36+00:00,FORM_144,,GODADDY INC.,proposed sale $438K,438480,,https://www.sec.gov/Archives/edgar/data/1753365/000195004726008884/0001950047-26-008884-index.htm,LOW
2026-09-01T20:12:36+00:00,FORM_144,,"Newegg Commerce, Inc.",proposed sale $3.73M,3732157,,https://www.sec.gov/Archives/edgar/data/1971269/000196922326000975/0001969223-26-000975-index.htm,LOW
2026-09-01T20:12:36+00:00,FORM_144,,"Burlington Stores, Inc.",proposed sale $430K,429568,,https://www.sec.gov/Archives/edgar/data/1641994/000196922326000974/0001969223-26-000974-index.htm,LOW
2026-09-01T20:12:37+00:00,FORM_144,,GODADDY INC.,proposed sale $32K,31668,,https://www.sec.gov/Archives/edgar/data/1803038/000195004726008883/0001950047-26-008883-index.htm,LOW
2026-09-01T20:12:37+00:00,FORM_144,,CAPITAL ONE FINANCIAL CORPORATION,proposed sale $749K,749350,,https://www.sec.gov/Archives/edgar/data/1727277/000195004726008882/0001950047-26-008882-index.htm,LOW
2026-09-01T20:12:38+00:00,FORM_144,,LUMENTUM HOLDINGS INC.,proposed sale $451K,450520,,https://www.sec.gov/Archives/edgar/data/1633978/000195004726008881/0001950047-26-008881-index.htm,LOW
2026-09-01T20:12:38+00:00,FORM_144,,"Maze Therapeutics, Inc.",proposed sale $908K,908066,,https://www.sec.gov/Archives/edgar/data/1842295/000196922326000973/0001969223-26-000973-index.htm,LOW
2026-09-01T20:12:39+00:00,FORM_144,,NIO Inc.,proposed sale $634K,634500,,https://www.sec.gov/Archives/edgar/data/2111249/000110465926104295/0001104659-26-104295-index.htm,LOW
2026-09-01T20:12:39+00:00,FORM_144,,"VIASAT, INC.",proposed sale $134K,133500,,https://www.sec.gov/Archives/edgar/data/1992819/000195004726008880/0001950047-26-008880-index.htm,LOW
2026-09-01T20:12:39+00:00,FORM_144,,Chord Energy Corporation,proposed sale $1.43M,1434322,,https://www.sec.gov/Archives/edgar/data/1805570/000196858226000916/0001968582-26-000916-index.htm,LOW
2026-09-01T20:12:40+00:00,FORM_144,,BRIGHT HORIZONS FAMILY SOLUTIONS INC.,proposed sale $90K,90000,,https://www.sec.gov/Archives/edgar/data/1661892/000195004726008879/0001950047-26-008879-index.htm,LOW
2026-09-01T20:12:40+00:00,FORM_144,,Criteo S.A.,proposed sale $19K,18882,,https://www.sec.gov/Archives/edgar/data/1769573/000197337926000322/0001973379-26-000322-index.htm,LOW
2026-09-01T20:12:41+00:00,FORM_144,,"Xometry, Inc.",proposed sale $902K,902500,,https://www.sec.gov/Archives/edgar/data/1869814/000196922326000972/0001969223-26-000972-index.htm,LOW
2026-09-01T20:12:41+00:00,FORM_144,,NIO Inc.,proposed sale $518K,518175,,https://www.sec.gov/Archives/edgar/data/2113252/000110465926104292/0001104659-26-104292-index.htm,LOW
2026-09-01T20:12:42+00:00,FORM_144,,THE SOUTHERN COMPANY,proposed sale $9K,8845,,https://www.sec.gov/Archives/edgar/data/2082705/000162828026059783/0001628280-26-059783-index.htm,LOW
2026-09-01T20:25:41+00:00,FORM_144,,Jazz Pharmaceuticals Plc,proposed sale $1.50M,1500780,,https://www.sec.gov/Archives/edgar/data/1232524/000162828026059849/0001628280-26-059849-index.htm,LOW
2026-09-01T20:25:41+00:00,FORM_144,,"RECURSION PHARMACEUTICALS, INC.",proposed sale $100K,100200,,https://www.sec.gov/Archives/edgar/data/1856094/000195917326006610/0001959173-26-006610-index.htm,LOW
2026-09-01T20:25:42+00:00,FORM_144,,"ROKU, Inc.",proposed sale $313K,312602,,https://www.sec.gov/Archives/edgar/data/1428439/000162828026059847/0001628280-26-059847-index.htm,LOW
2026-09-01T20:25:42+00:00,FORM_144,,"EHEALTH, INC.",proposed sale $39K,39277,,https://www.sec.gov/Archives/edgar/data/1333493/000195004726008915/0001950047-26-008915-index.htm,LOW
2026-09-01T20:25:42+00:00,FORM_144,,Walmart Inc.,proposed sale $415K,415297,,https://www.sec.gov/Archives/edgar/data/1579299/000195724426000017/0001957244-26-000017-index.htm,LOW
2026-09-01T20:25:43+00:00,FORM_144,,"EVERQUOTE, INC.",proposed sale $238K,238205,,https://www.sec.gov/Archives/edgar/data/1744457/000195004726008914/0001950047-26-008914-index.htm,LOW
2026-09-01T20:25:43+00:00,FORM_144,,VISA INC.,proposed sale $2.23M,2230443,,https://www.sec.gov/Archives/edgar/data/1578261/000196430626000421/0001964306-26-000421-index.htm,LOW
2026-09-01T20:25:43+00:00,FORM_144,,"DOLBY LABORATORIES, INC.",proposed sale $468K,468032,,https://www.sec.gov/Archives/edgar/data/1894052/000195004726008913/0001950047-26-008913-index.htm,LOW
2026-09-01T20:25:44+00:00,FORM_144,,"BLOCK, INC.",proposed sale $480K,480240,,https://www.sec.gov/Archives/edgar/data/1933928/000195004726008912/0001950047-26-008912-index.htm,LOW
2026-09-01T20:25:44+00:00,FORM_144,,ELASTIC N.V.,proposed sale $10.29M,10289971,,https://www.sec.gov/Archives/edgar/data/1753445/000195004726008911/0001950047-26-008911-index.htm,LOW
2026-09-01T20:25:44+00:00,FORM_144,,URBAN OUTFITTERS INC,proposed sale $51K,51012,,https://www.sec.gov/Archives/edgar/data/1713652/000195917326006609/0001959173-26-006609-index.htm,LOW
2026-09-01T20:25:45+00:00,FORM_144,,Garrett Motion Inc.,proposed sale $805K,804600,,https://www.sec.gov/Archives/edgar/data/1744045/000196922326000981/0001969223-26-000981-index.htm,LOW
2026-09-01T20:25:45+00:00,FORM_144,,PATTERSON UTI ENERGY INC,proposed sale $21K,20624,,https://www.sec.gov/Archives/edgar/data/1645511/000195917326006608/0001959173-26-006608-index.htm,LOW
2026-09-01T20:25:46+00:00,FORM_144,,"MAGNITE, INC.",proposed sale $126K,125788,,https://www.sec.gov/Archives/edgar/data/1966857/000195004726008910/0001950047-26-008910-index.htm,LOW
2026-09-01T20:25:46+00:00,FORM_144,,TERAWULF INC.,proposed sale $1.98M,1976371,,https://www.sec.gov/Archives/edgar/data/1877260/000095014226002478/0000950142-26-002478-index.htm,LOW
2026-09-01T20:25:46+00:00,FORM_144,,"Lyft, Inc.",proposed sale $220K,219711,,https://www.sec.gov/Archives/edgar/data/2034826/000192109426000979/0001921094-26-000979-index.htm,LOW
2026-09-01T20:25:46+00:00,FORM_144,,YELP INC.,proposed sale $11K,11070,,https://www.sec.gov/Archives/edgar/data/1919747/000195004726008909/0001950047-26-008909-index.htm,LOW
2026-09-01T20:25:47+00:00,FORM_144,,"AMBIQ MICRO, INC.",proposed sale $2.76M,2761533,,https://www.sec.gov/Archives/edgar/data/2078454/000195004726008908/0001950047-26-008908-index.htm,LOW
2026-09-01T20:25:47+00:00,FORM_144,,BeOne Medicines Ltd.,proposed sale $47K,46973,,https://www.sec.gov/Archives/edgar/data/1675628/000195004726008907/0001950047-26-008907-index.htm,LOW
2026-09-01T20:25:47+00:00,FORM_144,,ATOMERA INCORPORATED,proposed sale $4K,4050,,https://www.sec.gov/Archives/edgar/data/1680617/000195004726008906/0001950047-26-008906-index.htm,LOW
2026-09-01T20:25:48+00:00,FORM_144,,"YUM! Brands, Inc.",proposed sale $1.84M,1844141,,https://www.sec.gov/Archives/edgar/data/1735780/000162828026059833/0001628280-26-059833-index.htm,LOW
2026-09-01T20:25:48+00:00,FORM_144,,Liberty Energy Inc.,proposed sale $132K,132253,,https://www.sec.gov/Archives/edgar/data/1705066/000192109426000978/0001921094-26-000978-index.htm,LOW
2026-09-01T20:25:48+00:00,FORM_144,,ACUITY INC. (DE),proposed sale $659K,659240,,https://www.sec.gov/Archives/edgar/data/1302261/000196430626000420/0001964306-26-000420-index.htm,LOW
2026-09-01T20:25:49+00:00,FORM_144,,Netflix Inc.,proposed sale $25.20M,25198859,,https://www.sec.gov/Archives/edgar/data/1065280/000162828026059826/0001628280-26-059826-index.htm,LOW
2026-09-01T20:25:49+00:00,FORM_144,,DTE ENERGY COMPANY,proposed sale $679K,678559,,https://www.sec.gov/Archives/edgar/data/1669115/000195004726008905/0001950047-26-008905-index.htm,LOW
2026-09-01T20:25:50+00:00,FORM_144,,GODADDY INC.,proposed sale $306K,305769,,https://www.sec.gov/Archives/edgar/data/1678432/000195004726008904/0001950047-26-008904-index.htm,LOW
2026-09-01T20:25:50+00:00,FORM_144,,"HARLEY-DAVIDSON, INC.",proposed sale $85K,85483,,https://www.sec.gov/Archives/edgar/data/1813721/000192109426000977/0001921094-26-000977-index.htm,LOW
2026-09-01T20:25:50+00:00,FORM_144,,"EASTERN BANKSHARES, INC.",proposed sale $227K,226565,,https://www.sec.gov/Archives/edgar/data/1825585/000195004726008903/0001950047-26-008903-index.htm,LOW
2026-09-01T20:25:51+00:00,FORM_144,,BRISTOW GROUP INC.,proposed sale $16K,16110,,https://www.sec.gov/Archives/edgar/data/1792626/000195004726008902/0001950047-26-008902-index.htm,LOW
2026-09-01T20:25:51+00:00,FORM_144,,FENNEC PHARMACEUTICALS INC.,proposed sale $121K,121177,,https://www.sec.gov/Archives/edgar/data/1468316/000195004726008901/0001950047-26-008901-index.htm,LOW
2026-09-01T20:25:51+00:00,FORM_144,,"MIRUM PHARMACEUTICALS, INC.",proposed sale $2.96M,2960319,,https://www.sec.gov/Archives/edgar/data/1759425/000195004726008900/0001950047-26-008900-index.htm,LOW
2026-09-01T20:25:51+00:00,FORM_144,,PennyMac Mortgage Investment Trust,proposed sale $23K,22655,,https://www.sec.gov/Archives/edgar/data/1486334/000196430626000419/0001964306-26-000419-index.htm,LOW
2026-09-01T20:25:52+00:00,FORM_144,,"PACS Group, Inc.",proposed sale $5.07M,5070000,,https://www.sec.gov/Archives/edgar/data/2014386/000196922326000980/0001969223-26-000980-index.htm,LOW
2026-09-01T20:25:52+00:00,FORM_144,,"Cinemark Holdings, Inc.",proposed sale $3.76M,3757078,,https://www.sec.gov/Archives/edgar/data/1396621/000192109426000976/0001921094-26-000976-index.htm,LOW
2026-09-01T20:25:52+00:00,FORM_144,,"YUM! Brands, Inc.",proposed sale $128K,127675,,https://www.sec.gov/Archives/edgar/data/1783787/000162828026059815/0001628280-26-059815-index.htm,LOW
2026-09-01T20:25:53+00:00,FORM_144,,ELASTIC N.V.,proposed sale $390K,390363,,https://www.sec.gov/Archives/edgar/data/1707753/000195004726008899/0001950047-26-008899-index.htm,LOW
2026-09-01T20:25:53+00:00,FORM_144,,Willis Lease Finance Corporation,proposed sale $808K,807900,,https://www.sec.gov/Archives/edgar/data/1453104/000162828026059814/0001628280-26-059814-index.htm,LOW
2026-09-01T20:25:53+00:00,FORM_144,,UNITED BANKSHARES INC/WV,proposed sale $149K,148734,,https://www.sec.gov/Archives/edgar/data/1202932/000194984626000558/0001949846-26-000558-index.htm,LOW
2026-09-01T20:25:54+00:00,FORM_144,,ELASTIC N.V.,proposed sale $937K,936691,,https://www.sec.gov/Archives/edgar/data/1927549/000195004726008898/0001950047-26-008898-index.htm,LOW
2026-09-01T20:25:54+00:00,FORM_144,,"Datadog, Inc.",proposed sale $231K,230713,,https://www.sec.gov/Archives/edgar/data/1757760/000162828026059811/0001628280-26-059811-index.htm,LOW
2026-09-01T20:25:54+00:00,FORM_144,,"Verisk Analytics, Inc.",proposed sale $684K,683775,,https://www.sec.gov/Archives/edgar/data/1521495/000196430626000418/0001964306-26-000418-index.htm,LOW
2026-09-01T20:25:55+00:00,FORM_144,,"YUM! BRANDS, INC.",proposed sale $189K,189285,,https://www.sec.gov/Archives/edgar/data/2057807/000162828026059810/0001628280-26-059810-index.htm,LOW
2026-09-01T20:25:55+00:00,FORM_144,,"CNO FINANCIAL GROUP, INC.",proposed sale $222K,222207,,https://www.sec.gov/Archives/edgar/data/1960364/000195004726008897/0001950047-26-008897-index.htm,LOW
2026-09-01T20:25:55+00:00,FORM_144,,"CNO FINANCIAL GROUP, INC.",proposed sale $511K,511002,,https://www.sec.gov/Archives/edgar/data/1789577/000195004726008896/0001950047-26-008896-index.htm,LOW
2026-09-01T20:36:22+00:00,INSIDER_BUY,LINE,"Lineage, Inc.",Marchetti Kevin Patrick $988K,987555,4,https://www.sec.gov/Archives/edgar/data/2021239/000202123926000006/0002021239-26-000006-index.htm,MEDIUM
2026-09-01T20:36:31+00:00,INSIDER_CLUSTER,CWBC,Community West Bancshares,LIVINGSTON SHANNON R $2K,2301,1,https://www.sec.gov/Archives/edgar/data/1966223/000162828026059851/0001628280-26-059851-index.htm,HIGH
2026-09-01T20:36:33+00:00,FORM_144,,"CoreWeave, Inc.",proposed sale $13.34M,13342840,,https://www.sec.gov/Archives/edgar/data/2058048/000196858226000917/0001968582-26-000917-index.htm,LOW
2026-09-01T20:36:33+00:00,FORM_144,,SEI INVESTMENTS CO,proposed sale $549K,548502,,https://www.sec.gov/Archives/edgar/data/1191727/000192109426000981/0001921094-26-000981-index.htm,LOW
2026-09-01T20:36:33+00:00,FORM_144,,"PAGERDUTY, INC.",proposed sale $1.81M,1806416,,https://www.sec.gov/Archives/edgar/data/1674159/000195004726008916/0001950047-26-008916-index.htm,LOW
2026-09-01T20:36:34+00:00,FORM_144,,"Generate Biomedicines, Inc.",proposed sale $16K,16002,,https://www.sec.gov/Archives/edgar/data/2100782/000195917326006611/0001959173-26-006611-index.htm,LOW
2026-09-01T20:36:34+00:00,FORM_144,,"Amphastar Pharmaceuticals, Inc.",proposed sale $290K,290114,,https://www.sec.gov/Archives/edgar/data/1645326/000196922326000982/0001969223-26-000982-index.htm,LOW
2026-09-01T20:36:34+00:00,FORM_144,,"PINTEREST, INC.",proposed sale $1.01M,1013843,,https://www.sec.gov/Archives/edgar/data/1773914/000192109426000980/0001921094-26-000980-index.htm,LOW
2026-09-01T20:36:35+00:00,FORM_144,,Flowco Holdings Inc.,proposed sale $199K,198586,,https://www.sec.gov/Archives/edgar/data/2049797/000204979726000002/0002049797-26-000002-index.htm,LOW
2026-09-01T20:46:57+00:00,FORM_144,,ORTHOFIX MEDICAL INC.,proposed sale $4K,4225,,https://www.sec.gov/Archives/edgar/data/1677842/000195004726008935/0001950047-26-008935-index.htm,LOW
2026-09-01T20:46:57+00:00,FORM_144,,ODDITY TECH LTD,proposed sale $111K,111124,,https://www.sec.gov/Archives/edgar/data/2008127/000195004726008934/0001950047-26-008934-index.htm,LOW
2026-09-01T20:46:58+00:00,FORM_144,,Regional Management Corp.,proposed sale $37K,37192,,https://www.sec.gov/Archives/edgar/data/1538637/000089914026001034/0000899140-26-001034-index.htm,LOW
2026-09-01T20:46:58+00:00,FORM_144,,"Omada Health, Inc.",proposed sale $530K,529592,,https://www.sec.gov/Archives/edgar/data/2069522/000195004726008933/0001950047-26-008933-index.htm,LOW
2026-09-01T20:46:58+00:00,FORM_144,,Palantir Technologies Inc.,proposed sale $250K,250121,,https://www.sec.gov/Archives/edgar/data/1840244/000195004726008932/0001950047-26-008932-index.htm,LOW
2026-09-01T20:46:59+00:00,FORM_144,,"WORKDAY, INC.",proposed sale $18.75M,18750049,,https://www.sec.gov/Archives/edgar/data/1327811/000195004726008931/0001950047-26-008931-index.htm,LOW
2026-09-01T20:46:59+00:00,FORM_144,,SEAGATE TECHNOLOGY HOLDINGS PUBLIC LIMITED COMPANY,proposed sale $621K,621285,,https://www.sec.gov/Archives/edgar/data/1906375/000195004726008930/0001950047-26-008930-index.htm,LOW
2026-09-01T20:46:59+00:00,FORM_144,,"AMERICAN HEALTHCARE REIT, INC.",proposed sale $111K,110780,,https://www.sec.gov/Archives/edgar/data/1941750/000162828026059865/0001628280-26-059865-index.htm,LOW
2026-09-01T20:47:00+00:00,FORM_144,,"DATADOG, INC.",proposed sale $12.78M,12779300,,https://www.sec.gov/Archives/edgar/data/1783984/000195004726008929/0001950047-26-008929-index.htm,LOW
2026-09-01T20:47:00+00:00,FORM_144,,"INTERCONTINENTAL EXCHANGE, INC.",proposed sale $804K,803500,,https://www.sec.gov/Archives/edgar/data/1919795/000195004726008928/0001950047-26-008928-index.htm,LOW
2026-09-01T20:47:00+00:00,FORM_144,,MICROSOFT CORPORATION,proposed sale $43.89M,43893267,,https://www.sec.gov/Archives/edgar/data/1513142/000195004726008927/0001950047-26-008927-index.htm,LOW
2026-09-01T20:47:01+00:00,FORM_144,,"Astera Labs, Inc.",proposed sale $9.80M,9800340,,https://www.sec.gov/Archives/edgar/data/1736297/000195004726008926/0001950047-26-008926-index.htm,LOW
2026-09-01T20:47:01+00:00,FORM_144,,"Ibotta, Inc.",proposed sale $63K,63353,,https://www.sec.gov/Archives/edgar/data/2017890/000195917326006612/0001959173-26-006612-index.htm,LOW
2026-09-01T20:47:01+00:00,FORM_144,,INTERCONTINENTAL EXCHANGE INC,proposed sale $2.07M,2066923,,https://www.sec.gov/Archives/edgar/data/1722067/000195004726008925/0001950047-26-008925-index.htm,LOW
2026-09-01T20:47:02+00:00,FORM_144,,"BILL HOLDINGS, INC.",proposed sale $1.65M,1647728,,https://www.sec.gov/Archives/edgar/data/2073970/000195004726008924/0001950047-26-008924-index.htm,LOW
2026-09-01T20:47:02+00:00,FORM_144,,"Contineum Therapeutics, Inc.",proposed sale $155K,154604,,https://www.sec.gov/Archives/edgar/data/1861550/000195004726008923/0001950047-26-008923-index.htm,LOW
2026-09-01T20:47:02+00:00,FORM_144,,"Heritage Insurance Holdings, Inc.",proposed sale $309K,309304,,https://www.sec.gov/Archives/edgar/data/1639407/000195004726008922/0001950047-26-008922-index.htm,LOW
2026-09-01T20:47:03+00:00,FORM_144,,ETSY INC,proposed sale $1.63M,1626600,,https://www.sec.gov/Archives/edgar/data/1370637/000195004726008921/0001950047-26-008921-index.htm,LOW
2026-09-01T20:47:03+00:00,FORM_144,,"Affirm Holdings, Inc.",proposed sale $1.17M,1172215,,https://www.sec.gov/Archives/edgar/data/1820953/000195004726008920/0001950047-26-008920-index.htm,LOW
2026-09-01T20:47:03+00:00,FORM_144,,"FUNKO, INC",proposed sale $241K,241295,,https://www.sec.gov/Archives/edgar/data/2014560/000195004726008919/0001950047-26-008919-index.htm,LOW
2026-09-01T20:47:04+00:00,FORM_144,,"Coinbase Global, Inc.",proposed sale $1.88M,1881200,,https://www.sec.gov/Archives/edgar/data/1679788/000195004726008918/0001950047-26-008918-index.htm,LOW
2026-09-01T20:47:04+00:00,FORM_144,,"FIGMA, INC.",proposed sale $20K,20122,,https://www.sec.gov/Archives/edgar/data/2073592/000195004726008917/0001950047-26-008917-index.htm,LOW
2026-09-01T20:47:04+00:00,FORM_144,,Blackbaud Inc,proposed sale $95K,95058,,https://www.sec.gov/Archives/edgar/data/1492840/000162828026059856/0001628280-26-059856-index.htm,LOW
2026-09-01T20:54:45+00:00,FORM_144,,"Affirm Holdings, Inc.",proposed sale $3.10M,3101884,,https://www.sec.gov/Archives/edgar/data/1870331/000195004726008964/0001950047-26-008964-index.htm,LOW
2026-09-01T20:54:45+00:00,FORM_144,,CARVANA CO,proposed sale $3.67M,3673000,,https://www.sec.gov/Archives/edgar/data/1700537/000195004726008963/0001950047-26-008963-index.htm,LOW
2026-09-01T20:54:46+00:00,FORM_144,,"ICF International, Inc.",proposed sale $570K,570240,,https://www.sec.gov/Archives/edgar/data/1376437/000195004726008962/0001950047-26-008962-index.htm,LOW
2026-09-01T20:54:47+00:00,FORM_144,,"FIGMA, INC.",proposed sale $20K,20122,,https://www.sec.gov/Archives/edgar/data/2073592/000195004726008960/0001950047-26-008960-index.htm,LOW
2026-09-01T20:54:47+00:00,FORM_144,,"ARS PHARMACEUTICALS, INC.",proposed sale $273K,272849,,https://www.sec.gov/Archives/edgar/data/1951291/000195004726008961/0001950047-26-008961-index.htm,LOW
2026-09-01T20:54:48+00:00,FORM_144,,TEMPUS AI INC,proposed sale $43K,42621,,https://www.sec.gov/Archives/edgar/data/1739090/000195004726008959/0001950047-26-008959-index.htm,LOW
2026-09-01T20:54:49+00:00,FORM_144,,CARVANA CO,proposed sale $4.68M,4683075,,https://www.sec.gov/Archives/edgar/data/1700540/000195004726008958/0001950047-26-008958-index.htm,LOW
2026-09-01T20:54:49+00:00,FORM_144,,PERFORMANCE FOOD GROUP COMPANY,proposed sale $298K,297510,,https://www.sec.gov/Archives/edgar/data/1956546/000195004726008957/0001950047-26-008957-index.htm,LOW
2026-09-01T20:54:50+00:00,FORM_144,,WEX Inc.,proposed sale $5.34M,5342371,,https://www.sec.gov/Archives/edgar/data/1317498/000162828026059880/0001628280-26-059880-index.htm,LOW
2026-09-01T20:54:50+00:00,FORM_144,,Roblox Corporation,proposed sale $344K,344069,,https://www.sec.gov/Archives/edgar/data/1834990/000195004726008956/0001950047-26-008956-index.htm,LOW
2026-09-01T20:54:50+00:00,FORM_144,,COHERENT CORP.,proposed sale $1.68M,1675314,,https://www.sec.gov/Archives/edgar/data/1661122/000195004726008955/0001950047-26-008955-index.htm,LOW
2026-09-01T20:54:51+00:00,FORM_144,,"Oruka Therapeutics, Inc.",proposed sale $463K,463100,,https://www.sec.gov/Archives/edgar/data/2075401/000195004726008954/0001950047-26-008954-index.htm,LOW
2026-09-01T20:54:51+00:00,FORM_144,,"Astera Labs, Inc.",proposed sale $44.55M,44547000,,https://www.sec.gov/Archives/edgar/data/1736297/000195004726008953/0001950047-26-008953-index.htm,LOW
2026-09-01T20:54:52+00:00,FORM_144,,ARISTA NETWORKS INC,proposed sale $120K,119762,,https://www.sec.gov/Archives/edgar/data/1850596/000195004726008952/0001950047-26-008952-index.htm,LOW
2026-09-01T20:54:52+00:00,FORM_144,,"ICHOR HOLDINGS, LTD.",proposed sale $567K,567145,,https://www.sec.gov/Archives/edgar/data/1958644/000195004726008951/0001950047-26-008951-index.htm,LOW
2026-09-01T20:54:53+00:00,FORM_144,,DIANTHUS THERAPEUTICS INC,proposed sale $2.44M,2442125,,https://www.sec.gov/Archives/edgar/data/1992260/000195004726008950/0001950047-26-008950-index.htm,LOW
2026-09-01T20:54:53+00:00,FORM_144,,"Oruka Therapeutics, Inc.",proposed sale $6.95M,6946500,,https://www.sec.gov/Archives/edgar/data/1762583/000195004726008949/0001950047-26-008949-index.htm,LOW
2026-09-01T20:54:54+00:00,FORM_144,,"CYTOKINETICS, INCORPORATED",proposed sale $355K,354550,,https://www.sec.gov/Archives/edgar/data/1073385/000195004726008948/0001950047-26-008948-index.htm,LOW
2026-09-01T20:54:54+00:00,FORM_144,,"CoreWeave, Inc.",proposed sale $16.98M,16978000,,https://www.sec.gov/Archives/edgar/data/2058037/000195004726008947/0001950047-26-008947-index.htm,LOW
2026-09-01T20:54:55+00:00,FORM_144,,"CoreWeave, Inc.",proposed sale $9.14M,9141973,,https://www.sec.gov/Archives/edgar/data/2058037/000195004726008946/0001950047-26-008946-index.htm,LOW
2026-09-01T20:54:55+00:00,FORM_144,,HERITAGE GLOBAL INC.,proposed sale $3K,3225,,https://www.sec.gov/Archives/edgar/data/1641547/000195004726008945/0001950047-26-008945-index.htm,LOW
2026-09-01T20:54:56+00:00,FORM_144,,DENALI THERAPEUTICS INC,proposed sale $66K,65767,,https://www.sec.gov/Archives/edgar/data/1724311/000195004726008944/0001950047-26-008944-index.htm,LOW
2026-09-01T20:54:56+00:00,FORM_144,,Roblox Corporation,proposed sale $344K,344069,,https://www.sec.gov/Archives/edgar/data/1834990/000195004726008943/0001950047-26-008943-index.htm,LOW
2026-09-01T20:54:57+00:00,FORM_144,,Vertiv Holdings Co,proposed sale $3.96M,3955052,,https://www.sec.gov/Archives/edgar/data/1674101/000195004726008942/0001950047-26-008942-index.htm,LOW
2026-09-01T20:54:57+00:00,FORM_144,,"MUELLER WATER PRODUCTS, INC.",proposed sale $13K,13128,,https://www.sec.gov/Archives/edgar/data/1764692/000162828026059874/0001628280-26-059874-index.htm,LOW
2026-09-01T20:54:57+00:00,FORM_144,,"Ibotta, Inc.",proposed sale $220K,219632,,https://www.sec.gov/Archives/edgar/data/1873513/000195917326006615/0001959173-26-006615-index.htm,LOW
2026-09-01T20:54:58+00:00,FORM_144,,"Ibotta, Inc.",proposed sale $220K,219567,,https://www.sec.gov/Archives/edgar/data/1873513/000195917326006614/0001959173-26-006614-index.htm,LOW
2026-09-01T20:54:58+00:00,FORM_144,,VERACYTE INC,proposed sale $161K,161012,,https://www.sec.gov/Archives/edgar/data/1846905/000195004726008941/0001950047-26-008941-index.htm,LOW
2026-09-01T20:54:59+00:00,FORM_144,,"Tempus AI, Inc.",proposed sale $1.94M,1944840,,https://www.sec.gov/Archives/edgar/data/2024250/000195004726008940/0001950047-26-008940-index.htm,LOW
2026-09-01T20:54:59+00:00,FORM_144,,"FASTLY, INC.",proposed sale $1.27M,1266645,,https://www.sec.gov/Archives/edgar/data/2074428/000195004726008939/0001950047-26-008939-index.htm,LOW
2026-09-01T20:55:00+00:00,FORM_144,,National Energy Services Reunited Corp.,proposed sale $3.50M,3500000,,https://www.sec.gov/Archives/edgar/data/1698514/000094787126000855/0000947871-26-000855-index.htm,LOW
2026-09-01T20:55:00+00:00,FORM_144,,EverCommerce Inc.,proposed sale $390K,390051,,https://www.sec.gov/Archives/edgar/data/1856906/000195917326006613/0001959173-26-006613-index.htm,LOW
2026-09-01T20:55:01+00:00,FORM_144,,"DOORDASH, INC.",proposed sale $3.86M,3862410,,https://www.sec.gov/Archives/edgar/data/1832617/000195004726008938/0001950047-26-008938-index.htm,LOW
2026-09-01T20:55:01+00:00,FORM_144,,SEAGATE TECHNOLOGY HOLDINGS PLC,proposed sale $74.55M,74554200,,https://www.sec.gov/Archives/edgar/data/1388390/000195004726008937/0001950047-26-008937-index.htm,LOW
2026-09-01T20:55:01+00:00,FORM_144,,NextNav Inc.,proposed sale $1.11M,1108567,,https://www.sec.gov/Archives/edgar/data/1998558/000195004726008936/0001950047-26-008936-index.htm,LOW
2026-09-01T21:19:19+00:00,INSIDER_BUY,EQPT,EquipmentShare.com Inc,Schlacks Jabbok $440K,440395,4,https://www.sec.gov/Archives/edgar/data/2091677/000095010326013377/0000950103-26-013377-index.htm,MEDIUM
2026-09-01T21:19:25+00:00,FORM_144,,American Well Corporation,proposed sale $42K,42173,,https://www.sec.gov/Archives/edgar/data/1824038/000119312526378641/0001193125-26-378641-index.htm,LOW
2026-09-01T21:19:26+00:00,FORM_144,,"Sprouts Farmers Market, Inc.",proposed sale $1.74M,1743556,,https://www.sec.gov/Archives/edgar/data/1719121/000195824426000566/0001958244-26-000566-index.htm,LOW
2026-09-01T21:19:26+00:00,FORM_144,,"KODIAK GAS SERVICES, INC.",proposed sale $357K,357240,,https://www.sec.gov/Archives/edgar/data/1971122/000195824426000565/0001958244-26-000565-index.htm,LOW
2026-09-01T21:19:26+00:00,FORM_144,,"Hinge Health, Inc.",proposed sale $754K,754380,,https://www.sec.gov/Archives/edgar/data/2152243/000197407826000341/0001974078-26-000341-index.htm,LOW
2026-09-01T21:19:27+00:00,FORM_144,,"Lazard, Inc.",proposed sale $423K,423200,,https://www.sec.gov/Archives/edgar/data/1402373/000195824426000564/0001958244-26-000564-index.htm,LOW
2026-09-01T21:19:27+00:00,FORM_144,,Westinghouse Air Brake Technologies Corporation,proposed sale $1.83M,1827373,,https://www.sec.gov/Archives/edgar/data/1767799/000195824426000563/0001958244-26-000563-index.htm,LOW
2026-09-01T21:19:27+00:00,FORM_144,,"Hinge Health, Inc.",proposed sale $27K,26730,,https://www.sec.gov/Archives/edgar/data/2029414/000197407826000340/0001974078-26-000340-index.htm,LOW
2026-09-01T21:19:28+00:00,FORM_144,,"Hinge Health, Inc.",proposed sale $1.01M,1008360,,https://www.sec.gov/Archives/edgar/data/1673743/000197407826000339/0001974078-26-000339-index.htm,LOW
2026-09-01T21:19:28+00:00,FORM_144,,"Astera Labs, Inc.",proposed sale $50.49M,50486600,,https://www.sec.gov/Archives/edgar/data/1736297/000195004726008973/0001950047-26-008973-index.htm,LOW
2026-09-01T21:19:28+00:00,FORM_144,,WOLVERINE WORLD WIDE INC /DE/,proposed sale $489K,489478,,https://www.sec.gov/Archives/edgar/data/1185940/000196530126000134/0001965301-26-000134-index.htm,LOW
2026-09-01T21:19:29+00:00,FORM_144,,NANO NUCLEAR ENERGY INC,proposed sale $8.68M,8678605,,https://www.sec.gov/Archives/edgar/data/2011890/000195004726008971/0001950047-26-008971-index.htm,LOW
2026-09-01T21:19:29+00:00,FORM_144,,SPYRE THERAPEUTICS INC,proposed sale $4.17M,4168584,,https://www.sec.gov/Archives/edgar/data/1794898/000195004726008970/0001950047-26-008970-index.htm,LOW
2026-09-01T21:19:30+00:00,FORM_144,,"Marqeta, Inc.",proposed sale $82K,82100,,https://www.sec.gov/Archives/edgar/data/1870987/000195004726008969/0001950047-26-008969-index.htm,LOW
2026-09-01T21:19:30+00:00,FORM_144,,"DOORDASH, INC.",proposed sale $3.95M,3953716,,https://www.sec.gov/Archives/edgar/data/1849709/000195004726008968/0001950047-26-008968-index.htm,LOW
2026-09-01T21:19:30+00:00,FORM_144,,E.L.F BEAUTY INC,proposed sale $2.40M,2399536,,https://www.sec.gov/Archives/edgar/data/1797370/000195004726008967/0001950047-26-008967-index.htm,LOW
2026-09-01T21:19:31+00:00,FORM_144,,UNITED THERAPEUTICS CORPORATION,proposed sale $101.82M,101820810,,https://www.sec.gov/Archives/edgar/data/1106578/000195004726008966/0001950047-26-008966-index.htm,LOW
2026-09-01T21:19:31+00:00,FORM_144,,"FIGMA, INC.",proposed sale $20K,20095,,https://www.sec.gov/Archives/edgar/data/2073592/000195004726008965/0001950047-26-008965-index.htm,LOW
2026-09-01T21:30:58+00:00,FORM_144,,Flutter Entertainment plc,proposed sale $69K,69479,,https://www.sec.gov/Archives/edgar/data/2028515/000197337926000326/0001973379-26-000326-index.htm,LOW
2026-09-01T21:30:58+00:00,FORM_144,,Flutter Entertainment plc,proposed sale $172K,172427,,https://www.sec.gov/Archives/edgar/data/2012791/000197337926000325/0001973379-26-000325-index.htm,LOW
2026-09-01T21:30:58+00:00,FORM_144,,PROVIDENT FINANCIAL SERVICES INC,proposed sale $370K,370411,,https://www.sec.gov/Archives/edgar/data/1185280/000118528026000006/0001185280-26-000006-index.htm,LOW
2026-09-01T21:30:59+00:00,FORM_144,,American Well Corporation,proposed sale $127K,126897,,https://www.sec.gov/Archives/edgar/data/1393584/000119312526378652/0001193125-26-378652-index.htm,LOW
2026-09-01T21:41:43+00:00,INSIDER_CLUSTER,UAMY,UNITED STATES ANTIMONY CORP,Carrabba Joseph A $101K,100536,0,https://www.sec.gov/Archives/edgar/data/1328270/000110465926104378/0001104659-26-104378-index.htm,HIGH
2026-09-01T21:41:46+00:00,FORM_144,,Flutter Entertainment plc,proposed sale $77K,77406,,https://www.sec.gov/Archives/edgar/data/2012952/000197337926000329/0001973379-26-000329-index.htm,LOW
2026-09-01T21:41:47+00:00,FORM_144,,Flutter Entertainment plc,proposed sale $55K,55290,,https://www.sec.gov/Archives/edgar/data/1635327/000197337926000328/0001973379-26-000328-index.htm,LOW
2026-09-01T21:41:47+00:00,FORM_144,,Flutter Entertainment plc,proposed sale $73K,72513,,https://www.sec.gov/Archives/edgar/data/2012862/000197337926000327/0001973379-26-000327-index.htm,LOW
2026-09-01T21:50:36+00:00,FORM_144,,"Health Catalyst, Inc.",proposed sale $547,546,,https://www.sec.gov/Archives/edgar/data/2086403/000162828026059933/0001628280-26-059933-index.htm,LOW
2026-09-01T21:50:36+00:00,FORM_144,,"Health Catalyst, Inc.",proposed sale $31K,30618,,https://www.sec.gov/Archives/edgar/data/1839111/000162828026059931/0001628280-26-059931-index.htm,LOW
2026-09-01T21:50:37+00:00,FORM_144,,"Health Catalyst, Inc.",proposed sale $22K,22431,,https://www.sec.gov/Archives/edgar/data/1975281/000162828026059929/0001628280-26-059929-index.htm,LOW
2026-09-01T22:11:33+00:00,FORM_144,,GeneDx Holdings Corp.,proposed sale $458K,458500,,https://www.sec.gov/Archives/edgar/data/1944119/000162828026059939/0001628280-26-059939-index.htm,LOW
2026-09-01T22:11:34+00:00,FORM_144,,GeneDx Holdings Corp.,proposed sale $1.21M,1208100,,https://www.sec.gov/Archives/edgar/data/1818331/000162828026059938/0001628280-26-059938-index.htm,LOW
2026-09-01T22:11:34+00:00,FORM_144,,Super Group (SGHC) Limited,proposed sale $560K,560000,,https://www.sec.gov/Archives/edgar/data/2117569/000101143826000561/0001011438-26-000561-index.htm,LOW
2026-09-01T22:33:24+00:00,INSIDER_BUY,LILA,Liberty Latin America Ltd.,MALONE JOHN C $1.03M,1029705,4,https://www.sec.gov/Archives/edgar/data/1712184/000093779726000027/0000937797-26-000027-index.htm,MEDIUM
2026-09-01T22:33:27+00:00,FORM_144,,Kinetik Holdings Inc.,proposed sale $2.50M,2499902,,https://www.sec.gov/Archives/edgar/data/1904934/000090514826004059/0000905148-26-004059-index.htm,LOW
2026-09-01T22:43:04+00:00,FORM_144,,BLUE OWL CAPITAL INC.,proposed sale $69.69M,69689012,,https://www.sec.gov/Archives/edgar/data/1987662/000119312526378857/0001193125-26-378857-index.htm,LOW
2026-09-01T22:43:04+00:00,FORM_144,,Blue Owl Capital Inc.,proposed sale $8.61M,8613594,,https://www.sec.gov/Archives/edgar/data/2002470/000119312526378854/0001193125-26-378854-index.htm,LOW
2026-09-01T22:51:36+00:00,INSIDER_CLUSTER,LIEN,"Chicago Atlantic BDC, Inc.",Gordon Scott $1K,1369,1,https://www.sec.gov/Archives/edgar/data/1843162/000119312526378888/0001193125-26-378888-index.htm,HIGH
2026-09-01T22:59:40+00:00,FORM_144,,"Business First Bancshares, Inc.",proposed sale $587K,586567,,https://www.sec.gov/Archives/edgar/data/2106698/000195824426000567/0001958244-26-000567-index.htm,LOW
2026-09-01T23:12:14+00:00,FORM_144,,SOUTHERN COPPER CORPORATION,proposed sale $87K,87000,,https://www.sec.gov/Archives/edgar/data/1284489/000128448926000036/0001284489-26-000036-index.htm,LOW
2026-09-01T23:21:31+00:00,FORM_144,,Aura Minerals Inc.,proposed sale $53,53,,https://www.sec.gov/Archives/edgar/data/2126752/000212675226000014/0002126752-26-000014-index.htm,LOW
2026-09-01T23:29:22+00:00,FORM_144,,"Atomera, Inc.",proposed sale $22K,21732,,https://www.sec.gov/Archives/edgar/data/1680617/000168316826006866/0001683168-26-006866-index.htm,LOW
2026-09-01T23:29:23+00:00,FORM_144,,"Atomera, Inc.",proposed sale $26K,26338,,https://www.sec.gov/Archives/edgar/data/1680612/000168316826006865/0001683168-26-006865-index.htm,LOW
2026-09-01T23:29:23+00:00,FORM_144,,"Atomera, Inc.",proposed sale $56K,55706,,https://www.sec.gov/Archives/edgar/data/1464249/000168316826006864/0001683168-26-006864-index.htm,LOW
2026-09-01T23:55:32+00:00,INSIDER_BUY,AUGO,Aura Minerals Inc.,Sousa Mauad Bruno $21.79M,21792751,4,https://www.sec.gov/Archives/edgar/data/2117905/000211790526000026/0002117905-26-000026-index.htm,MEDIUM
2026-09-02T00:06:33+00:00,FORM_144,,"Alector, Inc.",proposed sale $77K,77047,,https://www.sec.gov/Archives/edgar/data/2075298/000119312526379020/0001193125-26-379020-index.htm,LOW
2026-09-02T00:06:33+00:00,FORM_144,,"Alector, Inc.",proposed sale $14K,13588,,https://www.sec.gov/Archives/edgar/data/2074667/000119312526379023/0001193125-26-379023-index.htm,LOW
2026-09-02T00:06:33+00:00,FORM_144,,"Alector, Inc.",proposed sale $191K,191284,,https://www.sec.gov/Archives/edgar/data/1757770/000119312526379022/0001193125-26-379022-index.htm,LOW
2026-09-02T01:50:28+00:00,INSIDER_CLUSTER,QNRX,"Quoin Pharmaceuticals, Ltd.",Myers Michael $100K,99991,1,https://www.sec.gov/Archives/edgar/data/1959547/000110465926104404/0001104659-26-104404-index.htm,HIGH
2026-09-02T01:50:30+00:00,INSIDER_CLUSTER,QNRX,"Quoin Pharmaceuticals, Ltd.",Lawlor Sally Bridget $50K,49990,1,https://www.sec.gov/Archives/edgar/data/2084407/000110465926104403/0001104659-26-104403-index.htm,HIGH
2026-09-02T01:50:31+00:00,INSIDER_CLUSTER,QNRX,"Quoin Pharmaceuticals, Ltd.",Culverwell Anthony James $30K,29992,1,https://www.sec.gov/Archives/edgar/data/1693548/000110465926104402/0001104659-26-104402-index.htm,HIGH
2026-09-02T01:50:32+00:00,FORM_144,,LESAKA TECHNOLOGIES INC,proposed sale $3.91M,3909570,,https://www.sec.gov/Archives/edgar/data/1490628/000094787126000856/0000947871-26-000856-index.htm,LOW
2026-09-02T10:21:57+00:00,FORM_144,,Luckin Coffee Inc.,proposed sale $95.47M,95474228,,https://www.sec.gov/Archives/edgar/data/1992544/000110465926104437/0001104659-26-104437-index.htm,LOW
2026-09-02T10:21:57+00:00,FORM_144,,Jiayin Group Inc.,proposed sale $705K,705185,,https://www.sec.gov/Archives/edgar/data/1980181/000119312526379277/0001193125-26-379277-index.htm,LOW
2026-09-02T10:21:57+00:00,FORM_144,,Jiayin Group Inc.,proposed sale $52K,51633,,https://www.sec.gov/Archives/edgar/data/2142696/000119312526379276/0001193125-26-379276-index.htm,LOW
2026-09-02T12:23:38+00:00,INSIDER_BUY,NIVF,NewGenIvf Group Ltd,Cheung Kong Yiu $4.16M,4163334,97,https://www.sec.gov/Archives/edgar/data/2148231/000121390026096450/0001213900-26-096450-index.htm,MEDIUM
2026-09-02T12:23:39+00:00,FORM_144,,Wix.com Ltd.,proposed sale $33K,33182,,https://www.sec.gov/Archives/edgar/data/1975805/000197640826000795/0001976408-26-000795-index.htm,LOW
2026-09-02T12:23:40+00:00,FORM_144,,Wix.com Ltd.,proposed sale $58K,57715,,https://www.sec.gov/Archives/edgar/data/1969583/000197640826000794/0001976408-26-000794-index.htm,LOW
2026-09-02T12:23:40+00:00,FORM_144,,Fiverr International Ltd.,proposed sale $38K,37550,,https://www.sec.gov/Archives/edgar/data/2113552/000197640826000793/0001976408-26-000793-index.htm,LOW
2026-09-02T12:39:43+00:00,FORM_144,,SLB LIMITED/NV,proposed sale $2.10M,2100000,,https://www.sec.gov/Archives/edgar/data/1497824/000195917326006616/0001959173-26-006616-index.htm,LOW
2026-09-02T13:31:31+00:00,FORM_144,,"Fulcrum Therapeutics, Inc.",proposed sale $54K,54419,,https://www.sec.gov/Archives/edgar/data/1916566/000119312526379476/0001193125-26-379476-index.htm,LOW
2026-09-02T13:54:54+00:00,FORM_144,,"Circle Internet Group, Inc.",proposed sale $105K,104916,,https://www.sec.gov/Archives/edgar/data/1876042/000195917326006617/0001959173-26-006617-index.htm,LOW
2026-09-02T14:33:58+00:00,INSIDER_CLUSTER,WIX,Wix.com Ltd.,Meyer Shelly B $29K,28687,2,https://www.sec.gov/Archives/edgar/data/1969467/000162828026059988/0001628280-26-059988-index.htm,HIGH
2026-09-02T14:34:00+00:00,INSIDER_CLUSTER,WIX,Wix.com Ltd.,Even-Haim Yaniv $19K,19164,2,https://www.sec.gov/Archives/edgar/data/1969635/000162828026059986/0001628280-26-059986-index.htm,HIGH
2026-09-02T14:34:03+00:00,INSIDER_CLUSTER,WIX,Wix.com Ltd.,Shai Omer $29K,29346,2,https://www.sec.gov/Archives/edgar/data/1976036/000162828026059984/0001628280-26-059984-index.htm,HIGH
2026-09-02T14:34:04+00:00,INSIDER_CLUSTER,WIX,Wix.com Ltd.,Shemesh Lior $27K,27309,2,https://www.sec.gov/Archives/edgar/data/1826257/000162828026059982/0001628280-26-059982-index.htm,HIGH
2026-09-02T14:34:08+00:00,INSIDER_CLUSTER,WIX,Wix.com Ltd.,Zohar Nir $39K,38748,2,https://www.sec.gov/Archives/edgar/data/1975805/000162828026059979/0001628280-26-059979-index.htm,HIGH
2026-09-02T15:17:24+00:00,FORM_144,,AUTOMATIC DATA PROCESSING INC,proposed sale $1.84M,1842896,,https://www.sec.gov/Archives/edgar/data/1805266/000195917326006620/0001959173-26-006620-index.htm,LOW
2026-09-02T15:17:25+00:00,FORM_144,,"Toast, Inc.",proposed sale $468K,468241,,https://www.sec.gov/Archives/edgar/data/2004790/000195917326006619/0001959173-26-006619-index.htm,LOW
2026-09-02T15:17:25+00:00,FORM_144,,"MARSH & MCLENNAN COMPANIES, INC.",proposed sale $3.14M,3139822,,https://www.sec.gov/Archives/edgar/data/1580963/000195917326006618/0001959173-26-006618-index.htm,LOW
2026-09-02T15:35:32+00:00,INSIDER_BUY,PBLSX,"AMG Pantheon Infrastructure Fund, LLC","BlueArc Capital Management, LLC $25.00M",24999999,313,https://www.sec.gov/Archives/edgar/data/2098163/000110465926104578/0001104659-26-104578-index.htm,MEDIUM
2026-09-02T15:35:36+00:00,FORM_144,,AUTOMATIC DATA PROCESSING INC,proposed sale $433K,432707,,https://www.sec.gov/Archives/edgar/data/2046853/000195917326006623/0001959173-26-006623-index.htm,LOW
2026-09-02T15:35:36+00:00,FORM_144,,NORDSON CORP,proposed sale $49K,49408,,https://www.sec.gov/Archives/edgar/data/1454309/000100027526000102/0001000275-26-000102-index.htm,LOW
2026-09-02T15:35:37+00:00,FORM_144,,JOHNSON & JOHNSON,proposed sale $9.23M,9230439,,https://www.sec.gov/Archives/edgar/data/1998491/000195917326006622/0001959173-26-006622-index.htm,LOW
2026-09-02T15:35:37+00:00,FORM_144,,"Heartflow, Inc.",proposed sale $297K,297325,,https://www.sec.gov/Archives/edgar/data/2079946/000195917326006621/0001959173-26-006621-index.htm,LOW
2026-09-02T15:49:36+00:00,FORM_144,,"Circle Internet Group, Inc.",proposed sale $655K,655334,,https://www.sec.gov/Archives/edgar/data/2083179/000195917326006627/0001959173-26-006627-index.htm,LOW
2026-09-02T15:49:37+00:00,FORM_144,,"Circle Internet Group, Inc.",proposed sale $714K,713504,,https://www.sec.gov/Archives/edgar/data/1876042/000195917326006626/0001959173-26-006626-index.htm,LOW
2026-09-02T15:49:37+00:00,FORM_144,,AUTOMATIC DATA PROCESSING INC,proposed sale $530K,529776,,https://www.sec.gov/Archives/edgar/data/1866614/000195917326006625/0001959173-26-006625-index.htm,LOW
2026-09-02T15:49:37+00:00,FORM_144,,AUTOMATIC DATA PROCESSING INC,proposed sale $8.44M,8436230,,https://www.sec.gov/Archives/edgar/data/1608466/000195917326006624/0001959173-26-006624-index.htm,LOW
2026-09-02T15:58:54+00:00,FORM_144,,LAM RESEARCH CORP,proposed sale $17.41M,17406370,,https://www.sec.gov/Archives/edgar/data/1707827/000195917326006628/0001959173-26-006628-index.htm,LOW
2026-09-02T16:14:24+00:00,FORM_144,,PEAPACK GLADSTONE FINANCIAL CORP,proposed sale $56K,55825,,https://www.sec.gov/Archives/edgar/data/1778117/000195917326006629/0001959173-26-006629-index.htm,LOW
2026-09-02T16:14:25+00:00,FORM_144,,BRIGHT HORIZONS FAMILY SOLUTIONS INC.,proposed sale $432K,431505,,https://www.sec.gov/Archives/edgar/data/1437578/000119329326000002/0001193293-26-000002-index.htm,LOW
2026-09-02T16:29:02+00:00,INSIDER_CLUSTER,RGCO,RGC RESOURCES INC,Oliver Lawrence T. $200,199,1,https://www.sec.gov/Archives/edgar/data/1801438/000143774926029483/0001437749-26-029483-index.htm,HIGH
2026-09-02T16:29:04+00:00,INSIDER_CLUSTER,RGCO,RGC RESOURCES INC,Miles Christen Brooke $100,99,1,https://www.sec.gov/Archives/edgar/data/1968153/000143774926029481/0001437749-26-029481-index.htm,HIGH
2026-09-02T16:29:16+00:00,FORM_144,,"Newegg Commerce, Inc.",proposed sale $658K,658213,,https://www.sec.gov/Archives/edgar/data/2114022/000149315226041185/0001493152-26-041185-index.htm,LOW
2026-09-02T16:29:17+00:00,FORM_144,,"Hims & Hers Health, Inc.",proposed sale $98K,97965,,https://www.sec.gov/Archives/edgar/data/1837817/000195917326006631/0001959173-26-006631-index.htm,LOW
2026-09-02T16:29:17+00:00,FORM_144,,"Leonardo DRS, Inc.",proposed sale $766K,765950,,https://www.sec.gov/Archives/edgar/data/1849658/000195917326006630/0001959173-26-006630-index.htm,LOW
2026-09-02T16:43:03+00:00,FORM_144,,PEOPLES BANCORP OF NORTH CAROLINA INC,proposed sale $21K,21427,,https://www.sec.gov/Archives/edgar/data/1244172/000124417226000010/0001244172-26-000010-index.htm,LOW
2026-09-02T16:43:03+00:00,FORM_144,,"Ibotta, Inc.",proposed sale $107K,107095,,https://www.sec.gov/Archives/edgar/data/2017890/000195917326006632/0001959173-26-006632-index.htm,LOW
2026-09-02T16:53:50+00:00,INSIDER_BUY,PBLSX,"AMG Pantheon Infrastructure Fund, LLC","BlueArc Capital Management, LLC $40.00M",39999999,154,https://www.sec.gov/Archives/edgar/data/2098163/000110465926104608/0001104659-26-104608-index.htm,MEDIUM
2026-09-02T16:53:52+00:00,FORM_144,,"Xos, Inc.",proposed sale $60K,60000,,https://www.sec.gov/Archives/edgar/data/1819493/000196922326000983/0001969223-26-000983-index.htm,LOW
2026-09-02T16:53:52+00:00,FORM_144,,Flywire Corp,proposed sale $223K,222918,,https://www.sec.gov/Archives/edgar/data/2116833/000195917326006633/0001959173-26-006633-index.htm,LOW
2026-09-02T16:53:52+00:00,FORM_144,,"ASP Isotopes, Inc.",proposed sale $194K,194390,,https://www.sec.gov/Archives/edgar/data/2079961/000197449426000269/0001974494-26-000269-index.htm,LOW
2026-09-02T17:18:25+00:00,FORM_144,,Ascendis Pharma A/S,proposed sale $62K,62334,,https://www.sec.gov/Archives/edgar/data/1965626/000197337926000330/0001973379-26-000330-index.htm,LOW
2026-09-02T17:18:25+00:00,FORM_144,,"HORNBECK OFFSHORE SERVICES, INC.",proposed sale $1.27M,1273813,,https://www.sec.gov/Archives/edgar/data/1648839/000195917326006634/0001959173-26-006634-index.htm,LOW
2026-09-02T17:47:40+00:00,FORM_144,,AVISTA CORP,proposed sale $144K,143626,,https://www.sec.gov/Archives/edgar/data/1943093/000197337926000331/0001973379-26-000331-index.htm,LOW
2026-09-02T17:47:41+00:00,FORM_144,,"HORNBECK OFFSHORE SERVICES, INC.",proposed sale $2.71M,2714012,,https://www.sec.gov/Archives/edgar/data/1775345/000195917326006636/0001959173-26-006636-index.htm,LOW
2026-09-02T17:47:41+00:00,FORM_144,,"WEYCO GROUP, INC.",proposed sale $133K,132720,,https://www.sec.gov/Archives/edgar/data/1389308/000138930826000007/0001389308-26-000007-index.htm,LOW
2026-09-02T17:47:41+00:00,FORM_144,,CREDIT ACCEPTANCE CORP,proposed sale $1.51M,1510000,,https://www.sec.gov/Archives/edgar/data/1300069/000195917326006635/0001959173-26-006635-index.htm,LOW
2026-09-02T17:47:42+00:00,FORM_144,,TIDEWATER INC,proposed sale $1.49M,1486175,,https://www.sec.gov/Archives/edgar/data/1797578/000194984626000559/0001949846-26-000559-index.htm,LOW
2026-09-02T17:55:58+00:00,FORM_144,,"LifeStance Health Group, Inc.",proposed sale $541K,541244,,https://www.sec.gov/Archives/edgar/data/1938690/000195917326006637/0001959173-26-006637-index.htm,LOW
2026-09-02T18:08:44+00:00,FORM_144,,PATTERSON UTI ENERGY INC,proposed sale $2.55M,2549549,,https://www.sec.gov/Archives/edgar/data/1645511/000195917326006639/0001959173-26-006639-index.htm,LOW
2026-09-02T18:08:45+00:00,FORM_144,,"Live Oak Bancshares, Inc.",proposed sale $390K,390000,,https://www.sec.gov/Archives/edgar/data/1462120/000195917326006638/0001959173-26-006638-index.htm,LOW
2026-09-02T18:27:08+00:00,FORM_144,,First Bancorp,proposed sale $765K,765000,,https://www.sec.gov/Archives/edgar/data/1214993/000162828026060037/0001628280-26-060037-index.htm,LOW
2026-09-02T18:27:09+00:00,FORM_144,,TALOS ENERGY INC.,proposed sale $2.08M,2077840,,https://www.sec.gov/Archives/edgar/data/1739557/000195917326006642/0001959173-26-006642-index.htm,LOW
2026-09-02T18:27:09+00:00,FORM_144,,BBB FOODS INC,proposed sale $383K,383200,,https://www.sec.gov/Archives/edgar/data/2120515/000162828026060032/0001628280-26-060032-index.htm,LOW
2026-09-02T18:27:09+00:00,FORM_144,,"Qorvo, Inc.",proposed sale $250K,250000,,https://www.sec.gov/Archives/edgar/data/1604778/000195917326006641/0001959173-26-006641-index.htm,LOW
2026-09-02T18:27:10+00:00,FORM_144,,VIVMARK RESIDENTIAL,proposed sale $600K,599535,,https://www.sec.gov/Archives/edgar/data/2081307/000195917326006640/0001959173-26-006640-index.htm,LOW
2026-09-02T18:39:54+00:00,INSIDER_CLUSTER,UAMY,UNITED STATES ANTIMONY CORP,Bardswich Lloyd $93K,92700,1,https://www.sec.gov/Archives/edgar/data/1399729/000110465926104644/0001104659-26-104644-index.htm,HIGH
2026-09-02T18:51:04+00:00,FORM_144,,ATI INC,proposed sale $501K,501002,,https://www.sec.gov/Archives/edgar/data/1635153/000195917326006643/0001959173-26-006643-index.htm,LOW
2026-09-02T18:51:09+00:00,FORM_144,,TARSUS PHARMACEUTICALS INC,proposed sale $801K,800568,,https://www.sec.gov/Archives/edgar/data/1827672/000162828026060042/0001628280-26-060042-index.htm,LOW
2026-09-02T18:59:31+00:00,INSIDER_CLUSTER,AXIA3,AXIA Energia S.A.,Batista de Lima Filho Pedro $961K,961272,2,https://www.sec.gov/Archives/edgar/data/2121444/000121390026096631/0001213900-26-096631-index.htm,HIGH
2026-09-02T18:59:34+00:00,FORM_144,,BIOMARIN PHARMACEUTICAL INC,proposed sale $1.16M,1163755,,https://www.sec.gov/Archives/edgar/data/1380710/000195917326006644/0001959173-26-006644-index.htm,LOW
2026-09-02T18:59:35+00:00,FORM_144,,Acacia Research Corporation,proposed sale $148K,148500,,https://www.sec.gov/Archives/edgar/data/1111318/000196922326000984/0001969223-26-000984-index.htm,LOW
2026-09-02T19:24:14+00:00,FORM_144,,"MARSH & MCLENNAN COMPANIES, INC.",proposed sale $225K,224914,,https://www.sec.gov/Archives/edgar/data/1917984/000195917326006646/0001959173-26-006646-index.htm,LOW
2026-09-02T19:24:14+00:00,FORM_144,,TENET HEALTHCARE CORP,proposed sale $298K,298137,,https://www.sec.gov/Archives/edgar/data/1787802/000195917326006645/0001959173-26-006645-index.htm,LOW
2026-09-02T19:24:15+00:00,FORM_144,,"MYOMO, INC.",proposed sale $21K,21150,,https://www.sec.gov/Archives/edgar/data/1454309/000100027526000103/0001000275-26-000103-index.htm,LOW
2026-09-02T19:24:15+00:00,FORM_144,,Newegg Commerce Inc,proposed sale $1.90M,1900000,,https://www.sec.gov/Archives/edgar/data/1971269/000196922326000985/0001969223-26-000985-index.htm,LOW
2026-09-02T19:24:15+00:00,FORM_144,,Joby Aviation,proposed sale $417K,417318,,https://www.sec.gov/Archives/edgar/data/1819848/000162828026060053/0001628280-26-060053-index.htm,LOW
2026-09-02T19:32:28+00:00,FORM_144,,"Astera Labs, Inc.",proposed sale $3.44M,3436755,,https://www.sec.gov/Archives/edgar/data/1736297/000197325126000033/0001973251-26-000033-index.htm,LOW
2026-09-02T19:32:28+00:00,FORM_144,,Arthur J. Gallagher & Co.,proposed sale $3.17M,3169595,,https://www.sec.gov/Archives/edgar/data/1482241/000195917326006648/0001959173-26-006648-index.htm,LOW
2026-09-02T19:32:28+00:00,FORM_144,,"HORNBECK OFFSHORE SERVICES, INC.",proposed sale $152K,152064,,https://www.sec.gov/Archives/edgar/data/1946868/000195917326006647/0001959173-26-006647-index.htm,LOW
2026-09-02T19:32:29+00:00,FORM_144,,PRIMEENERGY RESOURCES CORP,proposed sale $2.21M,2210000,,https://www.sec.gov/Archives/edgar/data/947836/000100027526000104/0001000275-26-000104-index.htm,LOW
2026-09-02T19:40:26+00:00,FORM_144,,"Tarsus Pharmaceuticals, Inc.",proposed sale $431K,430960,,https://www.sec.gov/Archives/edgar/data/1842190/000195917326006652/0001959173-26-006652-index.htm,LOW
2026-09-02T19:40:26+00:00,FORM_144,,"Teladoc Health, Inc.",proposed sale $115K,115483,,https://www.sec.gov/Archives/edgar/data/1477449/000195917326006651/0001959173-26-006651-index.htm,LOW
2026-09-02T19:40:26+00:00,FORM_144,,"Sprout Social, Inc.",proposed sale $8K,8210,,https://www.sec.gov/Archives/edgar/data/1791946/000195917326006650/0001959173-26-006650-index.htm,LOW
2026-09-02T19:40:27+00:00,FORM_144,,Autolus Therapeutics plc,proposed sale $16K,15678,,https://www.sec.gov/Archives/edgar/data/1907199/000195917326006649/0001959173-26-006649-index.htm,LOW
2026-09-02T19:48:26+00:00,FORM_144,,"Butterfly Network, Inc.",proposed sale $14K,13927,,https://www.sec.gov/Archives/edgar/data/2080056/000195917326006654/0001959173-26-006654-index.htm,LOW
2026-09-02T19:48:26+00:00,FORM_144,,"Tarsus Pharmaceuticals, Inc.",proposed sale $654K,654373,,https://www.sec.gov/Archives/edgar/data/1819790/000195917326006653/0001959173-26-006653-index.htm,LOW
2026-09-02T20:09:18+00:00,FORM_144,,"Teladoc Health, Inc.",proposed sale $39K,39068,,https://www.sec.gov/Archives/edgar/data/2037711/000195917326006655/0001959173-26-006655-index.htm,LOW
2026-09-02T20:09:18+00:00,FORM_144,,Karat Packaging Inc.,proposed sale $959K,958600,,https://www.sec.gov/Archives/edgar/data/1790959/000194984626000560/0001949846-26-000560-index.htm,LOW
2026-09-02T20:24:08+00:00,INSIDER_CLUSTER,OPAL,OPAL Fuels Inc.,Nisar Nadeem $39K,38900,2,https://www.sec.gov/Archives/edgar/data/1842279/000162828026060107/0001628280-26-060107-index.htm,HIGH
2026-09-02T20:24:18+00:00,FORM_144,,EverCommerce Inc.,proposed sale $43K,42668,,https://www.sec.gov/Archives/edgar/data/1856906/000195917326006667/0001959173-26-006667-index.htm,LOW
2026-09-02T20:24:18+00:00,FORM_144,,"Generate Biomedicines, Inc.",proposed sale $521K,520630,,https://www.sec.gov/Archives/edgar/data/2100782/000195917326006666/0001959173-26-006666-index.htm,LOW
2026-09-02T20:24:23+00:00,FORM_144,,"Par Pacific Holdings, Inc.",proposed sale $3.25M,3250733,,https://www.sec.gov/Archives/edgar/data/1539898/000162828026060104/0001628280-26-060104-index.htm,LOW
2026-09-02T20:24:23+00:00,FORM_144,,"RIMINI STREET, INC.",proposed sale $992K,992115,,https://www.sec.gov/Archives/edgar/data/1717716/000195004726009007/0001950047-26-009007-index.htm,LOW
2026-09-02T20:24:24+00:00,FORM_144,,WILLSCOT HOLDINGS CORPORATION,proposed sale $6.57M,6574573,,https://www.sec.gov/Archives/edgar/data/1723486/000195004726009006/0001950047-26-009006-index.htm,LOW
2026-09-02T20:24:24+00:00,FORM_144,,"MAGNITE, INC.",proposed sale $26K,26075,,https://www.sec.gov/Archives/edgar/data/1966857/000195004726009005/0001950047-26-009005-index.htm,LOW
2026-09-02T20:24:24+00:00,FORM_144,,ELASTIC N.V.,proposed sale $14.91M,14908863,,https://www.sec.gov/Archives/edgar/data/1753445/000195004726009004/0001950047-26-009004-index.htm,LOW
2026-09-02T20:24:25+00:00,FORM_144,,"MOTOROLA SOLUTIONS, INC.",proposed sale $6.90M,6899855,,https://www.sec.gov/Archives/edgar/data/1201232/000195004726009003/0001950047-26-009003-index.htm,LOW
2026-09-02T20:24:25+00:00,FORM_144,,TAKEDA PHARMACEUTICAL CO LTD,proposed sale $2.15M,2148372,,https://www.sec.gov/Archives/edgar/data/1977689/000195917326006664/0001959173-26-006664-index.htm,LOW
2026-09-02T20:24:25+00:00,FORM_144,,"AMBIQ MICRO, INC.",proposed sale $625K,625108,,https://www.sec.gov/Archives/edgar/data/2078454/000195004726009002/0001950047-26-009002-index.htm,LOW
2026-09-02T20:24:26+00:00,FORM_144,,"RAPID7, INC.",proposed sale $147K,146765,,https://www.sec.gov/Archives/edgar/data/1560327/000195004726009001/0001950047-26-009001-index.htm,LOW
2026-09-02T20:24:26+00:00,FORM_144,,National Energy Services Reunited Corp.,proposed sale $5.32M,5317500,,https://www.sec.gov/Archives/edgar/data/1704067/000094787126000857/0000947871-26-000857-index.htm,LOW
2026-09-02T20:24:27+00:00,FORM_144,,"EASTERN BANKSHARES, INC.",proposed sale $304K,303555,,https://www.sec.gov/Archives/edgar/data/1825659/000195004726009000/0001950047-26-009000-index.htm,LOW
2026-09-02T20:24:27+00:00,FORM_144,,"RESIDEO TECHNOLOGIES, INC.",proposed sale $678K,678230,,https://www.sec.gov/Archives/edgar/data/1754267/000195004726008999/0001950047-26-008999-index.htm,LOW
2026-09-02T20:24:27+00:00,FORM_144,,"CYTEK BIOSCIENCES, INC.",proposed sale $147K,146515,,https://www.sec.gov/Archives/edgar/data/1991396/000195004726008998/0001950047-26-008998-index.htm,LOW
2026-09-02T20:24:28+00:00,FORM_144,,"HORNBECK OFFSHORE SERVICES, INC.",proposed sale $26.36M,26361000,,https://www.sec.gov/Archives/edgar/data/1041815/000197248126000272/0001972481-26-000272-index.htm,LOW
2026-09-02T20:24:28+00:00,FORM_144,,"FIRST TRACKS BIOTHERAPEUTICS, INC.",proposed sale $1.76M,1758145,,https://www.sec.gov/Archives/edgar/data/2091349/000195004726008997/0001950047-26-008997-index.htm,LOW
2026-09-02T20:24:28+00:00,FORM_144,,"CNO FINANCIAL GROUP, INC.",proposed sale $329K,328728,,https://www.sec.gov/Archives/edgar/data/1789577/000195004726008996/0001950047-26-008996-index.htm,LOW
2026-09-02T20:24:29+00:00,FORM_144,,"CNO FINANCIAL GROUP, INC.",proposed sale $216K,215979,,https://www.sec.gov/Archives/edgar/data/1960364/000195004726008995/0001950047-26-008995-index.htm,LOW
2026-09-02T20:24:29+00:00,FORM_144,,"VISTANCE NETWORKS, INC.",proposed sale $150K,149546,,https://www.sec.gov/Archives/edgar/data/1517228/000195004726008994/0001950047-26-008994-index.htm,LOW
2026-09-02T20:24:30+00:00,FORM_144,,IQVIA HOLDINGS INC.,proposed sale $697K,697215,,https://www.sec.gov/Archives/edgar/data/2103773/000195004726008993/0001950047-26-008993-index.htm,LOW
2026-09-02T20:24:30+00:00,FORM_144,,"REGENERON PHARMACEUTICALS, INC.",proposed sale $1.03M,1032750,,https://www.sec.gov/Archives/edgar/data/1663758/000196922326000988/0001969223-26-000988-index.htm,LOW
2026-09-02T20:24:30+00:00,FORM_144,,TAKE TWO INTERACTIVE SOFTWARE INC,proposed sale $291K,290560,,https://www.sec.gov/Archives/edgar/data/1399513/000195917326006663/0001959173-26-006663-index.htm,LOW
2026-09-02T20:24:31+00:00,FORM_144,,"COGENT COMMUNICATIONS HOLDINGS, INC.",proposed sale $45K,45444,,https://www.sec.gov/Archives/edgar/data/1166978/000195004726008992/0001950047-26-008992-index.htm,LOW
2026-09-02T20:24:31+00:00,FORM_144,,"PALVELLA THERAPEUTICS, INC.",proposed sale $59K,58875,,https://www.sec.gov/Archives/edgar/data/1583648/000195004726008991/0001950047-26-008991-index.htm,LOW
2026-09-02T20:24:32+00:00,FORM_144,,"APTARGROUP, INC.",proposed sale $100K,99732,,https://www.sec.gov/Archives/edgar/data/1758130/000195004726008990/0001950047-26-008990-index.htm,LOW
2026-09-02T20:24:32+00:00,FORM_144,,"BLOCK, INC.",proposed sale $464K,463800,,https://www.sec.gov/Archives/edgar/data/1933928/000195004726008989/0001950047-26-008989-index.htm,LOW
2026-09-02T20:24:32+00:00,FORM_144,,"REGENERON PHARMACEUTICALS, INC.",proposed sale $340K,340000,,https://www.sec.gov/Archives/edgar/data/1992352/000196922326000987/0001969223-26-000987-index.htm,LOW
2026-09-02T20:24:33+00:00,FORM_144,,CORCEPT THERAPEUTICS INC,proposed sale $8.34M,8339418,,https://www.sec.gov/Archives/edgar/data/2150104/000197248126000271/0001972481-26-000271-index.htm,LOW
2026-09-02T20:24:33+00:00,FORM_144,,ATOMERA INCORPORATED,proposed sale $24K,24429,,https://www.sec.gov/Archives/edgar/data/1680617/000195004726008988/0001950047-26-008988-index.htm,LOW
2026-09-02T20:24:34+00:00,FORM_144,,"Qorvo, Inc.",proposed sale $485K,485167,,https://www.sec.gov/Archives/edgar/data/1604778/000195917326006662/0001959173-26-006662-index.htm,LOW
2026-09-02T20:24:34+00:00,FORM_144,,"Smartbird, Inc.",proposed sale $4K,4275,,https://www.sec.gov/Archives/edgar/data/1971623/000192109426000986/0001921094-26-000986-index.htm,LOW
2026-09-02T20:24:34+00:00,FORM_144,,"ROKU, INC.",proposed sale $751K,750807,,https://www.sec.gov/Archives/edgar/data/1937263/000195004726008987/0001950047-26-008987-index.htm,LOW
2026-09-02T20:24:35+00:00,FORM_144,,"Smartbird, Inc.",proposed sale $88K,88341,,https://www.sec.gov/Archives/edgar/data/2139664/000192109426000985/0001921094-26-000985-index.htm,LOW
2026-09-02T20:24:35+00:00,FORM_144,,VIVMARK RESIDENTIAL,proposed sale $147K,147385,,https://www.sec.gov/Archives/edgar/data/1841519/000195917326006661/0001959173-26-006661-index.htm,LOW
2026-09-02T20:24:36+00:00,FORM_144,,"MIRUM PHARMACEUTICALS, INC.",proposed sale $66K,65800,,https://www.sec.gov/Archives/edgar/data/1974200/000195004726008986/0001950047-26-008986-index.htm,LOW
2026-09-02T20:24:36+00:00,FORM_144,,Garrett Motion Inc.,proposed sale $531K,531200,,https://www.sec.gov/Archives/edgar/data/1744045/000196922326000986/0001969223-26-000986-index.htm,LOW
2026-09-02T20:24:36+00:00,FORM_144,,"ROKU, INC.",proposed sale $467K,466764,,https://www.sec.gov/Archives/edgar/data/1699291/000195004726008985/0001950047-26-008985-index.htm,LOW
2026-09-02T20:24:37+00:00,FORM_144,,COHERENT CORP.,proposed sale $591K,590524,,https://www.sec.gov/Archives/edgar/data/1896118/000195004726008984/0001950047-26-008984-index.htm,LOW
2026-09-02T20:24:37+00:00,FORM_144,,"ROKU, INC.",proposed sale $85K,84979,,https://www.sec.gov/Archives/edgar/data/1959033/000195004726008983/0001950047-26-008983-index.htm,LOW
2026-09-02T20:24:38+00:00,FORM_144,,"ROCKWELL AUTOMATION, INC",proposed sale $168K,168056,,https://www.sec.gov/Archives/edgar/data/2016350/000192109426000984/0001921094-26-000984-index.htm,LOW
2026-09-02T20:24:38+00:00,FORM_144,,"ROKU, INC.",proposed sale $531K,530732,,https://www.sec.gov/Archives/edgar/data/1767033/000195004726008982/0001950047-26-008982-index.htm,LOW
2026-09-02T20:24:38+00:00,FORM_144,,GODADDY INC.,proposed sale $201K,200740,,https://www.sec.gov/Archives/edgar/data/1865639/000195004726008981/0001950047-26-008981-index.htm,LOW
2026-09-02T20:24:39+00:00,FORM_144,,"PINTEREST, INC.",proposed sale $995K,995093,,https://www.sec.gov/Archives/edgar/data/1773914/000192109426000983/0001921094-26-000983-index.htm,LOW
2026-09-02T20:24:39+00:00,FORM_144,,"Teladoc Health, Inc.",proposed sale $46K,46358,,https://www.sec.gov/Archives/edgar/data/2036989/000195917326006660/0001959173-26-006660-index.htm,LOW
2026-09-02T20:24:39+00:00,FORM_144,,"ROKU, INC.",proposed sale $1.11M,1108528,,https://www.sec.gov/Archives/edgar/data/1951665/000195004726008980/0001950047-26-008980-index.htm,LOW
2026-09-02T20:24:40+00:00,FORM_144,,CATHAY GENERAL BANCORP,proposed sale $62K,62315,,https://www.sec.gov/Archives/edgar/data/1706290/000192109426000982/0001921094-26-000982-index.htm,LOW
2026-09-02T20:24:40+00:00,FORM_144,,LUMENTUM HOLDINGS INC.,proposed sale $432K,432245,,https://www.sec.gov/Archives/edgar/data/1633978/000195004726008979/0001950047-26-008979-index.htm,LOW
2026-09-02T20:24:40+00:00,FORM_144,,"BARK, INC.",proposed sale $53K,53373,,https://www.sec.gov/Archives/edgar/data/1819574/000195004726008977/0001950047-26-008977-index.htm,LOW
2026-09-02T20:36:07+00:00,FORM_144,,TELOS CORPORATION,proposed sale $295K,294886,,https://www.sec.gov/Archives/edgar/data/1909327/000195004726009029/0001950047-26-009029-index.htm,LOW
2026-09-02T20:36:07+00:00,FORM_144,,"Datadog, Inc.",proposed sale $4.96M,4963905,,https://www.sec.gov/Archives/edgar/data/1783984/000156155026000280/0001561550-26-000280-index.htm,LOW
2026-09-02T20:36:07+00:00,FORM_144,,"Datadog, Inc.",proposed sale $3.15M,3149000,,https://www.sec.gov/Archives/edgar/data/1861590/000156155026000279/0001561550-26-000279-index.htm,LOW
2026-09-02T20:36:08+00:00,FORM_144,,"Datadog, Inc.",proposed sale $1.09M,1087110,,https://www.sec.gov/Archives/edgar/data/1757760/000156155026000278/0001561550-26-000278-index.htm,LOW
2026-09-02T20:36:08+00:00,FORM_144,,"Datadog, Inc.",proposed sale $3.77M,3767050,,https://www.sec.gov/Archives/edgar/data/1561550/000156155026000277/0001561550-26-000277-index.htm,LOW
2026-09-02T20:36:08+00:00,FORM_144,,PEOPLES BANCORP OF NORTH CAROLINA INC,proposed sale $303K,303083,,https://www.sec.gov/Archives/edgar/data/1183129/000118312926000005/0001183129-26-000005-index.htm,LOW
2026-09-02T20:36:09+00:00,FORM_144,,"Datadog, Inc.",proposed sale $1.67M,1674610,,https://www.sec.gov/Archives/edgar/data/1903975/000156155026000276/0001561550-26-000276-index.htm,LOW
2026-09-02T20:36:09+00:00,FORM_144,,"Datadog, Inc.",proposed sale $6.00M,6003075,,https://www.sec.gov/Archives/edgar/data/1783990/000156155026000275/0001561550-26-000275-index.htm,LOW
2026-09-02T20:36:09+00:00,FORM_144,,"Datadog, Inc.",proposed sale $3.09M,3094715,,https://www.sec.gov/Archives/edgar/data/1903980/000156155026000274/0001561550-26-000274-index.htm,LOW
2026-09-02T20:36:10+00:00,FORM_144,,"Datadog, Inc.",proposed sale $2.56M,2555155,,https://www.sec.gov/Archives/edgar/data/1783061/000156155026000273/0001561550-26-000273-index.htm,LOW
2026-09-02T20:36:10+00:00,FORM_144,,VERA THERAPEUTICS INC,proposed sale $2.22M,2216392,,https://www.sec.gov/Archives/edgar/data/1859453/000195004726009028/0001950047-26-009028-index.htm,LOW
2026-09-02T20:36:10+00:00,FORM_144,,INDIE SEMICONDUCTOR INC,proposed sale $144K,144218,,https://www.sec.gov/Archives/edgar/data/2009989/000195004726009027/0001950047-26-009027-index.htm,LOW
2026-09-02T20:36:11+00:00,FORM_144,,"Qorvo, Inc.",proposed sale $2.90M,2899454,,https://www.sec.gov/Archives/edgar/data/1604778/000195917326006671/0001959173-26-006671-index.htm,LOW
2026-09-02T20:36:11+00:00,FORM_144,,"Okta, Inc.",proposed sale $13.31M,13314400,,https://www.sec.gov/Archives/edgar/data/1865084/000195004726009026/0001950047-26-009026-index.htm,LOW
2026-09-02T20:36:11+00:00,FORM_144,,"Axogen, Inc.",proposed sale $175K,174580,,https://www.sec.gov/Archives/edgar/data/1955281/000195004726009025/0001950047-26-009025-index.htm,LOW
2026-09-02T20:36:12+00:00,FORM_144,,"KYMERA THERAPEUTICS, INC.",proposed sale $1.30M,1295144,,https://www.sec.gov/Archives/edgar/data/1815442/000195004726009024/0001950047-26-009024-index.htm,LOW
2026-09-02T20:36:12+00:00,FORM_144,,"LIFETIME BRANDS, INC.",proposed sale $2K,1833,,https://www.sec.gov/Archives/edgar/data/923401/000195004726009023/0001950047-26-009023-index.htm,LOW
2026-09-02T20:36:13+00:00,FORM_144,,INDIE SEMICONDUCTOR INC,proposed sale $11K,11093,,https://www.sec.gov/Archives/edgar/data/2095553/000195004726009022/0001950047-26-009022-index.htm,LOW
2026-09-02T20:36:13+00:00,FORM_144,,GRAB HOLDINGS LIMITED,proposed sale $503K,502907,,https://www.sec.gov/Archives/edgar/data/2026373/000195004726009021/0001950047-26-009021-index.htm,LOW
2026-09-02T20:36:13+00:00,FORM_144,,"Tarsus Pharmaceuticals, Inc.",proposed sale $127K,127200,,https://www.sec.gov/Archives/edgar/data/1842190/000195917326006670/0001959173-26-006670-index.htm,LOW
2026-09-02T20:36:14+00:00,FORM_144,,Mastercard Incorporated,proposed sale $1.90M,1897872,,https://www.sec.gov/Archives/edgar/data/1427531/000195004726009020/0001950047-26-009020-index.htm,LOW
2026-09-02T20:36:14+00:00,FORM_144,,NEXTDOOR HOLDINGS INC,proposed sale $78K,78278,,https://www.sec.gov/Archives/edgar/data/2083093/000195004726009019/0001950047-26-009019-index.htm,LOW
2026-09-02T20:36:14+00:00,FORM_144,,"MATCH GROUP, INC.",proposed sale $150K,149811,,https://www.sec.gov/Archives/edgar/data/1159555/000195004726009018/0001950047-26-009018-index.htm,LOW
2026-09-02T20:36:15+00:00,FORM_144,,Denali Therapeutics Inc.,proposed sale $266K,266128,,https://www.sec.gov/Archives/edgar/data/1797826/000195004726009017/0001950047-26-009017-index.htm,LOW
2026-09-02T20:36:15+00:00,FORM_144,,"NWPX Infrastructure, Inc.",proposed sale $8K,8159,,https://www.sec.gov/Archives/edgar/data/1401658/000195917326006669/0001959173-26-006669-index.htm,LOW
2026-09-02T20:36:15+00:00,FORM_144,,"NURIX THERAPEUTICS, INC.",proposed sale $151K,150693,,https://www.sec.gov/Archives/edgar/data/1817199/000195004726009016/0001950047-26-009016-index.htm,LOW
2026-09-02T20:36:16+00:00,FORM_144,,"EQUINIX, INC.",proposed sale $209K,208600,,https://www.sec.gov/Archives/edgar/data/2056547/000195004726009015/0001950047-26-009015-index.htm,LOW
2026-09-02T20:36:16+00:00,FORM_144,,ZoomInfo Technologies Inc.,proposed sale $140,140,,https://www.sec.gov/Archives/edgar/data/2057389/000195004726009014/0001950047-26-009014-index.htm,LOW
2026-09-02T20:36:17+00:00,FORM_144,,ZoomInfo Technologies Inc.,proposed sale $387,387,,https://www.sec.gov/Archives/edgar/data/2057761/000195004726009013/0001950047-26-009013-index.htm,LOW
2026-09-02T20:36:17+00:00,FORM_144,,Waystar Holding Corp.,proposed sale $2.13M,2125200,,https://www.sec.gov/Archives/edgar/data/1998256/000195004726009012/0001950047-26-009012-index.htm,LOW
2026-09-02T20:36:17+00:00,FORM_144,,"FASTLY, INC.",proposed sale $196K,196442,,https://www.sec.gov/Archives/edgar/data/2074428/000195004726009011/0001950047-26-009011-index.htm,LOW
2026-09-02T20:36:18+00:00,FORM_144,,"Affirm Holdings, Inc.",proposed sale $412K,411666,,https://www.sec.gov/Archives/edgar/data/1820953/000195004726009010/0001950047-26-009010-index.htm,LOW
2026-09-02T20:36:18+00:00,FORM_144,,RINGCENTRAL INC,proposed sale $499K,498645,,https://www.sec.gov/Archives/edgar/data/1772661/000195004726009009/0001950047-26-009009-index.htm,LOW
2026-09-02T20:36:18+00:00,FORM_144,,BILL HOLDINGS INC,proposed sale $1.67M,1666700,,https://www.sec.gov/Archives/edgar/data/1795497/000195004726009008/0001950047-26-009008-index.htm,LOW
2026-09-02T20:36:19+00:00,FORM_144,,"Fold Holdings, Inc.",proposed sale $3K,2640,,https://www.sec.gov/Archives/edgar/data/2057455/000195917326006668/0001959173-26-006668-index.htm,LOW
2026-09-02T20:36:19+00:00,FORM_144,,StoneCo Ltd.,proposed sale $208K,208126,,https://www.sec.gov/Archives/edgar/data/2063736/000206373626000005/0002063736-26-000005-index.htm,LOW
2026-09-02T20:36:19+00:00,FORM_144,,WORLD KINECT CORP,proposed sale $354K,353962,,https://www.sec.gov/Archives/edgar/data/1242793/000196430626000423/0001964306-26-000423-index.htm,LOW
2026-09-02T20:36:20+00:00,FORM_144,,LivaNova PLC,proposed sale $883K,882888,,https://www.sec.gov/Archives/edgar/data/2031281/000196430626000422/0001964306-26-000422-index.htm,LOW
2026-09-02T20:47:35+00:00,INSIDER_CLUSTER,GPUS,"Hyperscale Data, Inc.",Horne William B. $20K,19990,0,https://www.sec.gov/Archives/edgar/data/1333268/000121465926011360/0001214659-26-011360-index.htm,HIGH
2026-09-02T20:48:02+00:00,FORM_144,,"Sprout Social, Inc.",proposed sale $125K,124754,,https://www.sec.gov/Archives/edgar/data/1791816/000195917326006659/0001959173-26-006659-index.htm,LOW
2026-09-02T20:48:02+00:00,FORM_144,,"Teladoc Health, Inc.",proposed sale $34K,34272,,https://www.sec.gov/Archives/edgar/data/2037547/000195917326006658/0001959173-26-006658-index.htm,LOW
2026-09-02T20:48:02+00:00,FORM_144,,OLD SECOND BANCORP INC,proposed sale $615K,615360,,https://www.sec.gov/Archives/edgar/data/2074132/000194984626000561/0001949846-26-000561-index.htm,LOW
2026-09-02T20:48:03+00:00,FORM_144,,"Teladoc Health, Inc.",proposed sale $48K,47719,,https://www.sec.gov/Archives/edgar/data/1477449/000195917326006657/0001959173-26-006657-index.htm,LOW
2026-09-02T20:48:03+00:00,FORM_144,,TAKE TWO INTERACTIVE SOFTWARE INC,proposed sale $200K,199583,,https://www.sec.gov/Archives/edgar/data/1623654/000195917326006656/0001959173-26-006656-index.htm,LOW
2026-09-02T20:55:13+00:00,INSIDER_BUY,CAVA,"CAVA GROUP, INC.",Thompson Douglas W. $432K,432380,2,https://www.sec.gov/Archives/edgar/data/1750614/000162828026060167/0001628280-26-060167-index.htm,MEDIUM
2026-09-02T21:05:16+00:00,FORM_144,,"ARTIVION, INC.",proposed sale $177K,177497,,https://www.sec.gov/Archives/edgar/data/1191000/000195917326006673/0001959173-26-006673-index.htm,LOW
2026-09-02T21:05:16+00:00,FORM_144,,"Ceribell, Inc.",proposed sale $16K,16300,,https://www.sec.gov/Archives/edgar/data/2035786/000195917326006672/0001959173-26-006672-index.htm,LOW
2026-09-02T21:05:17+00:00,FORM_144,,"Bandwidth, Inc.",proposed sale $406K,406320,,https://www.sec.gov/Archives/edgar/data/1807759/000196858226000919/0001968582-26-000919-index.htm,LOW
2026-09-02T21:05:17+00:00,FORM_144,,Seneca Foods Corporation,proposed sale $329K,328985,,https://www.sec.gov/Archives/edgar/data/1348504/000143774926029523/0001437749-26-029523-index.htm,LOW
2026-09-02T21:05:17+00:00,FORM_144,,"PAGERDUTY, INC.",proposed sale $423K,423056,,https://www.sec.gov/Archives/edgar/data/1674159/000195004726009030/0001950047-26-009030-index.htm,LOW
2026-09-02T21:31:01+00:00,FORM_144,,EQUINIX INC,proposed sale $563K,563348,,https://www.sec.gov/Archives/edgar/data/1751921/000164563526000024/0001645635-26-000024-index.htm,LOW
2026-09-02T21:31:01+00:00,FORM_144,,"RingCentral, Inc.",proposed sale $1.94M,1939410,,https://www.sec.gov/Archives/edgar/data/1586647/000195824426000569/0001958244-26-000569-index.htm,LOW
2026-09-02T21:31:02+00:00,FORM_144,,"Cricut, Inc.",proposed sale $1.04M,1036800,,https://www.sec.gov/Archives/edgar/data/1851564/000195824426000568/0001958244-26-000568-index.htm,LOW
2026-09-02T21:31:02+00:00,FORM_144,,"ARS PHARMACEUTICALS, INC.",proposed sale $5K,4999,,https://www.sec.gov/Archives/edgar/data/1671858/000195004726009041/0001950047-26-009041-index.htm,LOW
2026-09-02T21:31:02+00:00,FORM_144,,ABBOTT LABORATORIES,proposed sale $3K,2957,,https://www.sec.gov/Archives/edgar/data/1644207/000164420726000010/0001644207-26-000010-index.htm,LOW
2026-09-02T21:31:03+00:00,FORM_144,,"Patterson-UTI Energy, Inc.",proposed sale $3.20M,3197500,,https://www.sec.gov/Archives/edgar/data/1546374/000196858226000922/0001968582-26-000922-index.htm,LOW
2026-09-02T21:31:03+00:00,FORM_144,,"ATRICURE, INC.",proposed sale $408K,407557,,https://www.sec.gov/Archives/edgar/data/1336063/000195004726009040/0001950047-26-009040-index.htm,LOW
2026-09-02T21:31:03+00:00,FORM_144,,BEL FUSE INC /NJ,proposed sale $96K,95500,,https://www.sec.gov/Archives/edgar/data/1688761/000143774926029531/0001437749-26-029531-index.htm,LOW
2026-09-02T21:31:04+00:00,FORM_144,,"ALECTOR, INC.",proposed sale $2K,1804,,https://www.sec.gov/Archives/edgar/data/2074667/000195004726009039/0001950047-26-009039-index.htm,LOW
2026-09-02T21:31:04+00:00,FORM_144,,GITLAB INC,proposed sale $955K,955141,,https://www.sec.gov/Archives/edgar/data/1653482/000195004726009038/0001950047-26-009038-index.htm,LOW
2026-09-02T21:31:04+00:00,FORM_144,,BILL HOLDINGS INC,proposed sale $1.84M,1844751,,https://www.sec.gov/Archives/edgar/data/1795497/000195004726009037/0001950047-26-009037-index.htm,LOW
2026-09-02T21:31:05+00:00,FORM_144,,"CG ONCOLOGY, INC.",proposed sale $2.30M,2299448,,https://www.sec.gov/Archives/edgar/data/2007090/000195004726009036/0001950047-26-009036-index.htm,LOW
2026-09-02T21:31:06+00:00,FORM_144,,"Ceribell, Inc.",proposed sale $973K,973090,,https://www.sec.gov/Archives/edgar/data/2035784/000195917326006675/0001959173-26-006675-index.htm,LOW
2026-09-02T21:31:06+00:00,FORM_144,,NVIDIA CORP,proposed sale $1.09B,1087200000,,https://www.sec.gov/Archives/edgar/data/1199039/000162828026060177/0001628280-26-060177-index.htm,LOW
2026-09-02T21:31:06+00:00,FORM_144,,"Interface, Inc.",proposed sale $297K,297053,,https://www.sec.gov/Archives/edgar/data/1094629/000162828026060176/0001628280-26-060176-index.htm,LOW
2026-09-02T21:31:07+00:00,FORM_144,,"EVOLUS, INC.",proposed sale $950K,950018,,https://www.sec.gov/Archives/edgar/data/1700836/000195004726009034/0001950047-26-009034-index.htm,LOW
2026-09-02T21:31:07+00:00,FORM_144,,BILL HOLDINGS INC,proposed sale $6.73M,6726610,,https://www.sec.gov/Archives/edgar/data/1795497/000195004726009033/0001950047-26-009033-index.htm,LOW
2026-09-02T21:31:07+00:00,FORM_144,,ROCKET LAB CORPORATION,proposed sale $8.77M,8765418,,https://www.sec.gov/Archives/edgar/data/1819994/000195004726009032/0001950047-26-009032-index.htm,LOW
2026-09-02T21:31:08+00:00,FORM_144,,ELASTIC N.V.,proposed sale $5.47M,5470453,,https://www.sec.gov/Archives/edgar/data/1943965/000195004726009031/0001950047-26-009031-index.htm,LOW
2026-09-02T21:31:09+00:00,FORM_144,,Vinci Compass Investments Ltd.,proposed sale $2.39M,2387223,,https://www.sec.gov/Archives/edgar/data/2028299/000095010326013495/0000950103-26-013495-index.htm,LOW
2026-09-02T21:31:09+00:00,FORM_144,,"Disc Medicine, Inc.",proposed sale $40K,40357,,https://www.sec.gov/Archives/edgar/data/1816736/000162828026060165/0001628280-26-060165-index.htm,LOW
2026-09-02T21:31:09+00:00,FORM_144,,"Darling Ingredients, Inc.",proposed sale $338K,338500,,https://www.sec.gov/Archives/edgar/data/1256109/000196858226000921/0001968582-26-000921-index.htm,LOW
2026-09-02T21:31:10+00:00,FORM_144,,"Disc Medicine, Inc.",proposed sale $1.74M,1738528,,https://www.sec.gov/Archives/edgar/data/1885327/000162828026060163/0001628280-26-060163-index.htm,LOW
2026-09-02T21:31:10+00:00,FORM_144,,"Fold Holdings, Inc.",proposed sale $613,612,,https://www.sec.gov/Archives/edgar/data/2057456/000195917326006674/0001959173-26-006674-index.htm,LOW
2026-09-02T21:31:10+00:00,FORM_144,,"Disc Medicine, Inc.",proposed sale $2.09M,2088845,,https://www.sec.gov/Archives/edgar/data/1816736/000162828026060162/0001628280-26-060162-index.htm,LOW
2026-09-02T21:31:11+00:00,FORM_144,,"Disc Medicine, Inc.",proposed sale $5.07M,5071068,,https://www.sec.gov/Archives/edgar/data/1816736/000162828026060161/0001628280-26-060161-index.htm,LOW
2026-09-02T21:59:00+00:00,FORM_144,,RISKIFIED LTD.,proposed sale $332K,332500,,https://www.sec.gov/Archives/edgar/data/2150555/000185111226000029/0001851112-26-000029-index.htm,LOW
2026-09-02T22:13:02+00:00,FORM_144,,"Joby Aviation, Inc.",proposed sale $256K,256264,,https://www.sec.gov/Archives/edgar/data/1895244/000181984826000446/0001819848-26-000446-index.htm,LOW
2026-09-02T22:38:20+00:00,FORM_144,,"Ethan Allen Interiors, Inc.",proposed sale $5.65M,5649805,,https://www.sec.gov/Archives/edgar/data/1217614/000196858226000924/0001968582-26-000924-index.htm,LOW
2026-09-02T22:47:25+00:00,INSIDER_CLUSTER,GROV,"Grove Collaborative Holdings, Inc.",Karp Jason H. $73K,72885,1,https://www.sec.gov/Archives/edgar/data/1841761/000184176126000092/0001841761-26-000092-index.htm,HIGH
2026-09-02T22:47:27+00:00,FORM_144,,ThredUp Inc.,proposed sale $442K,441543,,https://www.sec.gov/Archives/edgar/data/1849447/000162828026060226/0001628280-26-060226-index.htm,LOW
2026-09-02T22:47:27+00:00,FORM_144,,ThredUp Inc.,proposed sale $155K,155465,,https://www.sec.gov/Archives/edgar/data/1850197/000162828026060225/0001628280-26-060225-index.htm,LOW
2026-09-02T22:47:28+00:00,FORM_144,,ThredUp Inc.,proposed sale $115K,115015,,https://www.sec.gov/Archives/edgar/data/1688472/000162828026060224/0001628280-26-060224-index.htm,LOW
2026-09-02T23:06:27+00:00,FORM_144,,"MAZE THERAPEUTICS, INC.",proposed sale $110K,110000,,https://www.sec.gov/Archives/edgar/data/1842295/000178275826000005/0001782758-26-000005-index.htm,LOW
2026-09-02T23:06:27+00:00,FORM_144,,"Amer Sports, Inc.",proposed sale $58K,57889,,https://www.sec.gov/Archives/edgar/data/1988894/000197337926000332/0001973379-26-000332-index.htm,LOW
2026-09-02T23:06:28+00:00,FORM_144,,"MAZE THERAPEUTICS, INC.",proposed sale $177K,177200,,https://www.sec.gov/Archives/edgar/data/2050167/000205016726000024/0002050167-26-000024-index.htm,LOW
2026-09-02T23:06:28+00:00,FORM_144,,"MAZE THERAPEUTICS, INC.",proposed sale $623K,623400,,https://www.sec.gov/Archives/edgar/data/1842295/000167617026000019/0001676170-26-000019-index.htm,LOW
2026-09-02T23:06:29+00:00,FORM_144,,"MAZE THERAPEUTICS, INC.",proposed sale $284K,283500,,https://www.sec.gov/Archives/edgar/data/2050172/000205017226000031/0002050172-26-000031-index.htm,LOW
2026-09-02T23:19:56+00:00,FORM_144,,ResMed INC,proposed sale $228K,227608,,https://www.sec.gov/Archives/edgar/data/1186102/000162828026060229/0001628280-26-060229-index.htm,LOW
2026-09-02T23:29:15+00:00,FORM_144,,Aura Minerals Inc.,proposed sale $4K,3604,,https://www.sec.gov/Archives/edgar/data/2126756/000212675626000006/0002126756-26-000006-index.htm,LOW
2026-09-02T23:39:56+00:00,FORM_144,,Aura Minerals Inc.,proposed sale $615K,614517,,https://www.sec.gov/Archives/edgar/data/2126752/000212675226000015/0002126752-26-000015-index.htm,LOW
2026-09-02T23:39:57+00:00,FORM_144,,Aura Minerals Inc.,proposed sale $89K,89257,,https://www.sec.gov/Archives/edgar/data/2126753/000212675326000011/0002126753-26-000011-index.htm,LOW
2026-09-02T23:39:57+00:00,FORM_144,,Aura Minerals Inc.,proposed sale $192K,191844,,https://www.sec.gov/Archives/edgar/data/2126754/000212675426000007/0002126754-26-000007-index.htm,LOW
2026-09-02T23:39:57+00:00,FORM_144,,Aura Minerals Inc.,proposed sale $83K,82997,,https://www.sec.gov/Archives/edgar/data/2126755/000212675526000010/0002126755-26-000010-index.htm,LOW
2026-09-02T23:47:08+00:00,FORM_144,,Aura Minerals Inc.,proposed sale $488K,488372,,https://www.sec.gov/Archives/edgar/data/2126744/000212674426000007/0002126744-26-000007-index.htm,LOW
2026-09-02T23:47:08+00:00,FORM_144,,Aura Minerals Inc.,proposed sale $8K,7936,,https://www.sec.gov/Archives/edgar/data/2126748/000212674826000008/0002126748-26-000008-index.htm,LOW
2026-09-02T23:55:15+00:00,FORM_144,,GrabAGun Digital Holdings Inc.,proposed sale $37K,36864,,https://www.sec.gov/Archives/edgar/data/2060555/000206055526000002/0002060555-26-000002-index.htm,LOW
2026-09-03T00:34:26+00:00,FORM_144,,"Rackspace Technology, Inc.",proposed sale $25K,24856,,https://www.sec.gov/Archives/edgar/data/1810019/000181001926000096/0001810019-26-000096-index.htm,LOW
2026-09-03T00:49:42+00:00,FORM_144,,"FULGENT GENETICS, INC.",proposed sale $42K,41809,,https://www.sec.gov/Archives/edgar/data/1819718/000181971826000013/0001819718-26-000013-index.htm,LOW
2026-09-03T00:49:42+00:00,FORM_144,,"FULGENT GENETICS, INC.",proposed sale $33K,32885,,https://www.sec.gov/Archives/edgar/data/1684532/000168453226000011/0001684532-26-000011-index.htm,LOW
2026-09-03T00:59:50+00:00,FORM_144,,"Rackspace Technology, Inc.",proposed sale $60K,59709,,https://www.sec.gov/Archives/edgar/data/1892103/000181001926000097/0001810019-26-000097-index.htm,LOW
2026-09-03T00:59:51+00:00,FORM_144,,"Funko, Inc.",proposed sale $1.21M,1209600,,https://www.sec.gov/Archives/edgar/data/2084455/000208445526000002/0002084455-26-000002-index.htm,LOW
2026-09-03T01:29:45+00:00,FORM_144,,"Rackspace Technology, Inc.",proposed sale $322K,322076,,https://www.sec.gov/Archives/edgar/data/1810019/000181001926000099/0001810019-26-000099-index.htm,LOW
2026-09-03T01:43:21+00:00,FORM_144,,"RxSight, Inc.",proposed sale $14K,14205,,https://www.sec.gov/Archives/edgar/data/1874147/000187414726000002/0001874147-26-000002-index.htm,LOW
2026-09-03T01:43:21+00:00,FORM_144,,"RxSight, Inc.",proposed sale $14K,14205,,https://www.sec.gov/Archives/edgar/data/1295814/000129581426000002/0001295814-26-000002-index.htm,LOW
2026-09-03T01:43:22+00:00,FORM_144,,"Rackspace Technology, Inc.",proposed sale $94K,93576,,https://www.sec.gov/Archives/edgar/data/1892103/000181001926000100/0001810019-26-000100-index.htm,LOW
2026-09-03T01:43:22+00:00,FORM_144,,ASP Isotopes Inc.,proposed sale $317K,316605,,https://www.sec.gov/Archives/edgar/data/1921865/000147793226005388/0001477932-26-005388-index.htm,LOW
2026-09-03T01:43:23+00:00,FORM_144,,ASP Isotopes Inc.,proposed sale $94K,94500,,https://www.sec.gov/Archives/edgar/data/1951275/000147793226005387/0001477932-26-005387-index.htm,LOW
2026-09-03T01:53:05+00:00,FORM_144,,"RxSight, Inc.",proposed sale $35K,35496,,https://www.sec.gov/Archives/edgar/data/1295469/000129546926000002/0001295469-26-000002-index.htm,LOW
2026-09-03T01:53:06+00:00,FORM_144,,"RxSight, Inc.",proposed sale $54K,54044,,https://www.sec.gov/Archives/edgar/data/2107187/000210718726000002/0002107187-26-000002-index.htm,LOW
2026-09-03T02:05:19+00:00,FORM_144,,"Eastern Bankshares, Inc.",proposed sale $493K,492929,,https://www.sec.gov/Archives/edgar/data/1825585/000119312526380729/0001193125-26-380729-index.htm,LOW
2026-09-03T10:36:33+00:00,FORM_144,,KALTURA INC,proposed sale $136K,135655,,https://www.sec.gov/Archives/edgar/data/2009676/000197640826000800/0001976408-26-000800-index.htm,LOW
2026-09-03T10:36:33+00:00,FORM_144,,PDD Holdings Inc.,proposed sale $140K,140236,,https://www.sec.gov/Archives/edgar/data/1993262/000197337926000333/0001973379-26-000333-index.htm,LOW
2026-09-03T12:16:41+00:00,FORM_144,,BioNTech SE,proposed sale $89.09M,89090676,,https://www.sec.gov/Archives/edgar/data/1803150/000208592926000012/0002085929-26-000012-index.htm,LOW
2026-09-03T12:16:41+00:00,FORM_144,,Kanzhun Limited,proposed sale $5.19M,5190000,,https://www.sec.gov/Archives/edgar/data/1994255/000110465926104930/0001104659-26-104930-index.htm,LOW
2026-09-03T14:22:05+00:00,FORM_144,,OBSIDIAN ENERGY LTD.,proposed sale $486K,485616,,https://www.sec.gov/Archives/edgar/data/1695291/000194984626000562/0001949846-26-000562-index.htm,LOW
2026-09-03T14:22:05+00:00,FORM_144,,TAKE TWO INTERACTIVE SOFTWARE INC,proposed sale $161K,161470,,https://www.sec.gov/Archives/edgar/data/1623654/000195917326006677/0001959173-26-006677-index.htm,LOW
2026-09-03T14:22:06+00:00,FORM_144,,"nCino, Inc.",proposed sale $191K,190794,,https://www.sec.gov/Archives/edgar/data/1902733/000195917326006676/0001959173-26-006676-index.htm,LOW
2026-09-03T14:47:37+00:00,FORM_144,,Fabrinet,proposed sale $995K,994950,,https://www.sec.gov/Archives/edgar/data/1785907/000197337926000334/0001973379-26-000334-index.htm,LOW
2026-09-03T14:47:38+00:00,FORM_144,,"Live Oak Bancshares, Inc.",proposed sale $399K,398900,,https://www.sec.gov/Archives/edgar/data/1462120/000195917326006678/0001959173-26-006678-index.htm,LOW
2026-09-03T14:57:33+00:00,FORM_144,,AUTOMATIC DATA PROCESSING INC,proposed sale $178K,178490,,https://www.sec.gov/Archives/edgar/data/1805266/000195917326006679/0001959173-26-006679-index.htm,LOW
2026-09-03T15:10:44+00:00,FORM_144,,"Certara, Inc.",proposed sale $300K,300069,,https://www.sec.gov/Archives/edgar/data/1827090/000195917326006685/0001959173-26-006685-index.htm,LOW
2026-09-03T15:10:45+00:00,FORM_144,,Cigna Group,proposed sale $175K,175258,,https://www.sec.gov/Archives/edgar/data/1739940/000195917326006684/0001959173-26-006684-index.htm,LOW
2026-09-03T15:10:45+00:00,FORM_144,,OUTFRONT Media Inc.,proposed sale $101K,100940,,https://www.sec.gov/Archives/edgar/data/2075251/000195917326006683/0001959173-26-006683-index.htm,LOW
2026-09-03T15:10:45+00:00,FORM_144,,"Rush Street Interactive, Inc.",proposed sale $611K,610880,,https://www.sec.gov/Archives/edgar/data/1793659/000195917326006682/0001959173-26-006682-index.htm,LOW
2026-09-03T15:10:46+00:00,FORM_144,,"Warner Bros. Discovery, Inc.",proposed sale $5.67M,5672000,,https://www.sec.gov/Archives/edgar/data/1437107/000194984626000563/0001949846-26-000563-index.htm,LOW
2026-09-03T15:10:46+00:00,FORM_144,,"Live Oak Bancshares, Inc.",proposed sale $64K,63824,,https://www.sec.gov/Archives/edgar/data/1824584/000195917326006681/0001959173-26-006681-index.htm,LOW
2026-09-03T15:10:46+00:00,FORM_144,,"Clear Secure, Inc.",proposed sale $200K,200070,,https://www.sec.gov/Archives/edgar/data/2009636/000195917326006680/0001959173-26-006680-index.htm,LOW
2026-09-03T15:27:55+00:00,INSIDER_CLUSTER,BRID,BRIDGFORD FOODS CORP,Bridgford Allan Jr. $6K,6137,2,https://www.sec.gov/Archives/edgar/data/1534107/000149315226041332/0001493152-26-041332-index.htm,HIGH
2026-09-03T15:28:02+00:00,FORM_144,,"DigitalOcean Holdings, Inc.",proposed sale $1.06M,1057300,,https://www.sec.gov/Archives/edgar/data/1717324/000195917326006688/0001959173-26-006688-index.htm,LOW
2026-09-03T15:28:03+00:00,FORM_144,,"Clear Secure, Inc.",proposed sale $94K,93564,,https://www.sec.gov/Archives/edgar/data/1882847/000195917326006687/0001959173-26-006687-index.htm,LOW
2026-09-03T15:28:03+00:00,FORM_144,,"DigitalOcean Holdings, Inc.",proposed sale $421K,421334,,https://www.sec.gov/Archives/edgar/data/2002093/000195917326006686/0001959173-26-006686-index.htm,LOW
2026-09-03T15:40:26+00:00,FORM_144,,"ITRON, INC.",proposed sale $994K,994045,,https://www.sec.gov/Archives/edgar/data/1802633/000195917326006690/0001959173-26-006690-index.htm,LOW
2026-09-03T15:40:26+00:00,FORM_144,,EQUIFAX INC,proposed sale $846K,845820,,https://www.sec.gov/Archives/edgar/data/1222712/000195917326006689/0001959173-26-006689-index.htm,LOW
2026-09-03T15:50:48+00:00,FORM_144,,Dell Technologies Inc.,proposed sale $1.25B,1248104549,,https://www.sec.gov/Archives/edgar/data/1599858/000162828026060285/0001628280-26-060285-index.htm,LOW
2026-09-03T15:50:49+00:00,FORM_144,,"Teladoc Health, Inc.",proposed sale $64K,63876,,https://www.sec.gov/Archives/edgar/data/2037547/000195917326006692/0001959173-26-006692-index.htm,LOW
2026-09-03T15:50:49+00:00,FORM_144,,"DigitalOcean Holdings, Inc.",proposed sale $602K,602343,,https://www.sec.gov/Archives/edgar/data/1761862/000195917326006691/0001959173-26-006691-index.htm,LOW
2026-09-03T15:59:33+00:00,FORM_144,,Lincoln National Corp,proposed sale $2.54M,2542830,,https://www.sec.gov/Archives/edgar/data/1931040/000196922326000989/0001969223-26-000989-index.htm,LOW
2026-09-03T15:59:34+00:00,FORM_144,,"HORNBECK OFFSHORE SERVICES, INC.",proposed sale $1.33M,1332477,,https://www.sec.gov/Archives/edgar/data/1648839/000195917326006694/0001959173-26-006694-index.htm,LOW
2026-09-03T15:59:34+00:00,FORM_144,,"Soluna Holdings, Inc",proposed sale $13K,12686,,https://www.sec.gov/Archives/edgar/data/1311899/000195917326006693/0001959173-26-006693-index.htm,LOW
2026-09-03T16:28:41+00:00,FORM_144,,"Par Pacific Holdings, Inc.",proposed sale $2.22M,2223633,,https://www.sec.gov/Archives/edgar/data/1539898/000162828026060293/0001628280-26-060293-index.htm,LOW
2026-09-03T16:28:42+00:00,FORM_144,,CuriosityStream Inc.,proposed sale $236K,235991,,https://www.sec.gov/Archives/edgar/data/1938940/000195917326006695/0001959173-26-006695-index.htm,LOW
2026-09-03T16:41:36+00:00,INSIDER_CLUSTER,AMRZ,Amrize Ltd,Jenisch Jan Philipp $1.27M,1274080,1,https://www.sec.gov/Archives/edgar/data/2068104/000203598926000078/0002035989-26-000078-index.htm,HIGH
2026-09-03T16:53:09+00:00,FORM_144,,HORACE MANN EDUCATORS CORP /DE/,proposed sale $169K,169036,,https://www.sec.gov/Archives/edgar/data/1741555/000195917326006697/0001959173-26-006697-index.htm,LOW
2026-09-03T16:53:09+00:00,FORM_144,,"FIVE BELOW, INC",proposed sale $1.81M,1813128,,https://www.sec.gov/Archives/edgar/data/1181692/000195917326006696/0001959173-26-006696-index.htm,LOW
2026-09-03T17:15:54+00:00,INSIDER_CLUSTER,NONE,Evanston Multi-Alpha Fund,Spence John Yogi $100K,100001,2,https://www.sec.gov/Archives/edgar/data/1718133/000171813326000004/0001718133-26-000004-index.htm,HIGH
2026-09-03T17:28:51+00:00,INSIDER_CLUSTER,FRST,Primis Financial Corp.,Johnson Eric Alan $20K,19968,2,https://www.sec.gov/Archives/edgar/data/1364419/000119312526381567/0001193125-26-381567-index.htm,HIGH
2026-09-03T17:52:58+00:00,FORM_144,,HEXCEL CORP /DE/,proposed sale $1.27M,1273716,,https://www.sec.gov/Archives/edgar/data/1491601/000195917326006698/0001959173-26-006698-index.htm,LOW
2026-09-03T18:19:32+00:00,FORM_144,,Two Hands Corp.,proposed sale $50K,50000,,https://www.sec.gov/Archives/edgar/data/1683832/000168383226000006/0001683832-26-000006-index.htm,LOW
2026-09-03T18:35:37+00:00,FORM_144,,Snowflake Inc.,proposed sale $3.80M,3800000,,https://www.sec.gov/Archives/edgar/data/1979088/000195917326006699/0001959173-26-006699-index.htm,LOW
2026-09-03T18:35:38+00:00,FORM_144,,"10x Genomics, Inc.",proposed sale $1.24M,1235045,,https://www.sec.gov/Archives/edgar/data/1770787/000195779926000170/0001957799-26-000170-index.htm,LOW
2026-09-03T18:49:40+00:00,FORM_144,,CuriosityStream Inc.,proposed sale $73K,73000,,https://www.sec.gov/Archives/edgar/data/1938940/000193894026000002/0001938940-26-000002-index.htm,LOW
2026-09-03T18:49:40+00:00,FORM_144,,IEH Corp,proposed sale $162K,162500,,https://www.sec.gov/Archives/edgar/data/1754873/000117494726000840/0001174947-26-000840-index.htm,LOW
2026-09-03T18:57:38+00:00,FORM_144,,HORACE MANN EDUCATORS CORP /DE/,proposed sale $107K,107384,,https://www.sec.gov/Archives/edgar/data/1665149/000195917326006700/0001959173-26-006700-index.htm,LOW
2026-09-03T19:09:38+00:00,FORM_144,,Murphy USA Inc.,proposed sale $52K,52359,,https://www.sec.gov/Archives/edgar/data/2106788/000195917326006701/0001959173-26-006701-index.htm,LOW
2026-09-03T19:20:14+00:00,FORM_144,,"FirstCash Holdings, Inc.",proposed sale $808K,808350,,https://www.sec.gov/Archives/edgar/data/1168703/000196858226000926/0001968582-26-000926-index.htm,LOW
2026-09-03T19:28:51+00:00,FORM_144,,GENWORTH FINANCIAL INC,proposed sale $1.05M,1052594,,https://www.sec.gov/Archives/edgar/data/1321272/000195917326006703/0001959173-26-006703-index.htm,LOW
2026-09-03T19:28:51+00:00,FORM_144,,"Oscar Health, Inc.",proposed sale $908K,907950,,https://www.sec.gov/Archives/edgar/data/1568651/000195917326006702/0001959173-26-006702-index.htm,LOW
2026-09-03T19:38:41+00:00,INSIDER_CLUSTER,N/A,AB Multi-Manager Alternative Fund,Briskin Brian $68K,68201,77,https://www.sec.gov/Archives/edgar/data/1868366/000091957426006165/0000919574-26-006165-index.htm,HIGH
2026-09-03T19:38:44+00:00,FORM_144,,"Lemonade, Inc.",proposed sale $57K,56816,,https://www.sec.gov/Archives/edgar/data/2011118/000195917326006705/0001959173-26-006705-index.htm,LOW
2026-09-03T19:38:44+00:00,FORM_144,,"Oscar Health, Inc.",proposed sale $326K,325829,,https://www.sec.gov/Archives/edgar/data/1888381/000195917326006704/0001959173-26-006704-index.htm,LOW
2026-09-03T19:46:30+00:00,FORM_144,,"Oscar Health, Inc.",proposed sale $988K,988243,,https://www.sec.gov/Archives/edgar/data/1844320/000195917326006708/0001959173-26-006708-index.htm,LOW
2026-09-03T19:46:30+00:00,FORM_144,,"Lemonade, Inc.",proposed sale $103K,103416,,https://www.sec.gov/Archives/edgar/data/1691421/000195917326006707/0001959173-26-006707-index.htm,LOW
2026-09-03T19:46:31+00:00,FORM_144,,"NLIGHT, INC.",proposed sale $397K,396839,,https://www.sec.gov/Archives/edgar/data/1738235/000195917326006706/0001959173-26-006706-index.htm,LOW
2026-09-03T19:55:01+00:00,FORM_144,,Beta Bionics Inc,proposed sale $113K,113258,,https://www.sec.gov/Archives/edgar/data/2048593/000162828026060356/0001628280-26-060356-index.htm,LOW
2026-09-03T19:55:02+00:00,FORM_144,,"NLIGHT, INC.",proposed sale $42K,41706,,https://www.sec.gov/Archives/edgar/data/1914730/000195917326006710/0001959173-26-006710-index.htm,LOW
2026-09-03T19:55:02+00:00,FORM_144,,"Oscar Health, Inc.",proposed sale $286K,285949,,https://www.sec.gov/Archives/edgar/data/1842979/000195917326006709/0001959173-26-006709-index.htm,LOW
2026-09-03T20:20:05+00:00,FORM_144,,MERCURY SYSTEMS INC,proposed sale $338K,338030,,https://www.sec.gov/Archives/edgar/data/1049521/000195917326006711/0001959173-26-006711-index.htm,LOW
2026-09-03T20:33:09+00:00,INSIDER_BUY,HONA,Honeywell Aerospace Inc.,ARNOLD CRAIG $998K,998400,2,https://www.sec.gov/Archives/edgar/data/2089271/000162828026060444/0001628280-26-060444-index.htm,MEDIUM
2026-09-03T20:34:10+00:00,FORM_144,,WILLSCOT HOLDINGS CORPORATION,proposed sale $1.46M,1457290,,https://www.sec.gov/Archives/edgar/data/1723486/000195004726009060/0001950047-26-009060-index.htm,LOW
2026-09-03T20:34:10+00:00,FORM_144,,GLOBANT S.A.,proposed sale $100K,100000,,https://www.sec.gov/Archives/edgar/data/2118939/000195004726009059/0001950047-26-009059-index.htm,LOW
2026-09-03T20:34:11+00:00,FORM_144,,Permian Resources Corp,proposed sale $130K,130455,,https://www.sec.gov/Archives/edgar/data/1944325/000195917326006718/0001959173-26-006718-index.htm,LOW
2026-09-03T20:35:05+00:00,FORM_144,,"FORMFACTOR, INC.",proposed sale $202K,201810,,https://www.sec.gov/Archives/edgar/data/1498143/000195004726009058/0001950047-26-009058-index.htm,LOW
2026-09-03T20:35:05+00:00,FORM_144,,CORVEL CORP,proposed sale $3.56M,3561753,,https://www.sec.gov/Archives/edgar/data/1256520/000196922326000995/0001969223-26-000995-index.htm,LOW
2026-09-03T20:35:06+00:00,FORM_144,,"WILLDAN GROUP, INC.",proposed sale $5.18M,5178683,,https://www.sec.gov/Archives/edgar/data/1395188/000195004726009057/0001950047-26-009057-index.htm,LOW
2026-09-03T20:35:06+00:00,FORM_144,,"FVCBankcorp, Inc.",proposed sale $303K,302799,,https://www.sec.gov/Archives/edgar/data/1949622/000196530126000136/0001965301-26-000136-index.htm,LOW
2026-09-03T20:35:07+00:00,FORM_144,,"Playboy, Inc.",proposed sale $5K,5023,,https://www.sec.gov/Archives/edgar/data/1844982/000195917326006717/0001959173-26-006717-index.htm,LOW
2026-09-03T20:35:07+00:00,FORM_144,,PEGASYSTEMS INC.,proposed sale $41K,41191,,https://www.sec.gov/Archives/edgar/data/1353196/000195004726009056/0001950047-26-009056-index.htm,LOW
2026-09-03T20:35:30+00:00,FORM_144,,EverCommerce Inc.,proposed sale $51K,51266,,https://www.sec.gov/Archives/edgar/data/1856906/000195917326006716/0001959173-26-006716-index.htm,LOW
2026-09-03T20:35:42+00:00,FORM_144,,"HAMILTON INSURANCE GROUP, LTD.",proposed sale $1.81M,1806215,,https://www.sec.gov/Archives/edgar/data/1593275/000195004726009055/0001950047-26-009055-index.htm,LOW
2026-09-03T20:35:42+00:00,FORM_144,,FIRST FINANCIAL BANCORP /OH/,proposed sale $165K,164625,,https://www.sec.gov/Archives/edgar/data/1214961/000197248126000273/0001972481-26-000273-index.htm,LOW
2026-09-03T20:35:43+00:00,FORM_144,,Permian Resources Corp,proposed sale $121K,121227,,https://www.sec.gov/Archives/edgar/data/2022478/000195917326006715/0001959173-26-006715-index.htm,LOW
2026-09-03T20:35:43+00:00,FORM_144,,ETSY INC,proposed sale $244K,244488,,https://www.sec.gov/Archives/edgar/data/2068229/000196922326000994/0001969223-26-000994-index.htm,LOW
2026-09-03T20:35:43+00:00,FORM_144,,"Opus Genetics, Inc.",proposed sale $125K,124600,,https://www.sec.gov/Archives/edgar/data/1504983/000197415826000100/0001974158-26-000100-index.htm,LOW
2026-09-03T20:35:44+00:00,FORM_144,,ETSY INC,proposed sale $140K,140364,,https://www.sec.gov/Archives/edgar/data/1525358/000196922326000993/0001969223-26-000993-index.htm,LOW
2026-09-03T20:35:44+00:00,FORM_144,,Nano Nuclear Energy Inc.,proposed sale $444K,444167,,https://www.sec.gov/Archives/edgar/data/2021757/000196922326000992/0001969223-26-000992-index.htm,LOW
2026-09-03T20:35:45+00:00,FORM_144,,"Hinge Health, Inc.",proposed sale $1.24M,1239660,,https://www.sec.gov/Archives/edgar/data/1980707/000197407826000342/0001974078-26-000342-index.htm,LOW
2026-09-03T20:35:45+00:00,FORM_144,,"REGENERON PHARMACEUTICALS, INC.",proposed sale $969K,969267,,https://www.sec.gov/Archives/edgar/data/1663758/000196922326000991/0001969223-26-000991-index.htm,LOW
2026-09-03T20:35:45+00:00,FORM_144,,Permian Resources Corp,proposed sale $121K,121209,,https://www.sec.gov/Archives/edgar/data/1967415/000195917326006714/0001959173-26-006714-index.htm,LOW
2026-09-03T20:35:46+00:00,FORM_144,,"Super Micro Computer, Inc.",proposed sale $3.72M,3718530,,https://www.sec.gov/Archives/edgar/data/1392941/000196922326000990/0001969223-26-000990-index.htm,LOW
2026-09-03T20:35:46+00:00,FORM_144,,RenaissanceRe Holdings Ltd,proposed sale $3.25M,3248705,,https://www.sec.gov/Archives/edgar/data/1492528/000162828026060415/0001628280-26-060415-index.htm,LOW
2026-09-03T20:35:47+00:00,FORM_144,,"ZILLOW GROUP, INC.",proposed sale $42K,42388,,https://www.sec.gov/Archives/edgar/data/1828912/000192109426000992/0001921094-26-000992-index.htm,LOW
2026-09-03T20:35:47+00:00,FORM_144,,"BLOCK, INC.",proposed sale $501K,501420,,https://www.sec.gov/Archives/edgar/data/1933928/000195004726009054/0001950047-26-009054-index.htm,LOW
2026-09-03T20:35:48+00:00,FORM_144,,ASSOCIATED BANC-CORP,proposed sale $40K,40381,,https://www.sec.gov/Archives/edgar/data/1791042/000196530126000135/0001965301-26-000135-index.htm,LOW
2026-09-03T20:35:48+00:00,FORM_144,,"ZILLOW GROUP, INC.",proposed sale $28K,28282,,https://www.sec.gov/Archives/edgar/data/1617640/000192109426000991/0001921094-26-000991-index.htm,LOW
2026-09-03T20:35:48+00:00,FORM_144,,"GRID DYNAMICS HOLDINGS, INC.",proposed sale $31K,31344,,https://www.sec.gov/Archives/edgar/data/1805673/000195004726009053/0001950047-26-009053-index.htm,LOW
2026-09-03T20:35:49+00:00,FORM_144,,"DONNELLEY FINANCIAL SOLUTIONS, INC.",proposed sale $802K,802190,,https://www.sec.gov/Archives/edgar/data/1990064/000195004726009052/0001950047-26-009052-index.htm,LOW
2026-09-03T20:35:49+00:00,FORM_144,,Snap Inc,proposed sale $68K,67542,,https://www.sec.gov/Archives/edgar/data/2096196/000192109426000990/0001921094-26-000990-index.htm,LOW
2026-09-03T20:35:50+00:00,FORM_144,,SEI INVESTMENTS CO,proposed sale $4.15M,4151672,,https://www.sec.gov/Archives/edgar/data/1799975/000192109426000989/0001921094-26-000989-index.htm,LOW
2026-09-03T20:35:50+00:00,FORM_144,,"PAGERDUTY, INC.",proposed sale $624K,623508,,https://www.sec.gov/Archives/edgar/data/1674159/000195004726009051/0001950047-26-009051-index.htm,LOW
2026-09-03T20:35:51+00:00,FORM_144,,"ICU MEDICAL, INC.",proposed sale $819K,819150,,https://www.sec.gov/Archives/edgar/data/1669639/000195004726009050/0001950047-26-009050-index.htm,LOW
2026-09-03T20:35:51+00:00,FORM_144,,"NLIGHT, INC.",proposed sale $171K,170527,,https://www.sec.gov/Archives/edgar/data/1914846/000195917326006713/0001959173-26-006713-index.htm,LOW
2026-09-03T20:35:51+00:00,FORM_144,,"Kiniksa Pharmaceuticals International, plc",proposed sale $369K,369380,,https://www.sec.gov/Archives/edgar/data/1730430/000192109426000988/0001921094-26-000988-index.htm,LOW
2026-09-03T20:35:52+00:00,FORM_144,,JFROG LTD.,proposed sale $773K,772730,,https://www.sec.gov/Archives/edgar/data/2006737/000195004726009048/0001950047-26-009048-index.htm,LOW
2026-09-03T20:35:52+00:00,FORM_144,,THE SOUTHERN COMPANY,proposed sale $378K,377924,,https://www.sec.gov/Archives/edgar/data/2023851/000162828026060387/0001628280-26-060387-index.htm,LOW
2026-09-03T20:35:52+00:00,FORM_144,,"HERITAGE INSURANCE HOLDINGS, INC.",proposed sale $88K,87750,,https://www.sec.gov/Archives/edgar/data/1607776/000195004726009047/0001950047-26-009047-index.htm,LOW
2026-09-03T20:35:53+00:00,FORM_144,,UNITED THERAPEUTICS CORPORATION,proposed sale $4.00M,4000836,,https://www.sec.gov/Archives/edgar/data/1231589/000195004726009046/0001950047-26-009046-index.htm,LOW
2026-09-03T20:35:53+00:00,FORM_144,,"Happen, Inc.",proposed sale $148K,147504,,https://www.sec.gov/Archives/edgar/data/1998222/000192109426000987/0001921094-26-000987-index.htm,LOW
2026-09-03T20:35:54+00:00,FORM_144,,LUMENTUM HOLDINGS INC.,proposed sale $435K,435005,,https://www.sec.gov/Archives/edgar/data/1633978/000195004726009045/0001950047-26-009045-index.htm,LOW
2026-09-03T20:35:54+00:00,FORM_144,,THE SOUTHERN COMPANY,proposed sale $124K,124418,,https://www.sec.gov/Archives/edgar/data/2082705/000162828026060384/0001628280-26-060384-index.htm,LOW
2026-09-03T20:35:54+00:00,FORM_144,,"Lemonade, Inc.",proposed sale $47K,46928,,https://www.sec.gov/Archives/edgar/data/1816299/000195917326006712/0001959173-26-006712-index.htm,LOW
2026-09-03T20:45:33+00:00,FORM_144,,WILLSCOT HOLDINGS CORPORATION,proposed sale $6.57M,6574573,,https://www.sec.gov/Archives/edgar/data/1723486/000195004726009086/0001950047-26-009086-index.htm,LOW
2026-09-03T20:45:34+00:00,FORM_144,,SLIDE INSURANCE HOLDINGS INC,proposed sale $50K,50294,,https://www.sec.gov/Archives/edgar/data/2114935/000195004726009085/0001950047-26-009085-index.htm,LOW
2026-09-03T20:45:34+00:00,FORM_144,,ODDITY TECH LTD,proposed sale $12K,11722,,https://www.sec.gov/Archives/edgar/data/2008127/000195004726009084/0001950047-26-009084-index.htm,LOW
2026-09-03T20:45:34+00:00,FORM_144,,SLIDE INSURANCE HOLDINGS INC,proposed sale $275K,275023,,https://www.sec.gov/Archives/edgar/data/2114934/000195004726009083/0001950047-26-009083-index.htm,LOW
2026-09-03T20:45:35+00:00,FORM_144,,TFS FINANCIAL CORPORATION,proposed sale $103K,102767,,https://www.sec.gov/Archives/edgar/data/1530997/000195004726009082/0001950047-26-009082-index.htm,LOW
2026-09-03T20:45:35+00:00,FORM_144,,"Affirm Holdings, Inc.",proposed sale $3.09M,3086885,,https://www.sec.gov/Archives/edgar/data/1870331/000195004726009081/0001950047-26-009081-index.htm,LOW
2026-09-03T20:45:36+00:00,FORM_144,,"RingCentral, Inc.",proposed sale $69K,69241,,https://www.sec.gov/Archives/edgar/data/2057569/000195004726009080/0001950047-26-009080-index.htm,LOW
2026-09-03T20:45:36+00:00,FORM_144,,"PayPal Holdings, Inc.",proposed sale $185K,184729,,https://www.sec.gov/Archives/edgar/data/1896086/000195004726009079/0001950047-26-009079-index.htm,LOW
2026-09-03T20:45:37+00:00,FORM_144,,"Datadog, Inc.",proposed sale $1.18M,1176918,,https://www.sec.gov/Archives/edgar/data/1561550/000195004726009078/0001950047-26-009078-index.htm,LOW
2026-09-03T20:45:37+00:00,FORM_144,,"PayPal Holdings, Inc.",proposed sale $252K,252138,,https://www.sec.gov/Archives/edgar/data/2006416/000195004726009077/0001950047-26-009077-index.htm,LOW
2026-09-03T20:45:37+00:00,FORM_144,,"PayPal Holdings, Inc.",proposed sale $30K,30177,,https://www.sec.gov/Archives/edgar/data/1905272/000195004726009076/0001950047-26-009076-index.htm,LOW
2026-09-03T20:45:38+00:00,FORM_144,,"PRINCIPAL FINANCIAL GROUP, INC",proposed sale $6.14M,6137633,,https://www.sec.gov/Archives/edgar/data/1278726/000195004726009075/0001950047-26-009075-index.htm,LOW
2026-09-03T20:45:38+00:00,FORM_144,,JOBY AVIATION INC,proposed sale $61K,60684,,https://www.sec.gov/Archives/edgar/data/1895244/000195004726009074/0001950047-26-009074-index.htm,LOW
2026-09-03T20:45:38+00:00,FORM_144,,"PUBMATIC, INC.",proposed sale $109K,108625,,https://www.sec.gov/Archives/edgar/data/1833508/000195004726009073/0001950047-26-009073-index.htm,LOW
2026-09-03T20:45:39+00:00,FORM_144,,"Datadog, Inc.",proposed sale $2.52M,2517455,,https://www.sec.gov/Archives/edgar/data/1861590/000195004726009072/0001950047-26-009072-index.htm,LOW
2026-09-03T20:46:42+00:00,FORM_144,,FIVE9 INC COM,proposed sale $89K,89282,,https://www.sec.gov/Archives/edgar/data/1846877/000195004726009070/0001950047-26-009070-index.htm,LOW
2026-09-03T20:46:43+00:00,FORM_144,,"BILL HOLDINGS, INC.",proposed sale $1.03M,1030006,,https://www.sec.gov/Archives/edgar/data/1795497/000195004726009069/0001950047-26-009069-index.htm,LOW
2026-09-03T20:46:43+00:00,FORM_144,,"BILL HOLDINGS, INC.",proposed sale $1.03M,1030006,,https://www.sec.gov/Archives/edgar/data/1795497/000195004726009068/0001950047-26-009068-index.htm,LOW
2026-09-03T20:46:44+00:00,FORM_144,,"AIRGAIN, INC.",proposed sale $5K,5020,,https://www.sec.gov/Archives/edgar/data/1705078/000195004726009067/0001950047-26-009067-index.htm,LOW
2026-09-03T20:46:44+00:00,FORM_144,,"ARS PHARMACEUTICALS, INC.",proposed sale $116K,115564,,https://www.sec.gov/Archives/edgar/data/1671858/000195004726009066/0001950047-26-009066-index.htm,LOW
2026-09-03T20:46:44+00:00,FORM_144,,TRANSCAT INC,proposed sale $626K,625876,,https://www.sec.gov/Archives/edgar/data/1791707/000089183926000384/0000891839-26-000384-index.htm,LOW
2026-09-03T20:46:45+00:00,FORM_144,,CUMMINS INC.,proposed sale $502K,501747,,https://www.sec.gov/Archives/edgar/data/2073552/000195004726009065/0001950047-26-009065-index.htm,LOW
2026-09-03T20:46:45+00:00,FORM_144,,"DEFINIUM THERAPEUTICS, INC.",proposed sale $718K,718144,,https://www.sec.gov/Archives/edgar/data/1897557/000195004726009064/0001950047-26-009064-index.htm,LOW
2026-09-03T20:46:46+00:00,FORM_144,,"Gevo, Inc.",proposed sale $3K,2588,,https://www.sec.gov/Archives/edgar/data/1854032/000197248126000274/0001972481-26-000274-index.htm,LOW
2026-09-03T20:46:46+00:00,FORM_144,,"LiveWire Group, Inc.",proposed sale $25K,25492,,https://www.sec.gov/Archives/edgar/data/2134919/000195917326006719/0001959173-26-006719-index.htm,LOW
2026-09-03T20:46:46+00:00,FORM_144,,DOLLAR GENERAL CORPORATION,proposed sale $733K,732554,,https://www.sec.gov/Archives/edgar/data/1773464/000195004726009063/0001950047-26-009063-index.htm,LOW
2026-09-03T20:46:47+00:00,FORM_144,,"BLUE BIOFUELS, INC.",proposed sale $150K,150000,,https://www.sec.gov/Archives/edgar/data/1926933/000149315226041374/0001493152-26-041374-index.htm,LOW
2026-09-03T20:46:47+00:00,FORM_144,,"Rigetti Computing, Inc.",proposed sale $372K,371750,,https://www.sec.gov/Archives/edgar/data/1838359/000196794026000048/0001967940-26-000048-index.htm,LOW
2026-09-03T20:46:47+00:00,FORM_144,,"RIMINI STREET, INC.",proposed sale $214K,213527,,https://www.sec.gov/Archives/edgar/data/1717716/000195004726009062/0001950047-26-009062-index.htm,LOW
2026-09-03T20:59:44+00:00,INSIDER_CLUSTER,UMBF,UMB FINANCIAL CORP,Peterman Tamara $55K,55010,2,https://www.sec.gov/Archives/edgar/data/1774955/000010138226000181/0000101382-26-000181-index.htm,HIGH
2026-09-03T21:27:31+00:00,FORM_144,,"BETA BIONICS, INC.",proposed sale $82K,81950,,https://www.sec.gov/Archives/edgar/data/2051384/000205138426000008/0002051384-26-000008-index.htm,LOW
2026-09-03T21:27:31+00:00,FORM_144,,"BETA BIONICS, INC.",proposed sale $85K,84940,,https://www.sec.gov/Archives/edgar/data/2048500/000204850026000011/0002048500-26-000011-index.htm,LOW
2026-09-03T21:27:31+00:00,FORM_144,,"BETA BIONICS, INC.",proposed sale $130K,129595,,https://www.sec.gov/Archives/edgar/data/2048588/000204858826000012/0002048588-26-000012-index.htm,LOW
2026-09-03T21:27:32+00:00,FORM_144,,"ARTIVION, INC.",proposed sale $39K,38842,,https://www.sec.gov/Archives/edgar/data/1191000/000195917326006726/0001959173-26-006726-index.htm,LOW
2026-09-03T21:27:32+00:00,FORM_144,,"BETA BIONICS, INC.",proposed sale $327K,327472,,https://www.sec.gov/Archives/edgar/data/2048593/000204859326000008/0002048593-26-000008-index.htm,LOW
2026-09-03T21:27:32+00:00,FORM_144,,Iradimed Corporation,proposed sale $123K,122624,,https://www.sec.gov/Archives/edgar/data/1325618/000125335226000008/0001253352-26-000008-index.htm,LOW
2026-09-03T21:27:33+00:00,FORM_144,,"FIGMA, INC.",proposed sale $2.81M,2807297,,https://www.sec.gov/Archives/edgar/data/2073801/000195004726009100/0001950047-26-009100-index.htm,LOW
2026-09-03T21:27:33+00:00,FORM_144,,"Disc Medicine, Inc.",proposed sale $4K,4322,,https://www.sec.gov/Archives/edgar/data/1816736/000162828026060507/0001628280-26-060507-index.htm,LOW
2026-09-03T21:27:33+00:00,FORM_144,,"Disc Medicine, Inc.",proposed sale $187K,187236,,https://www.sec.gov/Archives/edgar/data/1885327/000162828026060505/0001628280-26-060505-index.htm,LOW
2026-09-03T21:27:34+00:00,FORM_144,,"Disc Medicine, Inc.",proposed sale $225K,224940,,https://www.sec.gov/Archives/edgar/data/1816736/000162828026060504/0001628280-26-060504-index.htm,LOW
2026-09-03T21:27:34+00:00,FORM_144,,"Disc Medicine, Inc.",proposed sale $546K,546101,,https://www.sec.gov/Archives/edgar/data/1816736/000162828026060502/0001628280-26-060502-index.htm,LOW
2026-09-03T21:27:43+00:00,FORM_144,,Valaris Ltd,proposed sale $130.37M,130372708,,https://www.sec.gov/Archives/edgar/data/1164688/000091957426006171/0000919574-26-006171-index.htm,LOW
2026-09-03T21:27:43+00:00,FORM_144,,"ARROW ELECTRONICS, INC.",proposed sale $210K,209850,,https://www.sec.gov/Archives/edgar/data/1870985/000195917326006725/0001959173-26-006725-index.htm,LOW
2026-09-03T21:27:44+00:00,FORM_144,,"Clear Secure, Inc.",proposed sale $515K,514980,,https://www.sec.gov/Archives/edgar/data/1856314/000195917326006724/0001959173-26-006724-index.htm,LOW
2026-09-03T21:27:44+00:00,FORM_144,,"Gevo, Inc.",proposed sale $3K,2597,,https://www.sec.gov/Archives/edgar/data/1512143/000197248126000277/0001972481-26-000277-index.htm,LOW
2026-09-03T21:27:44+00:00,FORM_144,,CREDIT ACCEPTANCE CORP,proposed sale $6.16M,6157500,,https://www.sec.gov/Archives/edgar/data/1300069/000195917326006723/0001959173-26-006723-index.htm,LOW
2026-09-03T21:27:45+00:00,FORM_144,,IRIDIUM COMMUNICATIONS INC.,proposed sale $95K,95341,,https://www.sec.gov/Archives/edgar/data/2046045/000195004726009098/0001950047-26-009098-index.htm,LOW
2026-09-03T21:27:45+00:00,FORM_144,,"SCANSOURCE, INC.",proposed sale $568K,567591,,https://www.sec.gov/Archives/edgar/data/1837268/000196430626000425/0001964306-26-000425-index.htm,LOW
2026-09-03T21:27:45+00:00,FORM_144,,Alkermes plc.,proposed sale $98K,97652,,https://www.sec.gov/Archives/edgar/data/1675905/000196430626000424/0001964306-26-000424-index.htm,LOW
2026-09-03T21:27:46+00:00,FORM_144,,"INTAPP, INC.",proposed sale $1.40M,1397743,,https://www.sec.gov/Archives/edgar/data/1869582/000195004726009097/0001950047-26-009097-index.htm,LOW
2026-09-03T21:27:46+00:00,FORM_144,,"Gevo, Inc.",proposed sale $6K,5671,,https://www.sec.gov/Archives/edgar/data/1511369/000197248126000276/0001972481-26-000276-index.htm,LOW
2026-09-03T21:27:46+00:00,FORM_144,,"Life Time Group Holdings, Inc.",proposed sale $249K,249304,,https://www.sec.gov/Archives/edgar/data/1884996/000195917326006722/0001959173-26-006722-index.htm,LOW
2026-09-03T21:27:47+00:00,FORM_144,,KKR & Co. Inc.,proposed sale $1.06M,1064100,,https://www.sec.gov/Archives/edgar/data/1724955/000114036126035620/0001140361-26-035620-index.htm,LOW
2026-09-03T21:27:47+00:00,FORM_144,,ELASTIC N.V.,proposed sale $16.93M,16932438,,https://www.sec.gov/Archives/edgar/data/1753445/000195004726009096/0001950047-26-009096-index.htm,LOW
2026-09-03T21:27:47+00:00,FORM_144,,ELASTIC N.V.,proposed sale $2.23M,2230556,,https://www.sec.gov/Archives/edgar/data/1753445/000195004726009095/0001950047-26-009095-index.htm,LOW
2026-09-03T21:27:48+00:00,FORM_144,,"Five9, Inc.",proposed sale $132K,132084,,https://www.sec.gov/Archives/edgar/data/2063775/000206377526000011/0002063775-26-000011-index.htm,LOW
2026-09-03T21:27:48+00:00,FORM_144,,"CARIS LIFE SCIENCES, INC.",proposed sale $11.88M,11882984,,https://www.sec.gov/Archives/edgar/data/2071953/000195004726009094/0001950047-26-009094-index.htm,LOW
2026-09-03T21:27:49+00:00,FORM_144,,"Royal Gold, Inc",proposed sale $2.51M,2506286,,https://www.sec.gov/Archives/edgar/data/1390606/000195004726009093/0001950047-26-009093-index.htm,LOW
2026-09-03T21:27:49+00:00,FORM_144,,"HORNBECK OFFSHORE SERVICES, INC.",proposed sale $125K,125455,,https://www.sec.gov/Archives/edgar/data/1946868/000195917326006721/0001959173-26-006721-index.htm,LOW
2026-09-03T21:27:49+00:00,FORM_144,,MIAMI INTERNATIONAL HOLDINGS INC,proposed sale $5.73M,5727420,,https://www.sec.gov/Archives/edgar/data/2080477/000195004726009092/0001950047-26-009092-index.htm,LOW
2026-09-03T21:27:50+00:00,FORM_144,,"NWPX Infrastructure, Inc.",proposed sale $443,443,,https://www.sec.gov/Archives/edgar/data/1401658/000195917326006720/0001959173-26-006720-index.htm,LOW
2026-09-03T21:27:50+00:00,FORM_144,,LIGAND PHARMACEUTICALS INCORPORATED,proposed sale $4.30M,4303800,,https://www.sec.gov/Archives/edgar/data/1950232/000195004726009091/0001950047-26-009091-index.htm,LOW
2026-09-03T21:27:50+00:00,FORM_144,,"ROBINHOOD MKTS, INC.",proposed sale $3.21M,3209700,,https://www.sec.gov/Archives/edgar/data/1783879/000195004726009090/0001950047-26-009090-index.htm,LOW
2026-09-03T21:27:51+00:00,FORM_144,,"Five9, Inc",proposed sale $108K,107512,,https://www.sec.gov/Archives/edgar/data/2000932/000200093226000013/0002000932-26-000013-index.htm,LOW
2026-09-03T21:27:51+00:00,FORM_144,,"Robinhood Markets, Inc.",proposed sale $2.61M,2612267,,https://www.sec.gov/Archives/edgar/data/1783879/000195004726009089/0001950047-26-009089-index.htm,LOW
2026-09-03T21:27:51+00:00,FORM_144,,Sandisk Corporation,proposed sale $9.74M,9739818,,https://www.sec.gov/Archives/edgar/data/2059630/000195004726009088/0001950047-26-009088-index.htm,LOW
2026-09-03T21:27:52+00:00,FORM_144,,"Gevo, Inc.",proposed sale $2K,2087,,https://www.sec.gov/Archives/edgar/data/1866673/000197248126000275/0001972481-26-000275-index.htm,LOW
2026-09-03T21:27:52+00:00,FORM_144,,"RUBRIK, INC.",proposed sale $189K,188570,,https://www.sec.gov/Archives/edgar/data/1943896/000195004726009087/0001950047-26-009087-index.htm,LOW
2026-09-03T21:37:57+00:00,FORM_144,,"BETA BIONICS, INC.",proposed sale $103K,103423,,https://www.sec.gov/Archives/edgar/data/2048497/000204849726000011/0002048497-26-000011-index.htm,LOW
2026-09-03T21:45:04+00:00,FORM_144,,Warner Music Group Corp.,proposed sale $1.87M,1870485,,https://www.sec.gov/Archives/edgar/data/1855951/000195824426000570/0001958244-26-000570-index.htm,LOW
2026-09-03T21:45:04+00:00,FORM_144,,"Warner Bros. Discovery, Inc.",proposed sale $9.65M,9654204,,https://www.sec.gov/Archives/edgar/data/1437107/000195917326006728/0001959173-26-006728-index.htm,LOW
2026-09-03T22:16:35+00:00,INSIDER_BUY,DFIN,"Donnelley Financial Solutions, Inc.","BINZ JOSEPH LEO $1,000K",999990,2,https://www.sec.gov/Archives/edgar/data/1946413/000119312526382162/0001193125-26-382162-index.htm,MEDIUM
2026-09-03T22:28:46+00:00,FORM_144,,"Flexsteel Industries, Inc.",proposed sale $321K,321480,,https://www.sec.gov/Archives/edgar/data/1601006/000195824426000574/0001958244-26-000574-index.htm,LOW
2026-09-03T22:28:46+00:00,FORM_144,,"Casella Waste Systems, Inc.",proposed sale $106K,105556,,https://www.sec.gov/Archives/edgar/data/1224062/000195824426000573/0001958244-26-000573-index.htm,LOW
2026-09-03T22:28:46+00:00,FORM_144,,Neostellar Capital Corp.,proposed sale $51K,50900,,https://www.sec.gov/Archives/edgar/data/1509470/000195824426000572/0001958244-26-000572-index.htm,LOW
2026-09-03T22:28:47+00:00,FORM_144,,"Axsome Therapeutics, Inc.",proposed sale $2.08M,2083500,,https://www.sec.gov/Archives/edgar/data/1805812/000195824426000571/0001958244-26-000571-index.htm,LOW
2026-09-03T23:14:46+00:00,INSIDER_CLUSTER,NONE,Privacore VPC Asset Backed Credit Fund,"Corbin Capital Partners, L.P. $2.50M",2500000,2,https://www.sec.gov/Archives/edgar/data/2111448/000089534526000394/0000895345-26-000394-index.htm,HIGH
2026-09-03T23:15:01+00:00,FORM_144,,Dell Technologies Inc.,proposed sale $74.58M,74583558,,https://www.sec.gov/Archives/edgar/data/1767114/000119312526382281/0001193125-26-382281-index.htm,LOW
2026-09-03T23:15:01+00:00,FORM_144,,Dell Technologies Inc.,proposed sale $81.94M,81938502,,https://www.sec.gov/Archives/edgar/data/1571996/000119312526382278/0001193125-26-382278-index.htm,LOW
2026-09-03T23:15:01+00:00,FORM_144,,"Funko, Inc.",proposed sale $1.18M,1178000,,https://www.sec.gov/Archives/edgar/data/2084455/000208445526000004/0002084455-26-000004-index.htm,LOW
2026-09-03T23:15:02+00:00,FORM_144,,"UNITY BANCORP, INC.",proposed sale $385K,384791,,https://www.sec.gov/Archives/edgar/data/1854802/000195004726009101/0001950047-26-009101-index.htm,LOW
2026-09-03T23:24:21+00:00,FORM_144,,Dell Technologies Inc.,proposed sale $42.86M,42855854,,https://www.sec.gov/Archives/edgar/data/1737659/000119312526382287/0001193125-26-382287-index.htm,LOW
2026-09-03T23:24:21+00:00,FORM_144,,Dell Technologies Inc.,proposed sale $754K,753558,,https://www.sec.gov/Archives/edgar/data/1735863/000119312526382286/0001193125-26-382286-index.htm,LOW
2026-09-03T23:32:43+00:00,FORM_144,,Dell Technologies Inc.,proposed sale $1.67M,1670526,,https://www.sec.gov/Archives/edgar/data/1672565/000119312526382300/0001193125-26-382300-index.htm,LOW
2026-09-03T23:42:19+00:00,FORM_144,,Aura Minerals Inc.,proposed sale $933K,932662,,https://www.sec.gov/Archives/edgar/data/2126755/000212675526000011/0002126755-26-000011-index.htm,LOW
2026-09-03T23:50:13+00:00,FORM_144,,Aura Minerals Inc.,proposed sale $2.92M,2916989,,https://www.sec.gov/Archives/edgar/data/2126752/000212675226000016/0002126752-26-000016-index.htm,LOW
2026-09-03T23:50:14+00:00,FORM_144,,Aura Minerals Inc.,proposed sale $297K,296557,,https://www.sec.gov/Archives/edgar/data/2126753/000212675326000012/0002126753-26-000012-index.htm,LOW
2026-09-03T23:58:39+00:00,FORM_144,,Aura Minerals Inc.,proposed sale $2.80M,2796646,,https://www.sec.gov/Archives/edgar/data/2126744/000212674426000008/0002126744-26-000008-index.htm,LOW
2026-09-03T23:58:39+00:00,FORM_144,,Aura Minerals Inc.,proposed sale $26K,25648,,https://www.sec.gov/Archives/edgar/data/2126748/000212674826000009/0002126748-26-000009-index.htm,LOW
2026-09-03T23:58:40+00:00,FORM_144,,Aura Minerals Inc.,proposed sale $318K,317921,,https://www.sec.gov/Archives/edgar/data/2126751/000212675126000008/0002126751-26-000008-index.htm,LOW
2026-09-04T00:37:58+00:00,INSIDER_CLUSTER,OVLY,Oak Valley Bancorp,LAFFERTY ALLISON $44K,44352,8,https://www.sec.gov/Archives/edgar/data/1719092/000143774926029649/0001437749-26-029649-index.htm,HIGH
2026-09-04T01:21:34+00:00,FORM_144,,Amalgamated Financial Corp.,proposed sale $9.63M,9628000,,https://www.sec.gov/Archives/edgar/data/2009104/000090266426003739/0000902664-26-003739-index.htm,LOW
2026-09-04T01:21:34+00:00,FORM_144,,"QVC Group, Inc.",proposed sale $11.84M,11844000,,https://www.sec.gov/Archives/edgar/data/1332784/000119312526382467/0001193125-26-382467-index.htm,LOW
2026-09-04T10:09:43+00:00,FORM_144,,CBL International Ltd,proposed sale $1.52M,1524000,,https://www.sec.gov/Archives/edgar/data/1948937/000149315226041435/0001493152-26-041435-index.htm,LOW
2026-09-04T14:06:02+00:00,FORM_144,,REPLIGEN CORP,proposed sale $504K,503506,,https://www.sec.gov/Archives/edgar/data/1995525/000195917326006730/0001959173-26-006730-index.htm,LOW
2026-09-04T14:06:02+00:00,FORM_144,,TON Strategy Co,proposed sale $43K,42750,,https://www.sec.gov/Archives/edgar/data/1980183/000194984626000564/0001949846-26-000564-index.htm,LOW
2026-09-04T14:06:02+00:00,FORM_144,,"Keysight Technologies, Inc.",proposed sale $652K,652200,,https://www.sec.gov/Archives/edgar/data/1621346/000195917326006729/0001959173-26-006729-index.htm,LOW
2026-09-04T14:33:34+00:00,FORM_144,,"Delek US Holdings, Inc.",proposed sale $457K,457385,,https://www.sec.gov/Archives/edgar/data/1694426/000195917326006732/0001959173-26-006732-index.htm,LOW
2026-09-04T14:33:35+00:00,FORM_144,,SEMTECH CORP,proposed sale $277K,277420,,https://www.sec.gov/Archives/edgar/data/1156899/000195917326006731/0001959173-26-006731-index.htm,LOW
2026-09-04T14:45:10+00:00,FORM_144,,Dell Technologies Inc.,proposed sale $13.13M,13130520,,https://www.sec.gov/Archives/edgar/data/1850336/000195917326006734/0001959173-26-006734-index.htm,LOW
2026-09-04T14:45:10+00:00,FORM_144,,STARBUCKS CORP,proposed sale $235K,235382,,https://www.sec.gov/Archives/edgar/data/2018223/000195917326006733/0001959173-26-006733-index.htm,LOW
2026-09-04T14:55:22+00:00,FORM_144,,Strategy Inc,proposed sale $15K,14707,,https://www.sec.gov/Archives/edgar/data/1834012/000195917326006735/0001959173-26-006735-index.htm,LOW
2026-09-04T15:21:32+00:00,FORM_144,,"NLIGHT, INC.",proposed sale $146K,146210,,https://www.sec.gov/Archives/edgar/data/1914846/000195917326006736/0001959173-26-006736-index.htm,LOW
2026-09-04T15:21:32+00:00,FORM_144,,"Great Southern Bancorp, Inc",proposed sale $69K,68665,,https://www.sec.gov/Archives/edgar/data/1179760/000162828026060643/0001628280-26-060643-index.htm,LOW
2026-09-04T15:34:14+00:00,FORM_144,,C & F FINANCIAL CORP CFFI,proposed sale $95K,94630,,https://www.sec.gov/Archives/edgar/data/1200507/000120050726000010/0001200507-26-000010-index.htm,LOW
2026-09-04T15:34:14+00:00,FORM_144,,"Leonardo DRS, Inc.",proposed sale $277K,276501,,https://www.sec.gov/Archives/edgar/data/1849648/000195917326006737/0001959173-26-006737-index.htm,LOW
2026-09-04T15:34:15+00:00,FORM_144,,"FIVE BELOW, INC",proposed sale $1.08M,1084855,,https://www.sec.gov/Archives/edgar/data/1238533/000123853326000001/0001238533-26-000001-index.htm,LOW
2026-09-04T15:45:37+00:00,FORM_144,,UNISYS CORP,proposed sale $27K,26764,,https://www.sec.gov/Archives/edgar/data/1989738/000195917326006738/0001959173-26-006738-index.htm,LOW
2026-09-04T15:54:33+00:00,FORM_144,,"Energy Vault Holdings, Inc.",proposed sale $189K,189477,,https://www.sec.gov/Archives/edgar/data/1870889/000195917326006740/0001959173-26-006740-index.htm,LOW
2026-09-04T15:54:33+00:00,FORM_144,,"Lemonade, Inc.",proposed sale $122K,122458,,https://www.sec.gov/Archives/edgar/data/1816299/000195917326006739/0001959173-26-006739-index.htm,LOW
2026-09-04T16:21:05+00:00,FORM_144,,"Cencora, Inc.",proposed sale $3.35M,3351656,,https://www.sec.gov/Archives/edgar/data/1333281/000195917326006742/0001959173-26-006742-index.htm,LOW
2026-09-04T16:21:05+00:00,FORM_144,,AGCO CORP /DE,proposed sale $338K,337888,,https://www.sec.gov/Archives/edgar/data/1581064/000195917326006741/0001959173-26-006741-index.htm,LOW
2026-09-04T16:32:40+00:00,FORM_144,,C & F FINANCIAL CORP,proposed sale $236K,235825,,https://www.sec.gov/Archives/edgar/data/1601269/000194984626000565/0001949846-26-000565-index.htm,LOW
2026-09-04T16:42:58+00:00,FORM_144,,Grocery Outlet Holding Corp.,proposed sale $405K,404563,,https://www.sec.gov/Archives/edgar/data/1771515/000195917326006743/0001959173-26-006743-index.htm,LOW
2026-09-04T16:51:44+00:00,FORM_144,,"BRINKER INTERNATIONAL, INC",proposed sale $117K,117250,,https://www.sec.gov/Archives/edgar/data/1497561/000195917326006745/0001959173-26-006745-index.htm,LOW
2026-09-04T16:51:45+00:00,FORM_144,,Snowflake Inc.,proposed sale $17.50M,17500000,,https://www.sec.gov/Archives/edgar/data/1640147/000195917326006744/0001959173-26-006744-index.htm,LOW
2026-09-04T17:12:56+00:00,INSIDER_CLUSTER,SMID,SMITH MIDLAND CORP,Smith Matthew I $54K,54300,2,https://www.sec.gov/Archives/edgar/data/2007537/000165495426008126/0001654954-26-008126-index.htm,HIGH
2026-09-04T17:12:59+00:00,FORM_144,,"Crescent Capital BDC, Inc.",proposed sale $5.12M,5118750,,https://www.sec.gov/Archives/edgar/data/1633336/000208554126000005/0002085541-26-000005-index.htm,LOW
2026-09-04T17:12:59+00:00,FORM_144,,"FIVE BELOW, INC",proposed sale $2.61M,2607100,,https://www.sec.gov/Archives/edgar/data/1222399/000197415826000101/0001974158-26-000101-index.htm,LOW
2026-09-04T17:24:48+00:00,INSIDER_CLUSTER,GROV,"Grove Collaborative Holdings, Inc.",Landesberg Stuart $6K,5541,2,https://www.sec.gov/Archives/edgar/data/1930721/000184176126000094/0001841761-26-000094-index.htm,HIGH
2026-09-04T17:42:53+00:00,INSIDER_CLUSTER,N/A,Fortress Net Lease REIT,"TIEDEMANN ADVISORS, LLC $5.00M",5000000,3,https://www.sec.gov/Archives/edgar/data/1972890/000091957426006190/0000919574-26-006190-index.htm,HIGH
2026-09-04T17:42:55+00:00,FORM_144,,Corning Incorporated,proposed sale $1.50M,1503657,,https://www.sec.gov/Archives/edgar/data/2096996/000196922326000996/0001969223-26-000996-index.htm,LOW
2026-09-04T17:50:55+00:00,INSIDER_CLUSTER,SMID,SMITH MIDLAND CORP,SMITH ASHLEY B $10K,9804,2828,https://www.sec.gov/Archives/edgar/data/1274098/000165495426008138/0001654954-26-008138-index.htm,HIGH
2026-09-04T17:50:57+00:00,FORM_144,,ABERCROMBIE & FITCH CO /DE/,proposed sale $294K,293633,,https://www.sec.gov/Archives/edgar/data/1718601/000195917326006746/0001959173-26-006746-index.htm,LOW
2026-09-04T18:13:51+00:00,INSIDER_CLUSTER,CSBB,"CSB Bancorp, Inc.",STEINER EDDIE L $37K,36755,2,https://www.sec.gov/Archives/edgar/data/1202390/000119312526383385/0001193125-26-383385-index.htm,HIGH
2026-09-04T18:13:54+00:00,FORM_144,,Snowflake Inc.,proposed sale $17.96M,17955783,,https://www.sec.gov/Archives/edgar/data/1640147/000197325126000034/0001973251-26-000034-index.htm,LOW
2026-09-04T18:28:27+00:00,FORM_144,,WASTE MANAGEMENT INC,proposed sale $300K,300197,,https://www.sec.gov/Archives/edgar/data/1967811/000195917326006747/0001959173-26-006747-index.htm,LOW
2026-09-04T18:28:27+00:00,FORM_144,,PROVIDENT FINANCIAL SERVICES INC,proposed sale $119K,118850,,https://www.sec.gov/Archives/edgar/data/1540789/000194984626000566/0001949846-26-000566-index.htm,LOW
2026-09-04T18:40:18+00:00,FORM_144,,SEMTECH CORP,proposed sale $218K,217500,,https://www.sec.gov/Archives/edgar/data/1871750/000195917326006748/0001959173-26-006748-index.htm,LOW
2026-09-04T18:50:33+00:00,FORM_144,,American States Water Co,proposed sale $48K,48420,,https://www.sec.gov/Archives/edgar/data/1388959/000162828026060684/0001628280-26-060684-index.htm,LOW
2026-09-04T18:58:54+00:00,FORM_144,,"Enliven Therapeutics, Inc.",proposed sale $2.25M,2252830,,https://www.sec.gov/Archives/edgar/data/1672619/000195917326006749/0001959173-26-006749-index.htm,LOW
2026-09-04T19:09:56+00:00,FORM_144,,Embecta Corp.,proposed sale $37K,36891,,https://www.sec.gov/Archives/edgar/data/1872789/000100027526000105/0001000275-26-000105-index.htm,LOW
2026-09-04T19:09:57+00:00,FORM_144,,"Avidbank Holdings, Inc.",proposed sale $94K,94500,,https://www.sec.gov/Archives/edgar/data/1443575/000132919626000004/0001329196-26-000004-index.htm,LOW
2026-09-04T19:19:01+00:00,FORM_144,,ALAMO GROUP INC,proposed sale $443K,443163,,https://www.sec.gov/Archives/edgar/data/1546251/000195917326006750/0001959173-26-006750-index.htm,LOW
2026-09-04T19:27:21+00:00,FORM_144,,AGCO CORP /DE,proposed sale $133K,132890,,https://www.sec.gov/Archives/edgar/data/1835885/000195917326006751/0001959173-26-006751-index.htm,LOW
2026-09-04T19:36:28+00:00,FORM_144,,Entravision Communications Corp,proposed sale $291K,290660,,https://www.sec.gov/Archives/edgar/data/1245883/000196922326000997/0001969223-26-000997-index.htm,LOW
2026-09-04T19:36:28+00:00,FORM_144,,"Butterfly Network, Inc.",proposed sale $101K,100792,,https://www.sec.gov/Archives/edgar/data/2080055/000195917326006752/0001959173-26-006752-index.htm,LOW
2026-09-04T19:44:21+00:00,FORM_144,,"Rapid7, Inc.",proposed sale $57K,56747,,https://www.sec.gov/Archives/edgar/data/1560327/000194984626000567/0001949846-26-000567-index.htm,LOW
2026-09-04T19:44:22+00:00,FORM_144,,"Tarsus Pharmaceuticals, Inc.",proposed sale $388K,387940,,https://www.sec.gov/Archives/edgar/data/1827584/000195917326006753/0001959173-26-006753-index.htm,LOW
2026-09-04T19:52:14+00:00,FORM_144,,Stellantis N.V.,proposed sale $106K,106475,,https://www.sec.gov/Archives/edgar/data/2093413/000197449426000285/0001974494-26-000285-index.htm,LOW
2026-09-04T19:52:14+00:00,FORM_144,,Stellantis N.V.,proposed sale $129K,128847,,https://www.sec.gov/Archives/edgar/data/2095981/000197449426000284/0001974494-26-000284-index.htm,LOW
2026-09-04T19:52:14+00:00,FORM_144,,Oklo Inc.,proposed sale $21K,21455,,https://www.sec.gov/Archives/edgar/data/2146790/000195917326006755/0001959173-26-006755-index.htm,LOW
2026-09-04T19:52:15+00:00,FORM_144,,Stellantis N.V.,proposed sale $144K,143740,,https://www.sec.gov/Archives/edgar/data/2078686/000197449426000283/0001974494-26-000283-index.htm,LOW
2026-09-04T19:52:15+00:00,FORM_144,,Stellantis N.V.,proposed sale $202K,202474,,https://www.sec.gov/Archives/edgar/data/2067305/000197449426000282/0001974494-26-000282-index.htm,LOW
2026-09-04T19:52:15+00:00,FORM_144,,Stellantis N.V.,proposed sale $104K,104104,,https://www.sec.gov/Archives/edgar/data/2011989/000197449426000281/0001974494-26-000281-index.htm,LOW
2026-09-04T19:52:16+00:00,FORM_144,,Stellantis N.V.,proposed sale $105K,104508,,https://www.sec.gov/Archives/edgar/data/2078142/000197449426000280/0001974494-26-000280-index.htm,LOW
2026-09-04T19:52:16+00:00,FORM_144,,"Butterfly Network, Inc.",proposed sale $1.02M,1023055,,https://www.sec.gov/Archives/edgar/data/2035576/000195917326006754/0001959173-26-006754-index.htm,LOW
2026-09-04T19:52:17+00:00,FORM_144,,Stellantis N.V.,proposed sale $9K,9274,,https://www.sec.gov/Archives/edgar/data/2026990/000197449426000279/0001974494-26-000279-index.htm,LOW
2026-09-04T20:15:23+00:00,INSIDER_CLUSTER,EQPT,EquipmentShare.com Inc,Schlacks William J. $178K,177900,2,https://www.sec.gov/Archives/edgar/data/2091309/000162828026060731/0001628280-26-060731-index.htm,HIGH
2026-09-04T20:15:40+00:00,FORM_144,,"Verisk Analytics, Inc.",proposed sale $192K,192498,,https://www.sec.gov/Archives/edgar/data/1803783/000196430626000426/0001964306-26-000426-index.htm,LOW
2026-09-04T20:15:41+00:00,FORM_144,,"SALESFORCE, INC.",proposed sale $1.17M,1172746,,https://www.sec.gov/Archives/edgar/data/1340922/000195004726009121/0001950047-26-009121-index.htm,LOW
2026-09-04T20:15:41+00:00,FORM_144,,PG&E Corp,proposed sale $89K,89440,,https://www.sec.gov/Archives/edgar/data/1817000/000192109426000996/0001921094-26-000996-index.htm,LOW
2026-09-04T20:15:42+00:00,FORM_144,,"ARS PHARMACEUTICALS, INC.",proposed sale $421K,421057,,https://www.sec.gov/Archives/edgar/data/1671858/000195004726009120/0001950047-26-009120-index.htm,LOW
2026-09-04T20:15:42+00:00,FORM_144,,Samsara Inc.,proposed sale $1.31M,1310778,,https://www.sec.gov/Archives/edgar/data/1895148/000192109426000995/0001921094-26-000995-index.htm,LOW
2026-09-04T20:15:42+00:00,FORM_144,,"Vaxcyte, Inc.",proposed sale $82K,82487,,https://www.sec.gov/Archives/edgar/data/1813798/000196922326001001/0001969223-26-001001-index.htm,LOW
2026-09-04T20:15:43+00:00,FORM_144,,"Happen, Inc.",proposed sale $160K,160259,,https://www.sec.gov/Archives/edgar/data/1644258/000192109426000994/0001921094-26-000994-index.htm,LOW
2026-09-04T20:15:43+00:00,FORM_144,,"AMBIQ MICRO, INC.",proposed sale $11K,10530,,https://www.sec.gov/Archives/edgar/data/1500412/000195004726009119/0001950047-26-009119-index.htm,LOW
2026-09-04T20:15:43+00:00,FORM_144,,"Super Micro Computer, Inc.",proposed sale $4.00M,4000050,,https://www.sec.gov/Archives/edgar/data/1392941/000196922326001000/0001969223-26-001000-index.htm,LOW
2026-09-04T20:15:44+00:00,FORM_144,,"Frontier Group Holdings, Inc.",proposed sale $43K,43125,,https://www.sec.gov/Archives/edgar/data/2011128/000196922326000999/0001969223-26-000999-index.htm,LOW
2026-09-04T20:15:44+00:00,FORM_144,,URBAN OUTFITTERS INC,proposed sale $460K,460276,,https://www.sec.gov/Archives/edgar/data/1834896/000195917326006761/0001959173-26-006761-index.htm,LOW
2026-09-04T20:15:45+00:00,FORM_144,,"ILLUMINA, INC.",proposed sale $31.99M,31987500,,https://www.sec.gov/Archives/edgar/data/1535472/000131586326000630/0001315863-26-000630-index.htm,LOW
2026-09-04T20:15:45+00:00,FORM_144,,CORVEL CORP,proposed sale $996K,996289,,https://www.sec.gov/Archives/edgar/data/1256520/000196922326000998/0001969223-26-000998-index.htm,LOW
2026-09-04T20:15:45+00:00,FORM_144,,"ALECTOR, INC.",proposed sale $9K,9094,,https://www.sec.gov/Archives/edgar/data/2074667/000195004726009118/0001950047-26-009118-index.htm,LOW
2026-09-04T20:15:46+00:00,FORM_144,,"BLOCK, INC.",proposed sale $495K,495060,,https://www.sec.gov/Archives/edgar/data/1933928/000195004726009117/0001950047-26-009117-index.htm,LOW
2026-09-04T20:15:46+00:00,FORM_144,,"DOLLAR TREE, INC.",proposed sale $156K,155792,,https://www.sec.gov/Archives/edgar/data/1584473/000192109426000993/0001921094-26-000993-index.htm,LOW
2026-09-04T20:15:47+00:00,FORM_144,,CARPENTER TECHNOLOGY CORPORATION,proposed sale $1.55M,1552617,,https://www.sec.gov/Archives/edgar/data/1218733/000195004726009116/0001950047-26-009116-index.htm,LOW
2026-09-04T20:15:47+00:00,FORM_144,,WESTERN DIGITAL CORPORATION,proposed sale $825K,825472,,https://www.sec.gov/Archives/edgar/data/2057093/000195004726009115/0001950047-26-009115-index.htm,LOW
2026-09-04T20:15:47+00:00,FORM_144,,"EQUITABLE HOLDINGS, INC.",proposed sale $795K,794518,,https://www.sec.gov/Archives/edgar/data/1441552/000195004726009114/0001950047-26-009114-index.htm,LOW
2026-09-04T20:15:48+00:00,FORM_144,,RESTAURANT BRANDS INTERNATIONAL INC.,proposed sale $4.67M,4671715,,https://www.sec.gov/Archives/edgar/data/1618756/000195004726009113/0001950047-26-009113-index.htm,LOW
2026-09-04T20:15:48+00:00,FORM_144,,"Tarsus Pharmaceuticals, Inc.",proposed sale $278K,278250,,https://www.sec.gov/Archives/edgar/data/1842190/000195917326006760/0001959173-26-006760-index.htm,LOW
2026-09-04T20:15:49+00:00,FORM_144,,"IDEXX LABORATORIES, INC.",proposed sale $1.17M,1172178,,https://www.sec.gov/Archives/edgar/data/1301427/000195004726009112/0001950047-26-009112-index.htm,LOW
2026-09-04T20:15:49+00:00,FORM_144,,"RESIDEO TECHNOLOGIES, INC.",proposed sale $722K,721850,,https://www.sec.gov/Archives/edgar/data/1754267/000195004726009111/0001950047-26-009111-index.htm,LOW
2026-09-04T20:15:49+00:00,FORM_144,,"ROKU, INC.",proposed sale $3.22M,3224265,,https://www.sec.gov/Archives/edgar/data/1951665/000195004726009110/0001950047-26-009110-index.htm,LOW
2026-09-04T20:15:50+00:00,FORM_144,,"Dyne Therapeutics, Inc.",proposed sale $122K,121745,,https://www.sec.gov/Archives/edgar/data/1818794/000197248126000278/0001972481-26-000278-index.htm,LOW
2026-09-04T20:15:50+00:00,FORM_144,,"WATTS WATER TECHNOLOGIES, INC.",proposed sale $394K,394071,,https://www.sec.gov/Archives/edgar/data/1533055/000195004726009109/0001950047-26-009109-index.htm,LOW
2026-09-04T20:15:51+00:00,FORM_144,,WESTERN DIGITAL CORPORATION,proposed sale $195K,194918,,https://www.sec.gov/Archives/edgar/data/2057088/000195004726009107/0001950047-26-009107-index.htm,LOW
2026-09-04T20:15:51+00:00,FORM_144,,Scorpio Tankers Inc.,proposed sale $20.71M,20705703,,https://www.sec.gov/Archives/edgar/data/1483934/000108822626000006/0001088226-26-000006-index.htm,LOW
2026-09-04T20:15:51+00:00,FORM_144,,"ZIMMER BIOMET HOLDINGS, INC.",proposed sale $295K,295050,,https://www.sec.gov/Archives/edgar/data/1346672/000195917326006759/0001959173-26-006759-index.htm,LOW
2026-09-04T20:15:52+00:00,FORM_144,,"DOCUSIGN, INC.",proposed sale $2.10M,2100000,,https://www.sec.gov/Archives/edgar/data/1796825/000195004726009106/0001950047-26-009106-index.htm,LOW
2026-09-04T20:15:52+00:00,FORM_144,,LUMENTUM HOLDINGS INC.,proposed sale $430K,430000,,https://www.sec.gov/Archives/edgar/data/1633978/000195004726009105/0001950047-26-009105-index.htm,LOW
2026-09-04T20:15:53+00:00,FORM_144,,"Tarsus Pharmaceuticals, Inc.",proposed sale $943K,942635,,https://www.sec.gov/Archives/edgar/data/1842190/000195917326006758/0001959173-26-006758-index.htm,LOW
2026-09-04T20:15:53+00:00,FORM_144,,California Resources Corp,proposed sale $643K,642978,,https://www.sec.gov/Archives/edgar/data/1860787/000195917326006756/0001959173-26-006756-index.htm,LOW
2026-09-04T20:15:53+00:00,FORM_144,,TFS Financial CORP,proposed sale $176K,175700,,https://www.sec.gov/Archives/edgar/data/1757689/000195917326006757/0001959173-26-006757-index.htm,LOW
2026-09-04T20:15:53+00:00,FORM_144,,Stellantis N.V.,proposed sale $126K,126454,,https://www.sec.gov/Archives/edgar/data/1975315/000197449426000288/0001974494-26-000288-index.htm,LOW
2026-09-04T20:15:54+00:00,FORM_144,,Stellantis N.V.,proposed sale $70K,69848,,https://www.sec.gov/Archives/edgar/data/2078693/000197449426000287/0001974494-26-000287-index.htm,LOW
2026-09-04T20:39:58+00:00,FORM_144,,FIVE9 INC COM,proposed sale $457K,457246,,https://www.sec.gov/Archives/edgar/data/1886762/000195004726009154/0001950047-26-009154-index.htm,LOW
2026-09-04T20:39:58+00:00,FORM_144,,Dell Technologies Inc.,proposed sale $2.85M,2845827,,https://www.sec.gov/Archives/edgar/data/2016161/000195917326006769/0001959173-26-006769-index.htm,LOW
2026-09-04T20:39:59+00:00,FORM_144,,FIVE9 INC,proposed sale $488K,488073,,https://www.sec.gov/Archives/edgar/data/2063775/000195004726009153/0001950047-26-009153-index.htm,LOW
2026-09-04T20:39:59+00:00,FORM_144,,"FIVE9, INC",proposed sale $281K,281188,,https://www.sec.gov/Archives/edgar/data/1940974/000195004726009152/0001950047-26-009152-index.htm,LOW
2026-09-04T20:39:59+00:00,FORM_144,,FIVE9 INC. COM,proposed sale $92K,92274,,https://www.sec.gov/Archives/edgar/data/1846877/000195004726009151/0001950047-26-009151-index.htm,LOW
2026-09-04T20:40:00+00:00,FORM_144,,"Amplitude, Inc.",proposed sale $3.90M,3897742,,https://www.sec.gov/Archives/edgar/data/2121274/000195917326006768/0001959173-26-006768-index.htm,LOW
2026-09-04T20:40:00+00:00,FORM_144,,"Disc Medicine, Inc.",proposed sale $1K,1428,,https://www.sec.gov/Archives/edgar/data/1816736/000162828026060748/0001628280-26-060748-index.htm,LOW
2026-09-04T20:40:00+00:00,FORM_144,,"Disc Medicine, Inc.",proposed sale $60K,60241,,https://www.sec.gov/Archives/edgar/data/1885327/000162828026060747/0001628280-26-060747-index.htm,LOW
2026-09-04T20:40:01+00:00,FORM_144,,"Disc Medicine, Inc.",proposed sale $72K,72385,,https://www.sec.gov/Archives/edgar/data/1816736/000162828026060746/0001628280-26-060746-index.htm,LOW
2026-09-04T20:40:01+00:00,FORM_144,,FIVE9 INC,proposed sale $248K,248213,,https://www.sec.gov/Archives/edgar/data/2000932/000195004726009150/0001950047-26-009150-index.htm,LOW
2026-09-04T20:40:01+00:00,FORM_144,,"Krystal Biotech, Inc.",proposed sale $9.29M,9286750,,https://www.sec.gov/Archives/edgar/data/1711279/000195004726009149/0001950047-26-009149-index.htm,LOW
2026-09-04T20:40:02+00:00,FORM_144,,"Krystal Biotech, Inc.",proposed sale $9.29M,9286750,,https://www.sec.gov/Archives/edgar/data/1711279/000195004726009148/0001950047-26-009148-index.htm,LOW
2026-09-04T20:40:02+00:00,FORM_144,,"MAZE THERAPEUTICS, INC.",proposed sale $251K,251068,,https://www.sec.gov/Archives/edgar/data/2050172/000195004726009147/0001950047-26-009147-index.htm,LOW
2026-09-04T20:40:02+00:00,FORM_144,,"VERACYTE, INC.",proposed sale $145K,145356,,https://www.sec.gov/Archives/edgar/data/1914620/000195004726009146/0001950047-26-009146-index.htm,LOW
2026-09-04T20:40:03+00:00,FORM_144,,VERACYTE INC COM,proposed sale $163K,163134,,https://www.sec.gov/Archives/edgar/data/1823563/000195004726009145/0001950047-26-009145-index.htm,LOW
2026-09-04T20:40:03+00:00,FORM_144,,CEREBRAS SYSTEMS INC,proposed sale $7.13M,7130264,,https://www.sec.gov/Archives/edgar/data/2039573/000195004726009144/0001950047-26-009144-index.htm,LOW
2026-09-04T20:40:03+00:00,FORM_144,,"Disc Medicine, Inc.",proposed sale $176K,175566,,https://www.sec.gov/Archives/edgar/data/1816736/000162828026060745/0001628280-26-060745-index.htm,LOW
2026-09-04T20:40:04+00:00,FORM_144,,"Datadog, Inc.",proposed sale $1.21M,1208025,,https://www.sec.gov/Archives/edgar/data/1561550/000195004726009143/0001950047-26-009143-index.htm,LOW
2026-09-04T20:40:04+00:00,FORM_144,,"Playboy, Inc.",proposed sale $30K,30044,,https://www.sec.gov/Archives/edgar/data/1844982/000195917326006767/0001959173-26-006767-index.htm,LOW
2026-09-04T20:40:04+00:00,FORM_144,,KENNAMETAL INC,proposed sale $611K,610723,,https://www.sec.gov/Archives/edgar/data/1530038/000195917326006766/0001959173-26-006766-index.htm,LOW
2026-09-04T20:40:05+00:00,FORM_144,,DOORDASH INC,proposed sale $92K,91686,,https://www.sec.gov/Archives/edgar/data/1792789/000195004726009142/0001950047-26-009142-index.htm,LOW
2026-09-04T20:40:05+00:00,FORM_144,,HARMONY BIOSCIENCES HOLDINGS INC,proposed sale $230K,230230,,https://www.sec.gov/Archives/edgar/data/2009762/000195004726009141/0001950047-26-009141-index.htm,LOW
2026-09-04T20:40:05+00:00,FORM_144,,"Sight Sciences, Inc.",proposed sale $101K,101265,,https://www.sec.gov/Archives/edgar/data/1650737/000195917326006765/0001959173-26-006765-index.htm,LOW
2026-09-04T20:40:06+00:00,FORM_144,,PAYLOCITY HOLDING CORPORATION,proposed sale $11K,10655,,https://www.sec.gov/Archives/edgar/data/1742758/000195004726009140/0001950047-26-009140-index.htm,LOW
2026-09-04T20:40:06+00:00,FORM_144,,"VERACYTE, INC.",proposed sale $586K,585623,,https://www.sec.gov/Archives/edgar/data/1649245/000195004726009139/0001950047-26-009139-index.htm,LOW
2026-09-04T20:40:06+00:00,FORM_144,,WORKDAY INC CL A,proposed sale $18.75M,18750055,,https://www.sec.gov/Archives/edgar/data/1327811/000195004726009138/0001950047-26-009138-index.htm,LOW
2026-09-04T20:40:07+00:00,FORM_144,,DROPBOX INC,proposed sale $164K,164148,,https://www.sec.gov/Archives/edgar/data/1775679/000195004726009137/0001950047-26-009137-index.htm,LOW
2026-09-04T20:40:07+00:00,FORM_144,,DROPBOX INC,proposed sale $442K,442037,,https://www.sec.gov/Archives/edgar/data/2059795/000195004726009136/0001950047-26-009136-index.htm,LOW
2026-09-04T20:40:07+00:00,FORM_144,,Riskified Ltd.,proposed sale $1.04M,1039500,,https://www.sec.gov/Archives/edgar/data/1907735/000195004726009135/0001950047-26-009135-index.htm,LOW
2026-09-04T20:40:08+00:00,FORM_144,,Gen Digital Inc.,proposed sale $885K,885009,,https://www.sec.gov/Archives/edgar/data/1800741/000195004726009134/0001950047-26-009134-index.htm,LOW
2026-09-04T20:40:08+00:00,FORM_144,,Freshworks Inc.,proposed sale $254K,253626,,https://www.sec.gov/Archives/edgar/data/1771433/000195004726009133/0001950047-26-009133-index.htm,LOW
2026-09-04T20:40:08+00:00,FORM_144,,"CEREBRAS SYSTEMS, INC.",proposed sale $10.18M,10180922,,https://www.sec.gov/Archives/edgar/data/2132472/000195004726009132/0001950047-26-009132-index.htm,LOW
2026-09-04T20:40:09+00:00,FORM_144,,"RIMINI STREET, INC.",proposed sale $450K,449960,,https://www.sec.gov/Archives/edgar/data/1717716/000195004726009131/0001950047-26-009131-index.htm,LOW
2026-09-04T20:40:09+00:00,FORM_144,,"AFFIRM HOLDINGS, INC.",proposed sale $1.81M,1810265,,https://www.sec.gov/Archives/edgar/data/1832806/000195004726009130/0001950047-26-009130-index.htm,LOW
2026-09-04T20:40:09+00:00,FORM_144,,Shopify Inc.,proposed sale $3.54M,3536880,,https://www.sec.gov/Archives/edgar/data/1666546/000119312526383695/0001193125-26-383695-index.htm,LOW
2026-09-04T20:40:10+00:00,FORM_144,,"WEAVE COMMUNICATIONS, INC.",proposed sale $108K,107640,,https://www.sec.gov/Archives/edgar/data/1639299/000195004726009129/0001950047-26-009129-index.htm,LOW
2026-09-04T20:40:10+00:00,FORM_144,,"ARVINAS, INC.",proposed sale $78K,78438,,https://www.sec.gov/Archives/edgar/data/1655759/000195004726009128/0001950047-26-009128-index.htm,LOW
2026-09-04T20:40:10+00:00,FORM_144,,"WEAVE COMMUNICATIONS, INC.",proposed sale $7K,7357,,https://www.sec.gov/Archives/edgar/data/1639298/000195004726009127/0001950047-26-009127-index.htm,LOW
2026-09-04T20:40:11+00:00,FORM_144,,"Arhaus, Inc.",proposed sale $30K,30222,,https://www.sec.gov/Archives/edgar/data/1875444/000195917326006764/0001959173-26-006764-index.htm,LOW
2026-09-04T20:40:11+00:00,FORM_144,,CREDO TECHNOLOGY GROUP HOLDING LTD,proposed sale $644K,644300,,https://www.sec.gov/Archives/edgar/data/1896170/000195004726009126/0001950047-26-009126-index.htm,LOW
2026-09-04T20:40:11+00:00,FORM_144,,"EQUINIX, INC.",proposed sale $318K,317748,,https://www.sec.gov/Archives/edgar/data/2056547/000195004726009125/0001950047-26-009125-index.htm,LOW
2026-09-04T20:40:12+00:00,FORM_144,,"AGILENT TECHNOLOGIES, INC.",proposed sale $96K,95971,,https://www.sec.gov/Archives/edgar/data/1437590/000195917326006763/0001959173-26-006763-index.htm,LOW
2026-09-04T20:40:12+00:00,FORM_144,,INNODATA INC.,proposed sale $550K,550114,,https://www.sec.gov/Archives/edgar/data/1197984/000195004726009124/0001950047-26-009124-index.htm,LOW
2026-09-04T20:40:12+00:00,FORM_144,,EverCommerce Inc.,proposed sale $24K,24026,,https://www.sec.gov/Archives/edgar/data/1856906/000195917326006762/0001959173-26-006762-index.htm,LOW
2026-09-04T20:40:13+00:00,FORM_144,,"EQUITABLE HOLDINGS, INC.",proposed sale $53K,52825,,https://www.sec.gov/Archives/edgar/data/1916941/000195004726009123/0001950047-26-009123-index.htm,LOW
2026-09-04T20:40:13+00:00,FORM_144,,LivaNova PLC,proposed sale $187K,187270,,https://www.sec.gov/Archives/edgar/data/1866136/000196430626000428/0001964306-26-000428-index.htm,LOW
2026-09-04T20:40:13+00:00,FORM_144,,"KYMERA THERAPEUTICS, INC.",proposed sale $747K,747191,,https://www.sec.gov/Archives/edgar/data/1815442/000119312526383667/0001193125-26-383667-index.htm,LOW
2026-09-04T20:40:14+00:00,FORM_144,,"SCANSOURCE, INC.",proposed sale $304K,303986,,https://www.sec.gov/Archives/edgar/data/1976915/000196430626000427/0001964306-26-000427-index.htm,LOW
2026-09-04T20:40:14+00:00,FORM_144,,"DONALDSON COMPANY, INC.",proposed sale $2.91M,2912380,,https://www.sec.gov/Archives/edgar/data/1441791/000195004726009122/0001950047-26-009122-index.htm,LOW
2026-09-04T20:47:49+00:00,FORM_144,,"CARIS LIFE SCIENCES, INC.",proposed sale $2.95M,2951116,,https://www.sec.gov/Archives/edgar/data/2071953/000195004726009157/0001950047-26-009157-index.htm,LOW
2026-09-04T20:47:49+00:00,FORM_144,,ELASTIC N.V.,proposed sale $7.47M,7465804,,https://www.sec.gov/Archives/edgar/data/1753445/000195004726009156/0001950047-26-009156-index.htm,LOW
2026-09-04T20:47:50+00:00,FORM_144,,"Ambiq Micro, Inc.",proposed sale $1.69M,1692900,,https://www.sec.gov/Archives/edgar/data/2078559/000195004726009155/0001950047-26-009155-index.htm,LOW
2026-09-04T20:55:35+00:00,INSIDER_BUY,PFLEX,PIMCO Flexible Credit Income Fund,Steiner Jason Robert $1.01M,1014999,2,https://www.sec.gov/Archives/edgar/data/1775596/000177559626000003/0001775596-26-000003-index.htm,MEDIUM
2026-09-04T20:55:41+00:00,FORM_144,,Cerebras Systems Inc.,proposed sale $9.52M,9522000,,https://www.sec.gov/Archives/edgar/data/2021728/000162828026060754/0001628280-26-060754-index.htm,LOW
2026-09-04T20:55:41+00:00,FORM_144,,"NMI HOLDINGS, INC.",proposed sale $8.56M,8563348,,https://www.sec.gov/Archives/edgar/data/1706001/000195004726009159/0001950047-26-009159-index.htm,LOW
2026-09-04T20:55:42+00:00,FORM_144,,"RINGCENTRAL, INC.",proposed sale $647K,646813,,https://www.sec.gov/Archives/edgar/data/1599821/000195004726009158/0001950047-26-009158-index.htm,LOW
2026-09-04T21:06:22+00:00,FORM_144,,"BARK, INC.",proposed sale $53K,53046,,https://www.sec.gov/Archives/edgar/data/1819574/000195004726009160/0001950047-26-009160-index.htm,LOW
2026-09-04T21:19:34+00:00,FORM_144,,TFS Financial CORP,proposed sale $176K,175700,,https://www.sec.gov/Archives/edgar/data/1388161/000195917326006770/0001959173-26-006770-index.htm,LOW
2026-09-04T21:30:18+00:00,FORM_144,,TARSUS PHARMACEUTICALS INC,proposed sale $906K,905587,,https://www.sec.gov/Archives/edgar/data/1827672/000162828026060766/0001628280-26-060766-index.htm,LOW
2026-09-04T21:41:16+00:00,FORM_144,,Frontier Group Holdings Inc,proposed sale $20K,19870,,https://www.sec.gov/Archives/edgar/data/2007448/000196922326001002/0001969223-26-001002-index.htm,LOW
2026-09-04T22:10:36+00:00,FORM_144,,Amalgamated Financial Corp.,proposed sale $1.75M,1749440,,https://www.sec.gov/Archives/edgar/data/2009044/000090266426003753/0000902664-26-003753-index.htm,LOW
2026-09-04T22:22:33+00:00,INSIDER_BUY,ATRA,"Atara Biotherapeutics, Inc.","Cherry Brian N $1,000K",999993,0,https://www.sec.gov/Archives/edgar/data/1604464/000090514826004085/0000905148-26-004085-index.htm,MEDIUM
2026-09-04T23:52:56+00:00,FORM_144,,Dell Technologies Inc.,proposed sale $14.82M,14819360,,https://www.sec.gov/Archives/edgar/data/1737659/000119312526383988/0001193125-26-383988-index.htm,LOW
2026-09-04T23:52:56+00:00,FORM_144,,Dell Technologies Inc.,proposed sale $28.26M,28263057,,https://www.sec.gov/Archives/edgar/data/1571996/000119312526383987/0001193125-26-383987-index.htm,LOW
2026-09-05T00:27:39+00:00,FORM_144,,Dell Technologies Inc.,proposed sale $19.36M,19364625,,https://www.sec.gov/Archives/edgar/data/1651403/000119312526384002/0001193125-26-384002-index.htm,LOW
2026-09-05T00:27:40+00:00,FORM_144,,Dell Technologies Inc.,proposed sale $260K,260260,,https://www.sec.gov/Archives/edgar/data/1735863/000119312526383993/0001193125-26-383993-index.htm,LOW
2026-09-05T00:27:40+00:00,FORM_144,,Dell Technologies Inc.,proposed sale $578K,577840,,https://www.sec.gov/Archives/edgar/data/1672565/000119312526383992/0001193125-26-383992-index.htm,LOW
2026-09-05T00:27:40+00:00,FORM_144,,Dell Technologies Inc.,proposed sale $25.79M,25792131,,https://www.sec.gov/Archives/edgar/data/1767114/000119312526383990/0001193125-26-383990-index.htm,LOW
2026-09-05T00:43:32+00:00,FORM_144,,Denali Therapeutics Inc.,proposed sale $37K,36867,,https://www.sec.gov/Archives/edgar/data/2124755/000212475526000006/0002124755-26-000006-index.htm,LOW
2026-09-05T01:17:34+00:00,INSIDER_CLUSTER,ENOV,Enovis CORP,McDonald Damien $250K,249620,0,https://www.sec.gov/Archives/edgar/data/1686894/000119312526384027/0001193125-26-384027-index.htm,HIGH
2026-09-05T01:17:35+00:00,FORM_144,,"CLEANSPARK, INC.",proposed sale $761K,760625,,https://www.sec.gov/Archives/edgar/data/2040721/000119312526384035/0001193125-26-384035-index.htm,LOW
2026-09-05T01:17:35+00:00,FORM_144,,"CLEANSPARK, INC.",proposed sale $1.85M,1847670,,https://www.sec.gov/Archives/edgar/data/2022141/000119312526384033/0001193125-26-384033-index.htm,LOW
2026-09-05T01:17:36+00:00,FORM_144,,"CLEANSPARK, INC.",proposed sale $1.67M,1667580,,https://www.sec.gov/Archives/edgar/data/2022147/000119312526384032/0001193125-26-384032-index.htm,LOW
2026-09-05T01:17:36+00:00,FORM_144,,"CLEANSPARK, INC.",proposed sale $1.97M,1972481,,https://www.sec.gov/Archives/edgar/data/1568128/000119312526384030/0001193125-26-384030-index.htm,LOW
2026-09-05T01:17:37+00:00,FORM_144,,"CLEANSPARK, INC.",proposed sale $5.54M,5544660,,https://www.sec.gov/Archives/edgar/data/1625587/000119312526384029/0001193125-26-384029-index.htm,LOW
2026-09-05T01:27:54+00:00,FORM_144,,"Intrusion, Inc.",proposed sale $12K,11769,,https://www.sec.gov/Archives/edgar/data/1396698/000168316826006988/0001683168-26-006988-index.htm,LOW
2026-09-05T01:38:28+00:00,INSIDER_CLUSTER,LILA,Liberty Latin America Ltd.,DE ANGOITIA ALFONSO $9.98M,9978488,4,https://www.sec.gov/Archives/edgar/data/1724519/000172451926000010/0001724519-26-000010-index.htm,HIGH
2026-09-05T01:47:38+00:00,FORM_144,,"Rackspace Technology, Inc.",proposed sale $1.59M,1590942,,https://www.sec.gov/Archives/edgar/data/1810019/000181001926000106/0001810019-26-000106-index.htm,LOW
2026-09-08T10:10:27+00:00,FORM_144,,Jiayin Group Inc.,proposed sale $705K,705185,,https://www.sec.gov/Archives/edgar/data/1980181/000119312526384296/0001193125-26-384296-index.htm,LOW
2026-09-08T10:10:28+00:00,FORM_144,,Jiayin Group Inc.,proposed sale $52K,51633,,https://www.sec.gov/Archives/edgar/data/2142696/000119312526384294/0001193125-26-384294-index.htm,LOW
2026-09-08T11:42:31+00:00,INSIDER_CLUSTER,SHMD,SCHMID Group N.V.,Speth Ralf $214K,214330,8,https://www.sec.gov/Archives/edgar/data/1987240/000188197526000004/0001881975-26-000004-index.htm,HIGH
2026-09-08T11:42:34+00:00,FORM_144,,Nayax Ltd.,proposed sale $6K,6479,,https://www.sec.gov/Archives/edgar/data/1999977/000197640826000801/0001976408-26-000801-index.htm,LOW
2026-09-08T13:44:27+00:00,FORM_144,,"Ceribell, Inc.",proposed sale $119K,118900,,https://www.sec.gov/Archives/edgar/data/2036112/000195917326006771/0001959173-26-006771-index.htm,LOW
2026-09-08T13:56:30+00:00,FORM_144,,Integer Holdings Corp,proposed sale $1.19M,1188230,,https://www.sec.gov/Archives/edgar/data/1916725/000195917326006773/0001959173-26-006773-index.htm,LOW
2026-09-08T13:56:31+00:00,FORM_144,,VERIZON COMMUNICATIONS INC,proposed sale $55K,54978,,https://www.sec.gov/Archives/edgar/data/1760581/000195917326006772/0001959173-26-006772-index.htm,LOW
2026-09-08T14:09:26+00:00,FORM_144,,ATI INC,proposed sale $3.42M,3424410,,https://www.sec.gov/Archives/edgar/data/1776844/000195917326006774/0001959173-26-006774-index.htm,LOW
2026-09-08T14:26:43+00:00,FORM_144,,JFrog Ltd,proposed sale $6.32M,6316555,,https://www.sec.gov/Archives/edgar/data/1823009/000194984626000568/0001949846-26-000568-index.htm,LOW
2026-09-08T14:26:43+00:00,FORM_144,,CHECK POINT SOFTWARE TECHNOLOGIES LTD,proposed sale $772K,772413,,https://www.sec.gov/Archives/edgar/data/2095324/000197640826000807/0001976408-26-000807-index.htm,LOW
2026-09-08T14:26:43+00:00,FORM_144,,GENERAC HOLDINGS INC.,proposed sale $75K,75481,,https://www.sec.gov/Archives/edgar/data/1474735/000195917326006776/0001959173-26-006776-index.htm,LOW
2026-09-08T14:26:44+00:00,FORM_144,,ANALOG DEVICES INC,proposed sale $545K,545475,,https://www.sec.gov/Archives/edgar/data/2009110/000195917326006775/0001959173-26-006775-index.htm,LOW
2026-09-08T14:42:06+00:00,FORM_144,,Bridgewater Bancshares Inc,proposed sale $87K,87400,,https://www.sec.gov/Archives/edgar/data/1745268/000196856426000006/0001968564-26-000006-index.htm,LOW
2026-09-08T14:42:07+00:00,FORM_144,,Oklo Inc.,proposed sale $10K,10010,,https://www.sec.gov/Archives/edgar/data/2146790/000195917326006777/0001959173-26-006777-index.htm,LOW
2026-09-08T14:55:29+00:00,FORM_144,,"Circle Internet Group, Inc.",proposed sale $2.68M,2677266,,https://www.sec.gov/Archives/edgar/data/2060495/000195917326006779/0001959173-26-006779-index.htm,LOW
2026-09-08T14:55:29+00:00,FORM_144,,SIMILARWEB LTD.,proposed sale $8.84M,8840000,,https://www.sec.gov/Archives/edgar/data/1910424/000197640826000808/0001976408-26-000808-index.htm,LOW
2026-09-08T14:55:30+00:00,FORM_144,,AMERICAN ELECTRIC POWER CO INC,proposed sale $250K,250000,,https://www.sec.gov/Archives/edgar/data/1927283/000195917326006778/0001959173-26-006778-index.htm,LOW
2026-09-08T15:39:22+00:00,FORM_144,,"NWPX Infrastructure, Inc.",proposed sale $1.27M,1274505,,https://www.sec.gov/Archives/edgar/data/1234059/000194984626000569/0001949846-26-000569-index.htm,LOW
2026-09-08T15:39:22+00:00,FORM_144,,LA-Z-BOY INC,proposed sale $115K,114597,,https://www.sec.gov/Archives/edgar/data/1286334/000128633426000004/0001286334-26-000004-index.htm,LOW
2026-09-08T15:53:04+00:00,FORM_144,,Amalgamated Financial Corp.,proposed sale $142K,142181,,https://www.sec.gov/Archives/edgar/data/1917010/000197407826000343/0001974078-26-000343-index.htm,LOW
2026-09-08T15:53:04+00:00,FORM_144,,Sabra Health Care Reit,proposed sale $4.15M,4150000,,https://www.sec.gov/Archives/edgar/data/1492298/000162828026060841/0001628280-26-060841-index.htm,LOW
2026-09-08T16:36:14+00:00,INSIDER_CLUSTER,CZNC,CITIZENS & NORTHERN CORP,Shattuck Katherine W $209,209,4,https://www.sec.gov/Archives/edgar/data/1870473/000187047326000028/0001870473-26-000028-index.htm,LOW
2026-09-08T16:36:15+00:00,FORM_144,,Legacy Education Inc.,proposed sale $133K,132700,,https://www.sec.gov/Archives/edgar/data/2034917/000194984626000570/0001949846-26-000570-index.htm,LOW
2026-09-08T16:36:15+00:00,FORM_144,,APPLIED MATERIALS INC /DE,proposed sale $465K,465000,,https://www.sec.gov/Archives/edgar/data/1112668/000195917326006780/0001959173-26-006780-index.htm,LOW
2026-09-08T16:48:36+00:00,FORM_144,,INTERFACE INC,proposed sale $1.03M,1033340,,https://www.sec.gov/Archives/edgar/data/1694421/000194984626000571/0001949846-26-000571-index.htm,LOW
2026-09-08T17:25:52+00:00,FORM_144,,"Ceribell, Inc.",proposed sale $225K,225174,,https://www.sec.gov/Archives/edgar/data/2035882/000195917326006785/0001959173-26-006785-index.htm,LOW
2026-09-08T17:25:52+00:00,FORM_144,,RESMED INC,proposed sale $1.13M,1129064,,https://www.sec.gov/Archives/edgar/data/1485164/000195917326006784/0001959173-26-006784-index.htm,LOW
2026-09-08T17:25:52+00:00,FORM_144,,"NWPX Infrastructure, Inc.",proposed sale $107K,106520,,https://www.sec.gov/Archives/edgar/data/1401658/000195917326006783/0001959173-26-006783-index.htm,LOW
2026-09-08T17:25:53+00:00,FORM_144,,KENNAMETAL INC,proposed sale $293K,293110,,https://www.sec.gov/Archives/edgar/data/1522176/000195917326006782/0001959173-26-006782-index.htm,LOW
2026-09-08T17:25:53+00:00,FORM_144,,Wayfair Inc.,proposed sale $698K,698332,,https://www.sec.gov/Archives/edgar/data/1994593/000195917326006781/0001959173-26-006781-index.htm,LOW
2026-09-08T17:37:54+00:00,INSIDER_CLUSTER,GRNT,"Granite Ridge Resources, Inc.",Kettler Ronald Kyle $30K,30300,4,https://www.sec.gov/Archives/edgar/data/2112743/000162828026060851/0001628280-26-060851-index.htm,HIGH
2026-09-08T17:37:58+00:00,INSIDER_BUY,DXYZ,Destiny Tech100 Inc.,Prasad Sohail $1.77M,1767343,7,https://www.sec.gov/Archives/edgar/data/2003728/000094562126001118/0000945621-26-001118-index.htm,MEDIUM
2026-09-08T17:37:59+00:00,FORM_144,,SPRUCE POWER HOLDING CORP,proposed sale $18K,17700,,https://www.sec.gov/Archives/edgar/data/1825753/000195917326006786/0001959173-26-006786-index.htm,LOW
2026-09-08T17:46:51+00:00,FORM_144,,ADVANCED ENERGY INDUSTRIES INC,proposed sale $76K,76355,,https://www.sec.gov/Archives/edgar/data/1770310/000195917326006787/0001959173-26-006787-index.htm,LOW
2026-09-08T18:07:22+00:00,FORM_144,,"BillionToOne, Inc.",proposed sale $1.98M,1984800,,https://www.sec.gov/Archives/edgar/data/2070849/000195917326006788/0001959173-26-006788-index.htm,LOW
2026-09-08T18:07:23+00:00,FORM_144,,"Warner Bros. Discovery, Inc.",proposed sale $5.62M,5617000,,https://www.sec.gov/Archives/edgar/data/1437107/000194984626000572/0001949846-26-000572-index.htm,LOW
2026-09-08T18:26:53+00:00,FORM_144,,TERAWULF INC.,proposed sale $996K,996088,,https://www.sec.gov/Archives/edgar/data/1877502/000195917326006789/0001959173-26-006789-index.htm,LOW
2026-09-08T18:41:43+00:00,FORM_144,,"Recursion Pharmaceuticals, Inc.",proposed sale $79K,78822,,https://www.sec.gov/Archives/edgar/data/2020969/000162828026060859/0001628280-26-060859-index.htm,LOW
2026-09-08T18:41:44+00:00,FORM_144,,Jazz Pharmaceuticals plc,proposed sale $664K,664165,,https://www.sec.gov/Archives/edgar/data/1989533/000198953326000017/0001989533-26-000017-index.htm,LOW
2026-09-08T18:55:22+00:00,FORM_144,,LITHIA MOTORS INC,proposed sale $120K,119515,,https://www.sec.gov/Archives/edgar/data/1848389/000195917326006791/0001959173-26-006791-index.htm,LOW
2026-09-08T18:55:23+00:00,FORM_144,,Cushman & Wakefield Ltd.,proposed sale $167K,167423,,https://www.sec.gov/Archives/edgar/data/1747604/000195917326006790/0001959173-26-006790-index.htm,LOW
2026-09-08T19:05:14+00:00,FORM_144,,TORO CO,proposed sale $14K,13682,,https://www.sec.gov/Archives/edgar/data/1952093/000195917326006792/0001959173-26-006792-index.htm,LOW
2026-09-08T19:20:17+00:00,FORM_144,,Twist Bioscience Corp,proposed sale $282K,282280,,https://www.sec.gov/Archives/edgar/data/1753655/000195917326006797/0001959173-26-006797-index.htm,LOW
2026-09-08T19:20:17+00:00,FORM_144,,Twist Bioscience Corp,proposed sale $111K,111219,,https://www.sec.gov/Archives/edgar/data/1753672/000195917326006796/0001959173-26-006796-index.htm,LOW
2026-09-08T19:20:17+00:00,FORM_144,,Twist Bioscience Corp,proposed sale $29K,29184,,https://www.sec.gov/Archives/edgar/data/1590947/000195917326006795/0001959173-26-006795-index.htm,LOW
2026-09-08T19:20:18+00:00,FORM_144,,Twist Bioscience Corp,proposed sale $51K,50521,,https://www.sec.gov/Archives/edgar/data/1883451/000195917326006794/0001959173-26-006794-index.htm,LOW
2026-09-08T19:20:18+00:00,FORM_144,,"Century Therapeutics, Inc.",proposed sale $1K,1094,,https://www.sec.gov/Archives/edgar/data/1867305/000195917326006793/0001959173-26-006793-index.htm,LOW
2026-09-08T19:31:38+00:00,FORM_144,,"Sprouts Farmers Market, Inc.",proposed sale $23K,23466,,https://www.sec.gov/Archives/edgar/data/2006846/000195917326006798/0001959173-26-006798-index.htm,LOW
2026-09-08T19:31:38+00:00,FORM_144,,Old Second Bancorp,proposed sale $642K,641912,,https://www.sec.gov/Archives/edgar/data/1184764/000196922326001003/0001969223-26-001003-index.htm,LOW
2026-09-08T19:31:38+00:00,FORM_144,,Paysign,proposed sale $1.95M,1950000,,https://www.sec.gov/Archives/edgar/data/2135448/000162828026060882/0001628280-26-060882-index.htm,LOW
2026-09-08T19:59:53+00:00,INSIDER_BUY,TSN,"TYSON FOODS, INC.",Schomburger Jeffrey K $1.00M,1001616,4,https://www.sec.gov/Archives/edgar/data/1630117/000162828026060888/0001628280-26-060888-index.htm,MEDIUM
2026-09-08T20:15:29+00:00,INSIDER_CLUSTER,SCOR,"COMSCORE, INC.",McLaughlin Matthew F. $102K,101637,4,https://www.sec.gov/Archives/edgar/data/1853874/000185387426000014/0001853874-26-000014-index.htm,HIGH
2026-09-08T20:15:39+00:00,FORM_144,,"KESTRA MEDICAL TECHNOLOGIES, LTD.",proposed sale $74K,73677,,https://www.sec.gov/Archives/edgar/data/1958127/000196430626000430/0001964306-26-000430-index.htm,LOW
2026-09-08T20:15:40+00:00,FORM_144,,"GOLD.COM, INC.",proposed sale $187K,187440,,https://www.sec.gov/Archives/edgar/data/1591588/000195004726009177/0001950047-26-009177-index.htm,LOW
2026-09-08T20:15:40+00:00,FORM_144,,"ADVANCED ENERGY INDUSTRIES, INC.",proposed sale $182K,182104,,https://www.sec.gov/Archives/edgar/data/1923149/000195004726009176/0001950047-26-009176-index.htm,LOW
2026-09-08T20:15:40+00:00,FORM_144,,"RYAN SPECIALTY HOLDINGS, INC.",proposed sale $1.62M,1620320,,https://www.sec.gov/Archives/edgar/data/1869959/000195004726009175/0001950047-26-009175-index.htm,LOW
2026-09-08T20:15:41+00:00,FORM_144,,"GOLD.COM, INC.",proposed sale $313K,313458,,https://www.sec.gov/Archives/edgar/data/1806388/000195004726009174/0001950047-26-009174-index.htm,LOW
2026-09-08T20:15:41+00:00,FORM_144,,"KESTRA MEDICAL TECHNOLOGIES, LTD.",proposed sale $98K,98464,,https://www.sec.gov/Archives/edgar/data/1877184/000196430626000429/0001964306-26-000429-index.htm,LOW
2026-09-08T20:15:42+00:00,FORM_144,,"AMKOR TECHNOLOGY, INC.",proposed sale $49K,49050,,https://www.sec.gov/Archives/edgar/data/1684564/000195004726009173/0001950047-26-009173-index.htm,LOW
2026-09-08T20:15:42+00:00,FORM_144,,"DOCUSIGN, INC.",proposed sale $984K,983547,,https://www.sec.gov/Archives/edgar/data/1796825/000195004726009172/0001950047-26-009172-index.htm,LOW
2026-09-08T20:15:42+00:00,FORM_144,,"Heartflow, Inc.",proposed sale $332K,332211,,https://www.sec.gov/Archives/edgar/data/2079946/000195917326006799/0001959173-26-006799-index.htm,LOW
2026-09-08T20:15:43+00:00,FORM_144,,"ACM RESEARCH, INC.",proposed sale $5.41M,5408522,,https://www.sec.gov/Archives/edgar/data/1721580/000195004726009171/0001950047-26-009171-index.htm,LOW
2026-09-08T20:15:43+00:00,FORM_144,,"MAGNITE, INC.",proposed sale $763K,762870,,https://www.sec.gov/Archives/edgar/data/1700262/000195004726009170/0001950047-26-009170-index.htm,LOW
2026-09-08T20:15:44+00:00,FORM_144,,"GUIDEWIRE SOFTWARE, INC.",proposed sale $193K,192624,,https://www.sec.gov/Archives/edgar/data/1784996/000195004726009169/0001950047-26-009169-index.htm,LOW
2026-09-08T20:15:44+00:00,FORM_144,,"CoreWeave, Inc.",proposed sale $17.43M,17425200,,https://www.sec.gov/Archives/edgar/data/2058048/000196858226000928/0001968582-26-000928-index.htm,LOW
2026-09-08T20:15:44+00:00,FORM_144,,"VERISIGN, INC.",proposed sale $145K,144580,,https://www.sec.gov/Archives/edgar/data/1624651/000195004726009168/0001950047-26-009168-index.htm,LOW
2026-09-08T20:15:45+00:00,FORM_144,,LUMENTUM HOLDINGS INC.,proposed sale $448K,447995,,https://www.sec.gov/Archives/edgar/data/1633978/000195004726009167/0001950047-26-009167-index.htm,LOW
2026-09-08T20:15:45+00:00,FORM_144,,"INTERDIGITAL, INC.",proposed sale $507K,507000,,https://www.sec.gov/Archives/edgar/data/1936535/000195004726009166/0001950047-26-009166-index.htm,LOW
2026-09-08T20:15:46+00:00,FORM_144,,Bicara Therapeutics Inc.,proposed sale $283K,283000,,https://www.sec.gov/Archives/edgar/data/2034668/000196922326001009/0001969223-26-001009-index.htm,LOW
2026-09-08T20:15:46+00:00,FORM_144,,Bicara Therapeutics Inc.,proposed sale $396K,396200,,https://www.sec.gov/Archives/edgar/data/2034665/000196922326001008/0001969223-26-001008-index.htm,LOW
2026-09-08T20:15:46+00:00,FORM_144,,JFrog Ltd,proposed sale $1.63M,1634596,,https://www.sec.gov/Archives/edgar/data/1823400/000196922326001007/0001969223-26-001007-index.htm,LOW
2026-09-08T20:15:47+00:00,FORM_144,,"Stitch Fix, Inc.",proposed sale $94K,93926,,https://www.sec.gov/Archives/edgar/data/2004694/000192109426000999/0001921094-26-000999-index.htm,LOW
2026-09-08T20:15:47+00:00,FORM_144,,Parker-Hannifin,proposed sale $153K,153323,,https://www.sec.gov/Archives/edgar/data/1589405/000196922326001006/0001969223-26-001006-index.htm,LOW
2026-09-08T20:15:48+00:00,FORM_144,,"AXON ENTERPRISE, INC.",proposed sale $5.06M,5060300,,https://www.sec.gov/Archives/edgar/data/1167028/000196922326001005/0001969223-26-001005-index.htm,LOW
2026-09-08T20:15:48+00:00,FORM_144,,"PINTEREST, INC.",proposed sale $941K,940561,,https://www.sec.gov/Archives/edgar/data/1773914/000192109426000998/0001921094-26-000998-index.htm,LOW
2026-09-08T20:15:48+00:00,FORM_144,,Vistra Corp.,proposed sale $3.02M,3020600,,https://www.sec.gov/Archives/edgar/data/1940494/000196922326001004/0001969223-26-001004-index.htm,LOW
2026-09-08T20:15:49+00:00,FORM_144,,"ROCKWELL AUTOMATION, INC",proposed sale $67K,66624,,https://www.sec.gov/Archives/edgar/data/1825762/000192109426000997/0001921094-26-000997-index.htm,LOW
2026-09-08T20:15:49+00:00,FORM_144,,ADOBE INC.,proposed sale $8K,8479,,https://www.sec.gov/Archives/edgar/data/1610062/000196530126000137/0001965301-26-000137-index.htm,LOW
2026-09-08T20:28:55+00:00,INSIDER_CLUSTER,INBX,"Inhibrx Biosciences, Inc.",FORSYTH DOUGLAS $287K,286617,0,https://www.sec.gov/Archives/edgar/data/2007919/000124080126000004/0001240801-26-000004-index.htm,HIGH
2026-09-08T20:28:57+00:00,INSIDER_CLUSTER,GPUS,"Hyperscale Data, Inc.",Nisser Henry Carl $47K,46775,4,https://www.sec.gov/Archives/edgar/data/1775938/000121465926011478/0001214659-26-011478-index.htm,HIGH
2026-09-08T20:29:06+00:00,INSIDER_CLUSTER,GPUS,"Hyperscale Data, Inc.",Horne William B. $31K,31220,4,https://www.sec.gov/Archives/edgar/data/1333268/000121465926011477/0001214659-26-011477-index.htm,HIGH
2026-09-08T20:29:13+00:00,FORM_144,,"Remitly Global, Inc.",proposed sale $144K,143935,,https://www.sec.gov/Archives/edgar/data/1880864/000195004726009203/0001950047-26-009203-index.htm,LOW
2026-09-08T20:29:13+00:00,FORM_144,,Invesco Ltd.,proposed sale $1.40M,1396901,,https://www.sec.gov/Archives/edgar/data/1407922/000195917326006803/0001959173-26-006803-index.htm,LOW
2026-09-08T20:29:14+00:00,FORM_144,,"NRG Energy, Inc.",proposed sale $188K,188051,,https://www.sec.gov/Archives/edgar/data/1925859/000195004726009202/0001950047-26-009202-index.htm,LOW
2026-09-08T20:29:14+00:00,FORM_144,,PITNEY BOWES INC.,proposed sale $348K,348000,,https://www.sec.gov/Archives/edgar/data/1993902/000195004726009201/0001950047-26-009201-index.htm,LOW
2026-09-08T20:29:14+00:00,FORM_144,,SANDISK CORPORATION,proposed sale $7.15M,7147920,,https://www.sec.gov/Archives/edgar/data/2060144/000195004726009200/0001950047-26-009200-index.htm,LOW
2026-09-08T20:29:15+00:00,FORM_144,,ROIVANT SCIENCES LTD,proposed sale $699K,698600,,https://www.sec.gov/Archives/edgar/data/1635088/000195004726009199/0001950047-26-009199-index.htm,LOW
2026-09-08T20:29:15+00:00,FORM_144,,GLOBAL-E ONLINE LTD,proposed sale $480K,479625,,https://www.sec.gov/Archives/edgar/data/1964100/000195004726009198/0001950047-26-009198-index.htm,LOW
2026-09-08T20:29:16+00:00,FORM_144,,"Chime Financial, Inc.",proposed sale $658K,658488,,https://www.sec.gov/Archives/edgar/data/2061361/000195004726009197/0001950047-26-009197-index.htm,LOW
2026-09-08T20:29:16+00:00,FORM_144,,"CoreWeave, Inc.",proposed sale $2.00M,2003808,,https://www.sec.gov/Archives/edgar/data/2058056/000195004726009196/0001950047-26-009196-index.htm,LOW
2026-09-08T20:29:16+00:00,FORM_144,,RADIAN GROUP INC,proposed sale $1.30M,1303960,,https://www.sec.gov/Archives/edgar/data/1699782/000195917326006802/0001959173-26-006802-index.htm,LOW
2026-09-08T20:29:17+00:00,FORM_144,,"SENTINELONE, INC",proposed sale $247K,246571,,https://www.sec.gov/Archives/edgar/data/1608511/000195004726009195/0001950047-26-009195-index.htm,LOW
2026-09-08T20:29:17+00:00,FORM_144,,BEONE MEDICINES LTD,proposed sale $47.06M,47064616,,https://www.sec.gov/Archives/edgar/data/1662982/000195004726009194/0001950047-26-009194-index.htm,LOW
2026-09-08T20:29:17+00:00,FORM_144,,"Five9, Inc.",proposed sale $91K,91359,,https://www.sec.gov/Archives/edgar/data/2000932/000195004726009193/0001950047-26-009193-index.htm,LOW
2026-09-08T20:29:18+00:00,FORM_144,,E.L.F BEAUTY INC,proposed sale $1.76M,1761848,,https://www.sec.gov/Archives/edgar/data/1773316/000195004726009192/0001950047-26-009192-index.htm,LOW
2026-09-08T20:29:18+00:00,FORM_144,,"CoreWeave, Inc.",proposed sale $9.62M,9623357,,https://www.sec.gov/Archives/edgar/data/2058037/000195004726009191/0001950047-26-009191-index.htm,LOW
2026-09-08T20:29:19+00:00,FORM_144,,"CULLINAN THERAPEUTICS, INC.",proposed sale $177K,176720,,https://www.sec.gov/Archives/edgar/data/1838061/000195004726009190/0001950047-26-009190-index.htm,LOW
2026-09-08T20:29:19+00:00,FORM_144,,"VERISIGN, INC.",proposed sale $12.53M,12530232,,https://www.sec.gov/Archives/edgar/data/1204816/000195004726009189/0001950047-26-009189-index.htm,LOW
2026-09-08T20:29:19+00:00,FORM_144,,"CoreWeave, Inc.",proposed sale $17.87M,17872000,,https://www.sec.gov/Archives/edgar/data/2058037/000195004726009188/0001950047-26-009188-index.htm,LOW
2026-09-08T20:29:20+00:00,FORM_144,,Netflix Inc.,proposed sale $56K,55872,,https://www.sec.gov/Archives/edgar/data/1184230/000162828026060922/0001628280-26-060922-index.htm,LOW
2026-09-08T20:29:20+00:00,FORM_144,,Dave Inc.,proposed sale $4.26M,4257636,,https://www.sec.gov/Archives/edgar/data/1921268/000195004726009187/0001950047-26-009187-index.htm,LOW
2026-09-08T20:29:20+00:00,FORM_144,,DORIAN LPG LTD.,proposed sale $266K,265525,,https://www.sec.gov/Archives/edgar/data/1638233/000195004726009186/0001950047-26-009186-index.htm,LOW
2026-09-08T20:29:21+00:00,FORM_144,,"CISCO SYSTEMS, INC.",proposed sale $248K,248320,,https://www.sec.gov/Archives/edgar/data/1595737/000195004726009185/0001950047-26-009185-index.htm,LOW
2026-09-08T20:29:21+00:00,FORM_144,,Pharvaris N.V.,proposed sale $1.06M,1057500,,https://www.sec.gov/Archives/edgar/data/1972159/000195004726009184/0001950047-26-009184-index.htm,LOW
2026-09-08T20:29:21+00:00,FORM_144,,"Duolingo, Inc.",proposed sale $3.09M,3089200,,https://www.sec.gov/Archives/edgar/data/1562088/000195004726009183/0001950047-26-009183-index.htm,LOW
2026-09-08T20:29:22+00:00,FORM_144,,"ICHOR HOLDINGS, LTD.",proposed sale $117K,116593,,https://www.sec.gov/Archives/edgar/data/1723433/000195004726009182/0001950047-26-009182-index.htm,LOW
2026-09-08T20:29:22+00:00,FORM_144,,Lightspeed Commerce Inc.,proposed sale $21K,21461,,https://www.sec.gov/Archives/edgar/data/2014620/000201462026000008/0002014620-26-000008-index.htm,LOW
2026-09-08T20:29:22+00:00,FORM_144,,"FIVE9, INC.",proposed sale $44K,43583,,https://www.sec.gov/Archives/edgar/data/2063775/000195004726009181/0001950047-26-009181-index.htm,LOW
2026-09-08T20:29:23+00:00,FORM_144,,"Five9, Inc.",proposed sale $170K,170142,,https://www.sec.gov/Archives/edgar/data/1886762/000195004726009180/0001950047-26-009180-index.htm,LOW
2026-09-08T20:29:23+00:00,FORM_144,,GeoPark Ltd.,proposed sale $1.20M,1200000,,https://www.sec.gov/Archives/edgar/data/1633554/000196922326001010/0001969223-26-001010-index.htm,LOW
2026-09-08T20:29:23+00:00,FORM_144,,"HORNBECK OFFSHORE SERVICES, INC.",proposed sale $465K,464512,,https://www.sec.gov/Archives/edgar/data/1648839/000195917326006801/0001959173-26-006801-index.htm,LOW
2026-09-08T20:29:24+00:00,FORM_144,,Amalgamated Financial Corp.,proposed sale $1.50M,1498553,,https://www.sec.gov/Archives/edgar/data/1848228/000197407826000344/0001974078-26-000344-index.htm,LOW
2026-09-08T20:29:24+00:00,FORM_144,,IBEX Ltd,proposed sale $649K,649008,,https://www.sec.gov/Archives/edgar/data/1974087/000100027526000106/0001000275-26-000106-index.htm,LOW
2026-09-08T20:29:24+00:00,FORM_144,,"ATRICURE, INC.",proposed sale $201K,201135,,https://www.sec.gov/Archives/edgar/data/1336063/000195004726009179/0001950047-26-009179-index.htm,LOW
2026-09-08T20:29:25+00:00,FORM_144,,Ascendis Pharma A/S,proposed sale $811K,810562,,https://www.sec.gov/Archives/edgar/data/2014697/000196430626000432/0001964306-26-000432-index.htm,LOW
2026-09-08T20:29:25+00:00,FORM_144,,"Korro Bio, Inc.",proposed sale $99K,99285,,https://www.sec.gov/Archives/edgar/data/2053835/000195917326006800/0001959173-26-006800-index.htm,LOW
2026-09-08T20:29:25+00:00,FORM_144,,"GOLD.COM, INC.",proposed sale $703K,702961,,https://www.sec.gov/Archives/edgar/data/1591588/000195004726009178/0001950047-26-009178-index.htm,LOW
2026-09-08T20:29:26+00:00,FORM_144,,Flywire Corporation,proposed sale $223K,223306,,https://www.sec.gov/Archives/edgar/data/1862133/000196858226000929/0001968582-26-000929-index.htm,LOW
2026-09-08T20:29:26+00:00,FORM_144,,"KESTRA MEDICAL TECHNOLOGIES, LTD.",proposed sale $144K,143778,,https://www.sec.gov/Archives/edgar/data/2072296/000196430626000431/0001964306-26-000431-index.htm,LOW
2026-09-08T20:42:21+00:00,INSIDER_BUY,EIKN,"Eikon Therapeutics, Inc.","Column Group IV GP, LP $1.03M",1031044,5,https://www.sec.gov/Archives/edgar/data/1932874/000119312526385268/0001193125-26-385268-index.htm,MEDIUM
2026-09-08T20:42:23+00:00,INSIDER_BUY,GOLD,"Gold.com, Inc.","Tether Global Investments Fund, S.I.C.A.F., S.A. $3.93M",3930350,5,https://www.sec.gov/Archives/edgar/data/2130094/000119312526385264/0001193125-26-385264-index.htm,MEDIUM
2026-09-08T20:42:24+00:00,FORM_144,,"Arcutis Biotherapeutics, Inc.",proposed sale $342K,341933,,https://www.sec.gov/Archives/edgar/data/1798679/000162828026060930/0001628280-26-060930-index.htm,LOW
2026-09-08T20:42:25+00:00,FORM_144,,"Meta Platforms, Inc.",proposed sale $3.30M,3301175,,https://www.sec.gov/Archives/edgar/data/1564475/000192109426001000/0001921094-26-001000-index.htm,LOW
2026-09-08T20:42:25+00:00,FORM_144,,"Dyne Therapeutics, Inc.",proposed sale $107K,106844,,https://www.sec.gov/Archives/edgar/data/1818794/000197248126000280/0001972481-26-000280-index.htm,LOW
2026-09-08T20:42:25+00:00,FORM_144,,"NLIGHT, INC.",proposed sale $4.76M,4761358,,https://www.sec.gov/Archives/edgar/data/1738235/000195917326006804/0001959173-26-006804-index.htm,LOW
2026-09-08T20:42:26+00:00,FORM_144,,"BLOCK, INC.",proposed sale $493K,493080,,https://www.sec.gov/Archives/edgar/data/1933928/000195004726009221/0001950047-26-009221-index.htm,LOW
2026-09-08T20:42:26+00:00,FORM_144,,"Dyne Therapeutics, Inc.",proposed sale $661,661,,https://www.sec.gov/Archives/edgar/data/1818794/000197248126000279/0001972481-26-000279-index.htm,LOW
2026-09-08T20:42:26+00:00,FORM_144,,JAZZ PHARMACEUTICALS PUBLIC LIMITED COMPANY,proposed sale $486K,486060,,https://www.sec.gov/Archives/edgar/data/1607737/000195004726009220/0001950047-26-009220-index.htm,LOW
2026-09-08T20:42:27+00:00,FORM_144,,Roblox Corporation,proposed sale $250K,250028,,https://www.sec.gov/Archives/edgar/data/1835037/000195004726009219/0001950047-26-009219-index.htm,LOW
2026-09-08T20:42:27+00:00,FORM_144,,"LIFETIME BRANDS, INC.",proposed sale $7K,6737,,https://www.sec.gov/Archives/edgar/data/923401/000195004726009218/0001950047-26-009218-index.htm,LOW
2026-09-08T20:42:27+00:00,FORM_144,,"Artiva Biotherapeutics, Inc.",proposed sale $262K,262170,,https://www.sec.gov/Archives/edgar/data/1909362/000195004726009217/0001950047-26-009217-index.htm,LOW
2026-09-08T20:42:28+00:00,FORM_144,,FASTLY INC,proposed sale $191K,190663,,https://www.sec.gov/Archives/edgar/data/1769490/000195004726009216/0001950047-26-009216-index.htm,LOW
2026-09-08T20:42:28+00:00,FORM_144,,"FASTLY, INC.",proposed sale $50K,50157,,https://www.sec.gov/Archives/edgar/data/2074428/000195004726009215/0001950047-26-009215-index.htm,LOW
2026-09-08T20:42:28+00:00,FORM_144,,"SENTINELONE, INC.",proposed sale $431K,430680,,https://www.sec.gov/Archives/edgar/data/1849122/000195004726009214/0001950047-26-009214-index.htm,LOW
2026-09-08T20:42:29+00:00,FORM_144,,"Five9, Inc.",proposed sale $42K,41687,,https://www.sec.gov/Archives/edgar/data/1846877/000195004726009213/0001950047-26-009213-index.htm,LOW
2026-09-08T20:42:29+00:00,FORM_144,,"TESLA, INC.",proposed sale $939K,938509,,https://www.sec.gov/Archives/edgar/data/1771340/000195004726009212/0001950047-26-009212-index.htm,LOW
2026-09-08T20:42:29+00:00,FORM_144,,"Five9, Inc.",proposed sale $144K,144125,,https://www.sec.gov/Archives/edgar/data/1940974/000195004726009211/0001950047-26-009211-index.htm,LOW
2026-09-08T20:42:30+00:00,FORM_144,,INTUITIVE SURGICAL INC,proposed sale $254K,254489,,https://www.sec.gov/Archives/edgar/data/2010300/000195004726009210/0001950047-26-009210-index.htm,LOW
2026-09-08T20:42:30+00:00,FORM_144,,"Arista Networks, Inc.",proposed sale $3.88M,3875600,,https://www.sec.gov/Archives/edgar/data/1596532/000195004726009209/0001950047-26-009209-index.htm,LOW
2026-09-08T20:42:30+00:00,FORM_144,,"Datadog, Inc.",proposed sale $19.06M,19056596,,https://www.sec.gov/Archives/edgar/data/1783990/000195004726009208/0001950047-26-009208-index.htm,LOW
2026-09-08T20:42:31+00:00,FORM_144,,"HARMONY BIOSCIENCES HOLDINGS, INC.",proposed sale $1.20M,1202181,,https://www.sec.gov/Archives/edgar/data/2009762/000195004726009207/0001950047-26-009207-index.htm,LOW
2026-09-08T20:42:31+00:00,FORM_144,,"Contineum Therapeutics, Inc.",proposed sale $42K,41750,,https://www.sec.gov/Archives/edgar/data/1861519/000195004726009206/0001950047-26-009206-index.htm,LOW
2026-09-08T20:42:31+00:00,FORM_144,,"ROBINHOOD MKTS, INC.",proposed sale $229K,228956,,https://www.sec.gov/Archives/edgar/data/1817425/000195004726009205/0001950047-26-009205-index.htm,LOW
2026-09-08T20:42:32+00:00,FORM_144,,"VENTURE GLOBAL, INC.",proposed sale $18.08M,18084900,,https://www.sec.gov/Archives/edgar/data/2050857/000195004726009204/0001950047-26-009204-index.htm,LOW
2026-09-08T20:52:45+00:00,FORM_144,,Appian Corporation,proposed sale $1.73M,1726650,,https://www.sec.gov/Archives/edgar/data/1441683/000196858226000932/0001968582-26-000932-index.htm,LOW
2026-09-08T20:52:45+00:00,FORM_144,,WHEELS UP EXPERIENCE INC.,proposed sale $4K,4056,,https://www.sec.gov/Archives/edgar/data/2074657/000195004726009222/0001950047-26-009222-index.htm,LOW
2026-09-08T20:52:46+00:00,FORM_144,,Healthcare Realty Trust Inc.,proposed sale $402K,401520,,https://www.sec.gov/Archives/edgar/data/1693846/000196858226000931/0001968582-26-000931-index.htm,LOW
2026-09-08T21:14:56+00:00,FORM_144,,ANTERIX INC.,proposed sale $372K,372262,,https://www.sec.gov/Archives/edgar/data/1669943/000195004726009224/0001950047-26-009224-index.htm,LOW
2026-09-08T21:14:57+00:00,FORM_144,,"Upstart Holdings, Inc.",proposed sale $3.17M,3166196,,https://www.sec.gov/Archives/edgar/data/1832808/000192109426001001/0001921094-26-001001-index.htm,LOW
2026-09-08T21:14:57+00:00,FORM_144,,"Coinbase Global, Inc.",proposed sale $2.49M,2489032,,https://www.sec.gov/Archives/edgar/data/1679788/000197407826000345/0001974078-26-000345-index.htm,LOW
2026-09-08T21:26:31+00:00,INSIDER_CLUSTER,INBX,"Inhibrx Biosciences, Inc.",Kayyem Jon Faiz $568K,567580,0,https://www.sec.gov/Archives/edgar/data/2007919/000136626826000004/0001366268-26-000004-index.htm,HIGH
2026-09-08T21:26:39+00:00,INSIDER_CLUSTER,DYNR,"DYNARESOURCE, INC.",ROSE MATTHEW K $0,,7,https://www.sec.gov/Archives/edgar/data/1647774/000119312526385370/0001193125-26-385370-index.htm,HIGH
2026-09-08T21:26:43+00:00,FORM_144,,"Circle Internet Group, Inc.",proposed sale $18.13M,18134387,,https://www.sec.gov/Archives/edgar/data/1876042/000196858226000933/0001968582-26-000933-index.htm,LOW
2026-09-08T21:26:44+00:00,FORM_144,,"WILLDAN GROUP, INC.",proposed sale $303K,303268,,https://www.sec.gov/Archives/edgar/data/1395188/000195004726009225/0001950047-26-009225-index.htm,LOW
2026-09-08T21:54:35+00:00,FORM_144,,"D-Wave Quantum, Inc.",proposed sale $36K,36476,,https://www.sec.gov/Archives/edgar/data/1907982/000196858226000934/0001968582-26-000934-index.htm,LOW
2026-09-08T22:19:31+00:00,INSIDER_BUY,GME,GameStop Corp.,Cheng Lawrence $1.03M,1033956,0,https://www.sec.gov/Archives/edgar/data/1868288/000186828826000004/0001868288-26-000004-index.htm,MEDIUM
2026-09-08T22:19:42+00:00,FORM_144,,Pro Dex Inc,proposed sale $169K,168843,,https://www.sec.gov/Archives/edgar/data/1431777/000107997326001233/0001079973-26-001233-index.htm,LOW
2026-09-08T22:19:42+00:00,FORM_144,,Invesco Ltd.,proposed sale $1.03M,1030537,,https://www.sec.gov/Archives/edgar/data/1674244/000167424426000008/0001674244-26-000008-index.htm,LOW
2026-09-08T22:43:10+00:00,FORM_144,,Amalgamated Financial Corp.,proposed sale $3.93M,3933600,,https://www.sec.gov/Archives/edgar/data/2008855/000090266426003760/0000902664-26-003760-index.htm,LOW
2026-09-08T22:43:10+00:00,FORM_144,,Amalgamated Financial Corp.,proposed sale $12.29M,12292500,,https://www.sec.gov/Archives/edgar/data/2009129/000090266426003759/0000902664-26-003759-index.htm,LOW
2026-09-08T22:43:11+00:00,FORM_144,,Amalgamated Financial Corp.,proposed sale $2.46M,2458500,,https://www.sec.gov/Archives/edgar/data/2008729/000090266426003758/0000902664-26-003758-index.htm,LOW
2026-09-08T22:43:11+00:00,FORM_144,,VERSIGENT PLC,proposed sale $10.43M,10425800,,https://www.sec.gov/Archives/edgar/data/2078008/000195824426000575/0001958244-26-000575-index.htm,LOW
2026-09-08T23:15:32+00:00,FORM_144,,Kinetik Holdings Inc.,proposed sale $3.21M,3209897,,https://www.sec.gov/Archives/edgar/data/1904934/000090514826004114/0000905148-26-004114-index.htm,LOW
2026-09-08T23:15:32+00:00,FORM_144,,Keurig Dr Pepper Inc.,proposed sale $782K,782160,,https://www.sec.gov/Archives/edgar/data/1587484/000196858226000937/0001968582-26-000937-index.htm,LOW
2026-09-08T23:15:33+00:00,FORM_144,,East West Bancorp Inc.,proposed sale $106K,105923,,https://www.sec.gov/Archives/edgar/data/1903523/000196858226000936/0001968582-26-000936-index.htm,LOW
2026-09-08T23:15:33+00:00,FORM_144,,Aura Minerals Inc.,proposed sale $39K,38778,,https://www.sec.gov/Archives/edgar/data/2126752/000212675226000017/0002126752-26-000017-index.htm,LOW
2026-09-08T23:15:33+00:00,FORM_144,,Aura Minerals Inc.,proposed sale $13K,12859,,https://www.sec.gov/Archives/edgar/data/2126755/000212675526000012/0002126755-26-000012-index.htm,LOW
2026-09-08T23:26:31+00:00,FORM_144,,"Rubrik, Inc.",proposed sale $11.75M,11746966,,https://www.sec.gov/Archives/edgar/data/2019143/000195824426000583/0001958244-26-000583-index.htm,LOW
2026-09-08T23:26:31+00:00,FORM_144,,Webull Corporation,proposed sale $1.03M,1030612,,https://www.sec.gov/Archives/edgar/data/2093121/000195824426000582/0001958244-26-000582-index.htm,LOW
2026-09-08T23:26:31+00:00,FORM_144,,"Slide Insurance Holdings, Inc.",proposed sale $1.25M,1249563,,https://www.sec.gov/Archives/edgar/data/1886428/000195824426000581/0001958244-26-000581-index.htm,LOW
2026-09-08T23:26:32+00:00,FORM_144,,"Southern Missouri Bancorp, Inc.",proposed sale $1.15M,1146912,,https://www.sec.gov/Archives/edgar/data/1615302/000195824426000580/0001958244-26-000580-index.htm,LOW
2026-09-08T23:26:32+00:00,FORM_144,,Vistra Corp.,proposed sale $6.74M,6743043,,https://www.sec.gov/Archives/edgar/data/1728553/000195824426000579/0001958244-26-000579-index.htm,LOW
2026-09-08T23:26:32+00:00,FORM_144,,eBay Inc.,proposed sale $2.32M,2323989,,https://www.sec.gov/Archives/edgar/data/1495849/000195824426000578/0001958244-26-000578-index.htm,LOW
2026-09-08T23:26:33+00:00,FORM_144,,Symbotic Inc.,proposed sale $260K,259800,,https://www.sec.gov/Archives/edgar/data/1837240/000195824426000577/0001958244-26-000577-index.htm,LOW
2026-09-08T23:26:33+00:00,FORM_144,,"IBOTTA, INC.",proposed sale $4.41M,4406522,,https://www.sec.gov/Archives/edgar/data/1875168/000195824426000576/0001958244-26-000576-index.htm,LOW
2026-09-08T23:26:33+00:00,FORM_144,,"Kestra Medical Technologies, Ltd.",proposed sale $98K,97944,,https://www.sec.gov/Archives/edgar/data/1877184/000095013026000219/0000950130-26-000219-index.htm,LOW
2026-09-09T00:30:22+00:00,INSIDER_BUY,PAMT,PAMT CORP,MOROUN MATTHEW T $31.23M,31225740,5,https://www.sec.gov/Archives/edgar/data/1030743/000168316826007021/0001683168-26-007021-index.htm,MEDIUM
2026-09-09T00:30:29+00:00,FORM_144,,"Inhibrx Biosciences, Inc.",proposed sale $58K,57570,,https://www.sec.gov/Archives/edgar/data/2007919/000195917326006805/0001959173-26-006805-index.htm,LOW
2026-09-09T00:48:33+00:00,FORM_144,,Dell Technologies Inc.,proposed sale $1.52M,1520006,,https://www.sec.gov/Archives/edgar/data/1651403/000119312526385585/0001193125-26-385585-index.htm,LOW
2026-09-09T01:12:38+00:00,INSIDER_CLUSTER,ENOV,Enovis CORP,Engert Oliver $50K,50008,4,https://www.sec.gov/Archives/edgar/data/2105870/000119312526385615/0001193125-26-385615-index.htm,HIGH
2026-09-09T01:12:53+00:00,FORM_144,,Dell Technologies Inc.,proposed sale $15.04M,15040197,,https://www.sec.gov/Archives/edgar/data/1737659/000119312526385638/0001193125-26-385638-index.htm,LOW
2026-09-09T01:12:54+00:00,FORM_144,,Dell Technologies Inc.,proposed sale $28.69M,28687230,,https://www.sec.gov/Archives/edgar/data/1571996/000119312526385631/0001193125-26-385631-index.htm,LOW
2026-09-09T01:12:54+00:00,STAKE_13G,,Eagle Point Credit Management LLC, 12.9%,,,https://www.sec.gov/Archives/edgar/data/1607203/000110465926106019/0001104659-26-106019-index.htm,MEDIUM
2026-09-09T01:12:55+00:00,STAKE_13D,,MOROUN MATTHEW T, 5.0%,,,https://www.sec.gov/Archives/edgar/data/1030743/000168316826007022/0001683168-26-007022-index.htm,MEDIUM
2026-09-09T01:12:57+00:00,STAKE_13D,,"American Ventures LLC, Series XXIV XWELL", 10.0%,,,https://www.sec.gov/Archives/edgar/data/2112711/000121390026098164/0001213900-26-098164-index.htm,MEDIUM
2026-09-09T01:12:58+00:00,STAKE_13D,,"SUJA LIFE, INC.","SUJA LIFE, INC. 69.3%",,,https://www.sec.gov/Archives/edgar/data/1934114/000114036126035953/0001140361-26-035953-index.htm,MEDIUM
2026-09-09T01:12:59+00:00,STAKE_13D,,GOLDENTREE ASSET MANAGEMENT LP, 0.0%,,,https://www.sec.gov/Archives/edgar/data/1278951/000149315226041813/0001493152-26-041813-index.htm,MEDIUM
2026-09-09T01:13:00+00:00,STAKE_13D,,"Fund 1 Investments, LLC", 24.9%,,,https://www.sec.gov/Archives/edgar/data/1959730/000092189526002504/0000921895-26-002504-index.htm,MEDIUM
2026-09-09T01:13:02+00:00,STAKE_13G,,"Harraden Circle Investments, LLC", 0.0%,,,https://www.sec.gov/Archives/edgar/data/1910592/000119312526385421/0001193125-26-385421-index.htm,MEDIUM
2026-09-09T01:13:03+00:00,STAKE_13G,,Sable Offshore Corp.,Sable Offshore Corp. 0.0%,,,https://www.sec.gov/Archives/edgar/data/1831481/000089542126000281/0000895421-26-000281-index.htm,MEDIUM
2026-09-09T01:13:04+00:00,STAKE_13G,,"Evolent Health, Inc.","Evolent Health, Inc. 0.0%",,,https://www.sec.gov/Archives/edgar/data/1628908/000089542126000280/0000895421-26-000280-index.htm,MEDIUM
2026-09-09T01:13:05+00:00,STAKE_13D,,"Conifer Management, L.L.C.", 11.4%,,,https://www.sec.gov/Archives/edgar/data/1773994/000090514826004113/0000905148-26-004113-index.htm,MEDIUM
2026-09-09T01:13:06+00:00,STAKE_13G,,"Euro Pacific Asset Management, LLC", 6.2%,,,https://www.sec.gov/Archives/edgar/data/1796651/000179665126000005/0001796651-26-000005-index.htm,MEDIUM
2026-09-09T01:13:06+00:00,STAKE_13G,,POET TECHNOLOGIES INC.,POET TECHNOLOGIES INC. 0.0%,,,https://www.sec.gov/Archives/edgar/data/1437424/000093254026000015/0000932540-26-000015-index.htm,MEDIUM
2026-09-09T01:13:07+00:00,STAKE_13G,,Focus Partners Wealth, 0.0%,,,https://www.sec.gov/Archives/edgar/data/1542153/000108514626000769/0001085146-26-000769-index.htm,MEDIUM
2026-09-09T01:13:08+00:00,STAKE_13D,,Kelly Christopher Michael, 50.1%,,,https://www.sec.gov/Archives/edgar/data/1842872/000121390026098095/0001213900-26-098095-index.htm,HIGH
2026-09-09T01:13:08+00:00,STAKE_13D,,"Apogee Therapeutics, Inc.","Apogee Therapeutics, Inc. 0.0%",,,https://www.sec.gov/Archives/edgar/data/1974640/000123191926001150/0001231919-26-001150-index.htm,MEDIUM
2026-09-09T01:13:14+00:00,STAKE_13G,,"First National Advisers, LLC", 0.0%,,,https://www.sec.gov/Archives/edgar/data/1941030/000108514626000768/0001085146-26-000768-index.htm,MEDIUM
2026-09-09T01:13:14+00:00,STAKE_13G,,"First National Advisers, LLC", 0.0%,,,https://www.sec.gov/Archives/edgar/data/1941030/000108514626000767/0001085146-26-000767-index.htm,MEDIUM
2026-09-09T01:13:15+00:00,STAKE_13G,,"First National Advisers, LLC", 0.0%,,,https://www.sec.gov/Archives/edgar/data/1941030/000108514626000766/0001085146-26-000766-index.htm,MEDIUM
2026-09-09T01:13:35+00:00,STAKE_13G,,"First National Advisers, LLC", 0.0%,,,https://www.sec.gov/Archives/edgar/data/1941030/000108514626000765/0001085146-26-000765-index.htm,MEDIUM
2026-09-09T01:13:56+00:00,STAKE_13D,,"Health Catalyst, Inc.","Health Catalyst, Inc. 0.0%",,,https://www.sec.gov/Archives/edgar/data/1636422/000110465926105948/0001104659-26-105948-index.htm,MEDIUM
2026-09-09T01:14:08+00:00,STAKE_13D,,SANFORD PENNY, 0.0%,,,https://www.sec.gov/Archives/edgar/data/1588428/000110465926105945/0001104659-26-105945-index.htm,MEDIUM
2026-09-09T01:14:10+00:00,STAKE_13G,,DITM HOLDINGS PTY LTD, 9.9%,,,https://www.sec.gov/Archives/edgar/data/2133048/000119312526385339/0001193125-26-385339-index.htm,HIGH
2026-09-09T01:14:11+00:00,STAKE_13D,,Byrna Technologies Inc.,Byrna Technologies Inc. 0.0%,,,https://www.sec.gov/Archives/edgar/data/1354866/000121465926011482/0001214659-26-011482-index.htm,MEDIUM
2026-09-09T01:14:16+00:00,STAKE_13D,,O'Dowd William IV, 56.0%,,,https://www.sec.gov/Archives/edgar/data/1520776/000107997326001231/0001079973-26-001231-index.htm,HIGH
2026-09-09T01:28:21+00:00,STAKE_13G,,BlackRock Portfolio Management LLC, 38.6%,,,https://www.sec.gov/Archives/edgar/data/2052113/000149315226041788/0001493152-26-041788-index.htm,HIGH
2026-09-09T01:28:22+00:00,STAKE_13G,,BlackRock Portfolio Management LLC, 0.0%,,,https://www.sec.gov/Archives/edgar/data/2052113/000149315226041787/0001493152-26-041787-index.htm,MEDIUM
2026-09-09T01:28:24+00:00,STAKE_13G,,BlackRock Portfolio Management LLC, 0.0%,,,https://www.sec.gov/Archives/edgar/data/2052113/000149315226041785/0001493152-26-041785-index.htm,MEDIUM
2026-09-09T01:28:25+00:00,STAKE_13G,,BlackRock Portfolio Management LLC, 0.0%,,,https://www.sec.gov/Archives/edgar/data/2052113/000149315226041783/0001493152-26-041783-index.htm,MEDIUM
2026-09-09T01:28:27+00:00,STAKE_13G,,BlackRock Portfolio Management LLC, 36.4%,,,https://www.sec.gov/Archives/edgar/data/2052113/000149315226041782/0001493152-26-041782-index.htm,HIGH
2026-09-09T01:28:28+00:00,STAKE_13D,,"Tether Global Investments Fund, S.I.C.A.F., S.A.", 12.6%,,,https://www.sec.gov/Archives/edgar/data/2025889/000110465926105914/0001104659-26-105914-index.htm,MEDIUM
2026-09-09T01:28:30+00:00,STAKE_13G,,Blue Moon Metals Inc.,Blue Moon Metals Inc. 6.0%,,,https://www.sec.gov/Archives/edgar/data/1732379/000119312526385226/0001193125-26-385226-index.htm,MEDIUM
2026-09-09T01:28:31+00:00,STAKE_13G,,i-80 Gold Corp.,i-80 Gold Corp. 7.4%,,,https://www.sec.gov/Archives/edgar/data/1853962/000119312526385224/0001193125-26-385224-index.htm,MEDIUM
2026-09-09T01:28:32+00:00,STAKE_13D,,ATG Capital Opportunities Fund LP, 16.0%,,,https://www.sec.gov/Archives/edgar/data/2079674/000092189526002501/0000921895-26-002501-index.htm,MEDIUM
2026-09-09T01:28:33+00:00,STAKE_13G,,"MetLife Investment Management, LLC", 0.0%,,,https://www.sec.gov/Archives/edgar/data/1529735/000090514826004110/0000905148-26-004110-index.htm,MEDIUM
2026-09-09T01:28:35+00:00,STAKE_13G,,"MetLife Investment Management, LLC", 38.6%,,,https://www.sec.gov/Archives/edgar/data/1529735/000090514826004109/0000905148-26-004109-index.htm,HIGH
2026-09-09T01:28:36+00:00,STAKE_13G,,"MetLife Investment Management, LLC", 0.0%,,,https://www.sec.gov/Archives/edgar/data/1529735/000090514826004108/0000905148-26-004108-index.htm,MEDIUM
2026-09-09T01:28:37+00:00,STAKE_13G,,Calamos Dynamic Convertible & Income Fund,Calamos Dynamic Convertible & Income Fund 78.6%,,,https://www.sec.gov/Archives/edgar/data/1602584/000090514826004107/0000905148-26-004107-index.htm,HIGH
2026-09-09T01:28:39+00:00,STAKE_13G,,"MetLife Investment Management, LLC", 0.0%,,,https://www.sec.gov/Archives/edgar/data/1529735/000090514826004106/0000905148-26-004106-index.htm,MEDIUM
2026-09-09T01:28:40+00:00,STAKE_13G,,Corley Thomas John, 0.0%,,,https://www.sec.gov/Archives/edgar/data/2042926/000204292626000012/0002042926-26-000012-index.htm,MEDIUM
2026-09-09T01:28:41+00:00,STAKE_13G,,"MetLife Investment Management, LLC", 0.0%,,,https://www.sec.gov/Archives/edgar/data/1529735/000090514826004105/0000905148-26-004105-index.htm,MEDIUM
2026-09-09T01:28:42+00:00,STAKE_13G,,"MetLife Investment Management, LLC", 0.0%,,,https://www.sec.gov/Archives/edgar/data/1529735/000090514826004104/0000905148-26-004104-index.htm,MEDIUM
2026-09-09T01:28:44+00:00,STAKE_13G,,Calamos Dynamic Convertible & Income Fund,Calamos Dynamic Convertible & Income Fund 0.0%,,,https://www.sec.gov/Archives/edgar/data/1602584/000090514826004103/0000905148-26-004103-index.htm,MEDIUM
2026-09-09T01:28:45+00:00,STAKE_13G,,Alger ETF Trust,Alger ETF Trust 7.4%,,,https://www.sec.gov/Archives/edgar/data/1807486/000119312526385195/0001193125-26-385195-index.htm,MEDIUM
2026-09-09T01:28:46+00:00,STAKE_13G,,Corley Thomas John, 0.0%,,,https://www.sec.gov/Archives/edgar/data/2042926/000204292626000011/0002042926-26-000011-index.htm,MEDIUM
2026-09-09T01:28:48+00:00,STAKE_13D,,Al Shams Investments LTD, 0.0%,,,https://www.sec.gov/Archives/edgar/data/1765296/000139834426016775/0001398344-26-016775-index.htm,MEDIUM
2026-09-09T01:28:49+00:00,STAKE_13G,,"Old QVC Group, Inc.","Old QVC Group, Inc. 8.0%",,,https://www.sec.gov/Archives/edgar/data/1355096/000088698226000524/0000886982-26-000524-index.htm,MEDIUM
2026-09-09T01:28:49+00:00,STAKE_13D,,Clarion Partners Real Estate Income Fund Inc.,Clarion Partners Real Estate Income Fund Inc. 25.0%,,,https://www.sec.gov/Archives/edgar/data/1762562/000003877726000253/0000038777-26-000253-index.htm,MEDIUM
2026-09-09T01:28:50+00:00,STAKE_13G,,"National CineMedia, Inc.","National CineMedia, Inc. 0.0%",,,https://www.sec.gov/Archives/edgar/data/1377630/000108514626000761/0001085146-26-000761-index.htm,MEDIUM
2026-09-09T01:28:54+00:00,FORM_144,,"Rackspace Technology, Inc.",proposed sale $108K,108392,,https://www.sec.gov/Archives/edgar/data/1977413/000181001926000107/0001810019-26-000107-index.htm,LOW
2026-09-09T01:28:54+00:00,FORM_144,,Dell Technologies Inc.,proposed sale $265K,264690,,https://www.sec.gov/Archives/edgar/data/1735863/000119312526385650/0001193125-26-385650-index.htm,LOW
2026-09-09T01:28:54+00:00,FORM_144,,Dell Technologies Inc.,proposed sale $587K,586512,,https://www.sec.gov/Archives/edgar/data/1672565/000119312526385647/0001193125-26-385647-index.htm,LOW
2026-09-09T01:28:55+00:00,FORM_144,,Dell Technologies Inc.,proposed sale $26.18M,26180268,,https://www.sec.gov/Archives/edgar/data/1767114/000119312526385645/0001193125-26-385645-index.htm,LOW
2026-09-09T01:28:55+00:00,STAKE_13D,,Chan Heng Fai Ambrose, 0.0%,,,https://www.sec.gov/Archives/edgar/data/1261725/000149315226041836/0001493152-26-041836-index.htm,MEDIUM
2026-09-09T01:41:20+00:00,STAKE_13D,,Gratitude 2022 Trust U/A/D 8/26/22, 0.0%,,,https://www.sec.gov/Archives/edgar/data/2153943/000110465926106028/0001104659-26-106028-index.htm,HIGH
2026-09-09T01:53:08+00:00,STAKE_13D,,PPF Group a.s., 6.1%,,,https://www.sec.gov/Archives/edgar/data/1788137/000121390026098183/0001213900-26-098183-index.htm,MEDIUM
2026-09-09T10:09:13+00:00,INSIDER_CLUSTER,TSM,TAIWAN SEMICONDUCTOR MANUFACTURING CO LTD,Tien Bor-Zen $4K,3657,2,https://www.sec.gov/Archives/edgar/data/2114023/000104617926000643/0001046179-26-000643-index.htm,HIGH
2026-09-09T10:09:14+00:00,INSIDER_CLUSTER,TSM,TAIWAN SEMICONDUCTOR MANUFACTURING CO LTD,Wang Ying-Lang $4K,4114,2,https://www.sec.gov/Archives/edgar/data/2118010/000104617926000642/0001046179-26-000642-index.htm,HIGH
2026-09-09T10:09:16+00:00,INSIDER_CLUSTER,TSM,TAIWAN SEMICONDUCTOR MANUFACTURING CO LTD,Lu Chin-Sheng $3K,2895,2,https://www.sec.gov/Archives/edgar/data/2135942/000104617926000640/0001046179-26-000640-index.htm,HIGH
2026-09-09T10:09:17+00:00,INSIDER_CLUSTER,TSM,TAIWAN SEMICONDUCTOR MANUFACTURING CO LTD,Lin Chris Horng-Dar $4K,3581,2,https://www.sec.gov/Archives/edgar/data/2113756/000104617926000637/0001046179-26-000637-index.htm,HIGH
2026-09-09T10:09:18+00:00,INSIDER_CLUSTER,TSM,TAIWAN SEMICONDUCTOR MANUFACTURING CO LTD,Lin Shyue-Shyh $3K,3352,2,https://www.sec.gov/Archives/edgar/data/2114025/000104617926000635/0001046179-26-000635-index.htm,HIGH
2026-09-09T10:09:19+00:00,INSIDER_CLUSTER,TSM,TAIWAN SEMICONDUCTOR MANUFACTURING CO LTD,Lee Chun-Hsien $4K,3962,2,https://www.sec.gov/Archives/edgar/data/2113739/000104617926000633/0001046179-26-000633-index.htm,HIGH
2026-09-09T10:09:20+00:00,INSIDER_CLUSTER,TSM,TAIWAN SEMICONDUCTOR MANUFACTURING CO LTD,Lu Lee-Chung $4K,3886,2,https://www.sec.gov/Archives/edgar/data/2114032/000104617926000632/0001046179-26-000632-index.htm,HIGH
2026-09-09T10:09:21+00:00,INSIDER_CLUSTER,TSM,TAIWAN SEMICONDUCTOR MANUFACTURING CO LTD,Jang Syun-Ming $4K,3733,2,https://www.sec.gov/Archives/edgar/data/2113688/000104617926000628/0001046179-26-000628-index.htm,HIGH
2026-09-09T10:09:22+00:00,INSIDER_CLUSTER,TSM,TAIWAN SEMICONDUCTOR MANUFACTURING CO LTD,Hwang Yuan-Ko $3K,3048,2,https://www.sec.gov/Archives/edgar/data/2114064/000104617926000626/0001046179-26-000626-index.htm,HIGH
2026-09-09T10:09:23+00:00,INSIDER_CLUSTER,TSM,TAIWAN SEMICONDUCTOR MANUFACTURING CO LTD,Hsu Kuo-Chin $4K,4191,2,https://www.sec.gov/Archives/edgar/data/2114031/000104617926000624/0001046179-26-000624-index.htm,HIGH
2026-09-09T10:09:25+00:00,INSIDER_CLUSTER,TSM,TAIWAN SEMICONDUCTOR MANUFACTURING CO LTD,Huang Jen-Chau $2K,2286,2,https://www.sec.gov/Archives/edgar/data/2113699/000104617926000623/0001046179-26-000623-index.htm,HIGH
2026-09-09T10:09:26+00:00,INSIDER_CLUSTER,TSM,TAIWAN SEMICONDUCTOR MANUFACTURING CO LTD,Ku Yao-Ching $4K,3581,2,https://www.sec.gov/Archives/edgar/data/2135989/000104617926000622/0001046179-26-000622-index.htm,HIGH
2026-09-09T10:09:27+00:00,INSIDER_CLUSTER,TSM,TAIWAN SEMICONDUCTOR MANUFACTURING CO LTD,Hou Yung-Chin $5K,4648,2,https://www.sec.gov/Archives/edgar/data/2113680/000104617926000616/0001046179-26-000616-index.htm,HIGH
2026-09-09T10:09:28+00:00,INSIDER_CLUSTER,TSM,TAIWAN SEMICONDUCTOR MANUFACTURING CO LTD,Chuang Juiping $4K,3810,2,https://www.sec.gov/Archives/edgar/data/2114029/000104617926000615/0001046179-26-000615-index.htm,HIGH
2026-09-09T10:09:30+00:00,INSIDER_CLUSTER,TSM,TAIWAN SEMICONDUCTOR MANUFACTURING CO LTD,Fang Shu-Hua $4K,4267,2,https://www.sec.gov/Archives/edgar/data/2113698/000104617926000614/0001046179-26-000614-index.htm,HIGH
2026-09-09T10:09:31+00:00,INSIDER_CLUSTER,TSM,TAIWAN SEMICONDUCTOR MANUFACTURING CO LTD,He Jun $4K,3505,2,https://www.sec.gov/Archives/edgar/data/2113771/000104617926000613/0001046179-26-000613-index.htm,HIGH
2026-09-09T10:09:32+00:00,INSIDER_CLUSTER,TSM,TAIWAN SEMICONDUCTOR MANUFACTURING CO LTD,Chuang Tzu-Sou $4K,3581,2,https://www.sec.gov/Archives/edgar/data/2114030/000104617926000612/0001046179-26-000612-index.htm,HIGH
2026-09-09T10:09:33+00:00,INSIDER_CLUSTER,TSM,TAIWAN SEMICONDUCTOR MANUFACTURING CO LTD,Chen Chih-Ho $2K,2438,2,https://www.sec.gov/Archives/edgar/data/2114026/000104617926000606/0001046179-26-000606-index.htm,HIGH
2026-09-09T10:09:34+00:00,INSIDER_CLUSTER,TSM,TAIWAN SEMICONDUCTOR MANUFACTURING CO LTD,Cao Min $4K,4267,2,https://www.sec.gov/Archives/edgar/data/2113031/000104617926000605/0001046179-26-000605-index.htm,HIGH
2026-09-09T10:09:36+00:00,INSIDER_CLUSTER,TSM,TAIWAN SEMICONDUCTOR MANUFACTURING CO LTD,Chin Yung-Pei $5K,5410,2,https://www.sec.gov/Archives/edgar/data/2117998/000104617926000604/0001046179-26-000604-index.htm,HIGH
2026-09-09T10:09:37+00:00,INSIDER_CLUSTER,TSM,TAIWAN SEMICONDUCTOR MANUFACTURING CO LTD,Chen Pei-Hung $4K,3505,2,https://www.sec.gov/Archives/edgar/data/2114027/000104617926000603/0001046179-26-000603-index.htm,HIGH
2026-09-09T10:09:37+00:00,INSIDER_CLUSTER,TSM,TAIWAN SEMICONDUCTOR MANUFACTURING CO LTD,Chang Tzonz-Sheng $4K,4038,2,https://www.sec.gov/Archives/edgar/data/2113710/000104617926000602/0001046179-26-000602-index.htm,HIGH
2026-09-09T10:24:29+00:00,INSIDER_CLUSTER,TSM,TAIWAN SEMICONDUCTOR MANUFACTURING CO LTD,Wu Yi-Huang $3K,3048,2,https://www.sec.gov/Archives/edgar/data/2136731/000104617926000656/0001046179-26-000656-index.htm,HIGH
2026-09-09T10:24:31+00:00,INSIDER_CLUSTER,TSM,TAIWAN SEMICONDUCTOR MANUFACTURING CO LTD,Yoo Chue-San $4K,4038,2,https://www.sec.gov/Archives/edgar/data/2113775/000104617926000655/0001046179-26-000655-index.htm,HIGH
2026-09-09T10:24:32+00:00,INSIDER_CLUSTER,TSM,TAIWAN SEMICONDUCTOR MANUFACTURING CO LTD,Yeap Choh Fei $4K,4114,2,https://www.sec.gov/Archives/edgar/data/2113762/000104617926000654/0001046179-26-000654-index.htm,HIGH
2026-09-09T10:24:33+00:00,INSIDER_CLUSTER,TSM,TAIWAN SEMICONDUCTOR MANUFACTURING CO LTD,Zhang Kevin Xiaoqiang $5K,4648,2,https://www.sec.gov/Archives/edgar/data/2115263/000104617926000653/0001046179-26-000653-index.htm,HIGH
2026-09-09T10:24:34+00:00,INSIDER_CLUSTER,TSM,TAIWAN SEMICONDUCTOR MANUFACTURING CO LTD,Yuan Lipen $3K,3124,2,https://www.sec.gov/Archives/edgar/data/2114024/000104617926000652/0001046179-26-000652-index.htm,HIGH
2026-09-09T10:24:35+00:00,INSIDER_CLUSTER,TSM,TAIWAN SEMICONDUCTOR MANUFACTURING CO LTD,Mii Yuh-Jier $5K,5410,2,https://www.sec.gov/Archives/edgar/data/2113729/000104617926000648/0001046179-26-000648-index.htm,HIGH
2026-09-09T10:24:36+00:00,INSIDER_CLUSTER,TSM,TAIWAN SEMICONDUCTOR MANUFACTURING CO LTD,Wu Shien-Yang $4K,4343,2,https://www.sec.gov/Archives/edgar/data/2113784/000104617926000646/0001046179-26-000646-index.htm,HIGH
2026-09-09T11:40:09+00:00,FORM_144,,ZIM Integrated Shipping Services Ltd.,proposed sale $105K,105460,,https://www.sec.gov/Archives/edgar/data/1966890/000197640826000812/0001976408-26-000812-index.htm,LOW
2026-09-09T11:40:10+00:00,FORM_144,,UroGen Pharma Ltd.,proposed sale $38K,38402,,https://www.sec.gov/Archives/edgar/data/1763581/000197640826000811/0001976408-26-000811-index.htm,LOW
2026-09-09T11:40:10+00:00,FORM_144,,UroGen Pharma Ltd.,proposed sale $67K,66972,,https://www.sec.gov/Archives/edgar/data/1821479/000197640826000810/0001976408-26-000810-index.htm,LOW
2026-09-09T11:40:10+00:00,FORM_144,,ZIM Integrated Shipping Services Ltd.,proposed sale $66K,66076,,https://www.sec.gov/Archives/edgar/data/1966863/000197640826000809/0001976408-26-000809-index.htm,LOW
2026-09-09T12:53:21+00:00,INSIDER_CLUSTER,BWFG,"Bankwell Financial Group, Inc.",Dunne Jeffrey R $18K,17515,1,https://www.sec.gov/Archives/edgar/data/1968428/000150573226000115/0001505732-26-000115-index.htm,HIGH
2026-09-09T12:53:22+00:00,INSIDER_CLUSTER,BWFG,"Bankwell Financial Group, Inc.",Drexler Blake S $8K,7784,1,https://www.sec.gov/Archives/edgar/data/1607538/000150573226000114/0001505732-26-000114-index.htm,HIGH
2026-09-09T12:53:23+00:00,INSIDER_CLUSTER,BWFG,"Bankwell Financial Group, Inc.",Porto Carl M $22K,21944,1,https://www.sec.gov/Archives/edgar/data/1650466/000150573226000113/0001505732-26-000113-index.htm,HIGH
2026-09-09T13:21:20+00:00,INSIDER_CLUSTER,NONE,"Fundrise Income Real Estate Fund, LLC",Hall Bjorn $1K,1000,1,https://www.sec.gov/Archives/edgar/data/1885551/000143510926000142/0001435109-26-000142-index.htm,HIGH
2026-09-09T13:49:48+00:00,FORM_144,,"APPLIED OPTOELECTRONICS, INC.",proposed sale $3.55M,3545727,,https://www.sec.gov/Archives/edgar/data/1587462/000197407826000347/0001974078-26-000347-index.htm,LOW
2026-09-09T13:59:05+00:00,FORM_144,,LAM RESEARCH CORP,proposed sale $9.58M,9577800,,https://www.sec.gov/Archives/edgar/data/1343600/000195917326006806/0001959173-26-006806-index.htm,LOW
2026-09-09T14:29:15+00:00,FORM_144,,BRISTOL MYERS SQUIBB CO,proposed sale $403K,403497,,https://www.sec.gov/Archives/edgar/data/2080176/000195917326006809/0001959173-26-006809-index.htm,LOW
2026-09-09T14:29:16+00:00,FORM_144,,"NIKE, Inc.",proposed sale $96K,96192,,https://www.sec.gov/Archives/edgar/data/2074830/000195917326006808/0001959173-26-006808-index.htm,LOW
2026-09-09T14:29:16+00:00,FORM_144,,Snowflake Inc.,proposed sale $917K,916515,,https://www.sec.gov/Archives/edgar/data/1979088/000195917326006807/0001959173-26-006807-index.htm,LOW
2026-09-09T14:44:56+00:00,INSIDER_CLUSTER,BWFG,"Bankwell Financial Group, Inc.",SEIDMAN LAWRENCE B $353K,352506,1,https://www.sec.gov/Archives/edgar/data/1505732/000102608126000026/0001026081-26-000026-index.htm,HIGH
2026-09-09T14:45:02+00:00,FORM_144,,"NIKE, Inc.",proposed sale $199K,199377,,https://www.sec.gov/Archives/edgar/data/1806799/000195917326006812/0001959173-26-006812-index.htm,LOW
2026-09-09T14:45:02+00:00,FORM_144,,BlackSky Technology Inc.,proposed sale $1.76M,1760000,,https://www.sec.gov/Archives/edgar/data/1753539/000194984626000574/0001949846-26-000574-index.htm,LOW
2026-09-09T14:45:02+00:00,FORM_144,,"NIKE, Inc.",proposed sale $137K,137053,,https://www.sec.gov/Archives/edgar/data/2044264/000195917326006811/0001959173-26-006811-index.htm,LOW
2026-09-09T14:45:03+00:00,FORM_144,,PRO DEX INC,proposed sale $1.29M,1294000,,https://www.sec.gov/Archives/edgar/data/1575056/000194984626000573/0001949846-26-000573-index.htm,LOW
2026-09-09T14:45:03+00:00,FORM_144,,"NIKE, Inc.",proposed sale $138K,137992,,https://www.sec.gov/Archives/edgar/data/2101296/000195917326006810/0001959173-26-006810-index.htm,LOW
2026-09-09T14:56:32+00:00,INSIDER_CLUSTER,NONE,"Fundrise Real Estate Interval Fund, LLC",Booth Richard Whitaker $500,499,1,https://www.sec.gov/Archives/edgar/data/1845014/000143510926000143/0001435109-26-000143-index.htm,HIGH
2026-09-09T14:56:35+00:00,FORM_144,,"WisdomTree, Inc.",proposed sale $737K,736800,,https://www.sec.gov/Archives/edgar/data/1197950/000195917326006813/0001959173-26-006813-index.htm,LOW
2026-09-09T15:07:52+00:00,FORM_144,,"Vir Biotechnology, Inc.",proposed sale $315K,315241,,https://www.sec.gov/Archives/edgar/data/1871145/000195917326006814/0001959173-26-006814-index.htm,LOW
2026-09-09T15:24:24+00:00,FORM_144,,Galaxy Digital Inc.,proposed sale $135K,134960,,https://www.sec.gov/Archives/edgar/data/1859392/000195917326006816/0001959173-26-006816-index.htm,LOW
2026-09-09T15:24:24+00:00,FORM_144,,FMC CORP,proposed sale $16K,15981,,https://www.sec.gov/Archives/edgar/data/1584507/000195917326006815/0001959173-26-006815-index.htm,LOW
2026-09-09T15:37:31+00:00,FORM_144,,Snowflake Inc.,proposed sale $16.79M,16786000,,https://www.sec.gov/Archives/edgar/data/1821737/000195917326006819/0001959173-26-006819-index.htm,LOW
2026-09-09T15:37:31+00:00,FORM_144,,"BillionToOne, Inc.",proposed sale $138K,138116,,https://www.sec.gov/Archives/edgar/data/2087126/000195917326006818/0001959173-26-006818-index.htm,LOW
2026-09-09T15:37:32+00:00,FORM_144,,"BRINKER INTERNATIONAL, INC",proposed sale $143K,143058,,https://www.sec.gov/Archives/edgar/data/1729886/000195917326006817/0001959173-26-006817-index.htm,LOW
2026-09-09T16:11:45+00:00,FORM_144,,"BillionToOne, Inc.",proposed sale $2.05M,2045326,,https://www.sec.gov/Archives/edgar/data/2087127/000195917326006820/0001959173-26-006820-index.htm,LOW
2026-09-09T16:28:15+00:00,FORM_144,,"BillionToOne, Inc.",proposed sale $171K,170695,,https://www.sec.gov/Archives/edgar/data/2087127/000195917326006821/0001959173-26-006821-index.htm,LOW
2026-09-09T17:18:36+00:00,FORM_144,,Invesco Ltd.,proposed sale $1.46M,1455782,,https://www.sec.gov/Archives/edgar/data/1965994/000195917326006824/0001959173-26-006824-index.htm,LOW
2026-09-09T17:18:37+00:00,FORM_144,,PHINIA INC.,proposed sale $140K,140425,,https://www.sec.gov/Archives/edgar/data/1981190/000195917326006823/0001959173-26-006823-index.htm,LOW
2026-09-09T17:18:37+00:00,FORM_144,,Unum Group,proposed sale $378K,377747,,https://www.sec.gov/Archives/edgar/data/1103172/000195917326006822/0001959173-26-006822-index.htm,LOW
2026-09-09T17:43:36+00:00,FORM_144,,Netflix Inc.,proposed sale $55K,54907,,https://www.sec.gov/Archives/edgar/data/1184230/000162828026061075/0001628280-26-061075-index.htm,LOW
2026-09-09T18:20:57+00:00,FORM_144,,Hillman Solutions Corp.,proposed sale $100K,99641,,https://www.sec.gov/Archives/edgar/data/1870351/000195917326006825/0001959173-26-006825-index.htm,LOW
2026-09-09T18:58:35+00:00,INSIDER_BUY,SEI,"Solaris Energy Infrastructure, Inc.",TEAGUE AJ $501K,500994,1,https://www.sec.gov/Archives/edgar/data/1697500/000162828026061096/0001628280-26-061096-index.htm,MEDIUM
2026-09-09T18:58:40+00:00,INSIDER_CLUSTER,GROV,"Grove Collaborative Holdings, Inc.",Landesberg Stuart $248,248,5,https://www.sec.gov/Archives/edgar/data/1930721/000184176126000096/0001841761-26-000096-index.htm,HIGH
2026-09-09T18:58:41+00:00,FORM_144,,NovaBridge Biosciences,proposed sale $79K,79377,,https://www.sec.gov/Archives/edgar/data/2109966/000197337926000336/0001973379-26-000336-index.htm,LOW
2026-09-09T19:10:34+00:00,FORM_144,,PARK OHIO HOLDINGS CORP,proposed sale $230K,230000,,https://www.sec.gov/Archives/edgar/data/1206686/000132108626000008/0001321086-26-000008-index.htm,LOW
2026-09-09T19:10:34+00:00,FORM_144,,"TAPESTRY, INC.",proposed sale $1.21M,1214887,,https://www.sec.gov/Archives/edgar/data/1808278/000195917326006826/0001959173-26-006826-index.htm,LOW
2026-09-09T19:23:15+00:00,FORM_144,,SITIME Corp,proposed sale $7.24M,7242000,,https://www.sec.gov/Archives/edgar/data/1451809/000197325126000035/0001973251-26-000035-index.htm,LOW
2026-09-09T19:23:16+00:00,FORM_144,,PROCEPT BioRobotics Corp,proposed sale $6K,6223,,https://www.sec.gov/Archives/edgar/data/1599418/000195917326006829/0001959173-26-006829-index.htm,LOW
2026-09-09T19:23:16+00:00,FORM_144,,PROCEPT BioRobotics Corp,proposed sale $8K,7815,,https://www.sec.gov/Archives/edgar/data/2132820/000195917326006828/0001959173-26-006828-index.htm,LOW
2026-09-09T19:23:16+00:00,FORM_144,,PROCEPT BioRobotics Corp,proposed sale $8K,7815,,https://www.sec.gov/Archives/edgar/data/1653771/000195917326006827/0001959173-26-006827-index.htm,LOW
2026-09-09T19:33:26+00:00,FORM_144,,Oklo Inc.,proposed sale $16K,15809,,https://www.sec.gov/Archives/edgar/data/2146790/000195917326006830/0001959173-26-006830-index.htm,LOW
2026-09-09T19:50:54+00:00,FORM_144,,Fortrea Holdings Inc.,proposed sale $18K,17705,,https://www.sec.gov/Archives/edgar/data/1979544/000195917326006832/0001959173-26-006832-index.htm,LOW
2026-09-09T19:50:54+00:00,FORM_144,,Fortrea Holdings Inc.,proposed sale $4K,4144,,https://www.sec.gov/Archives/edgar/data/2150280/000195917326006831/0001959173-26-006831-index.htm,LOW
2026-09-09T19:58:50+00:00,FORM_144,,Fortrea Holdings Inc.,proposed sale $53K,53049,,https://www.sec.gov/Archives/edgar/data/1980205/000195917326006833/0001959173-26-006833-index.htm,LOW
2026-09-09T20:15:05+00:00,FORM_144,,DORIAN LPG LTD.,proposed sale $270K,270040,,https://www.sec.gov/Archives/edgar/data/1638233/000195004726009233/0001950047-26-009233-index.htm,LOW
2026-09-09T20:15:05+00:00,FORM_144,,"Vaxcyte, Inc.",proposed sale $80K,80026,,https://www.sec.gov/Archives/edgar/data/1813798/000196922326001012/0001969223-26-001012-index.htm,LOW
2026-09-09T20:15:05+00:00,FORM_144,,"Eos Energy Enterprises, Inc.",proposed sale $143K,142818,,https://www.sec.gov/Archives/edgar/data/1991521/000196922326001011/0001969223-26-001011-index.htm,LOW
2026-09-09T20:15:06+00:00,FORM_144,,Flowco Holdings Inc.,proposed sale $211K,210842,,https://www.sec.gov/Archives/edgar/data/2049797/000204979726000003/0002049797-26-000003-index.htm,LOW
2026-09-09T20:15:06+00:00,FORM_144,,VIVMARK RESIDENTIAL,proposed sale $74K,73766,,https://www.sec.gov/Archives/edgar/data/1821096/000195917326006835/0001959173-26-006835-index.htm,LOW
2026-09-09T20:15:06+00:00,FORM_144,,"Meta Platforms, Inc.",proposed sale $13.01M,13005575,,https://www.sec.gov/Archives/edgar/data/1607459/000192109426001004/0001921094-26-001004-index.htm,LOW
2026-09-09T20:15:07+00:00,FORM_144,,BBB FOODS INC,proposed sale $387K,386900,,https://www.sec.gov/Archives/edgar/data/2120515/000162828026061129/0001628280-26-061129-index.htm,LOW
2026-09-09T20:15:07+00:00,FORM_144,,"GOLD.COM, INC.",proposed sale $1.23M,1234090,,https://www.sec.gov/Archives/edgar/data/1591588/000195004726009232/0001950047-26-009232-index.htm,LOW
2026-09-09T20:15:08+00:00,FORM_144,,"Mineralys Therapeutics, Inc.",proposed sale $67K,67018,,https://www.sec.gov/Archives/edgar/data/1933414/000196430626000434/0001964306-26-000434-index.htm,LOW
2026-09-09T20:15:08+00:00,FORM_144,,"FIVE BELOW, INC.",proposed sale $401K,400791,,https://www.sec.gov/Archives/edgar/data/2031818/000195004726009231/0001950047-26-009231-index.htm,LOW
2026-09-09T20:15:08+00:00,FORM_144,,"PINTEREST, INC.",proposed sale $939K,939486,,https://www.sec.gov/Archives/edgar/data/1773914/000192109426001003/0001921094-26-001003-index.htm,LOW
2026-09-09T20:15:09+00:00,FORM_144,,"Sera Prognostics, Inc.",proposed sale $27K,27195,,https://www.sec.gov/Archives/edgar/data/1979974/000197997426000012/0001979974-26-000012-index.htm,LOW
2026-09-09T20:15:09+00:00,FORM_144,,"Sera Prognostics, Inc.",proposed sale $40K,40290,,https://www.sec.gov/Archives/edgar/data/1891299/000189129926000011/0001891299-26-000011-index.htm,LOW
2026-09-09T20:15:09+00:00,FORM_144,,"NWPX Infrastructure, Inc.",proposed sale $416K,415727,,https://www.sec.gov/Archives/edgar/data/1233202/000194984626000575/0001949846-26-000575-index.htm,LOW
2026-09-09T20:15:10+00:00,FORM_144,,Snap Inc,proposed sale $107K,106985,,https://www.sec.gov/Archives/edgar/data/1727396/000192109426001002/0001921094-26-001002-index.htm,LOW
2026-09-09T20:15:10+00:00,FORM_144,,"STANDARD MOTOR PRODUCTS, INC.",proposed sale $206K,206011,,https://www.sec.gov/Archives/edgar/data/1351057/000195917326006834/0001959173-26-006834-index.htm,LOW
2026-09-09T20:15:10+00:00,FORM_144,,VISA INC.,proposed sale $688K,687690,,https://www.sec.gov/Archives/edgar/data/1887192/000196430626000433/0001964306-26-000433-index.htm,LOW
2026-09-09T20:15:11+00:00,FORM_144,,COHERENT CORP.,proposed sale $155K,154660,,https://www.sec.gov/Archives/edgar/data/1902257/000195004726009229/0001950047-26-009229-index.htm,LOW
2026-09-09T20:29:31+00:00,FORM_144,,"Chime Financial, Inc.",proposed sale $1.37M,1370622,,https://www.sec.gov/Archives/edgar/data/2061219/000195004726009249/0001950047-26-009249-index.htm,LOW
2026-09-09T20:29:31+00:00,FORM_144,,"HERITAGE INSURANCE HOLDINGS, INC.",proposed sale $222K,221995,,https://www.sec.gov/Archives/edgar/data/1639407/000195004726009248/0001950047-26-009248-index.htm,LOW
2026-09-09T20:29:31+00:00,FORM_144,,"Rigetti Computing, Inc.",proposed sale $1.90M,1897200,,https://www.sec.gov/Archives/edgar/data/1838359/000196794026000049/0001967940-26-000049-index.htm,LOW
2026-09-09T20:29:32+00:00,FORM_144,,PHINIA INC.,proposed sale $901K,900536,,https://www.sec.gov/Archives/edgar/data/1981241/000195917326006838/0001959173-26-006838-index.htm,LOW
2026-09-09T20:29:32+00:00,FORM_144,,"BETA BIONICS, INC.",proposed sale $779K,779095,,https://www.sec.gov/Archives/edgar/data/2048497/000195004726009247/0001950047-26-009247-index.htm,LOW
2026-09-09T20:29:32+00:00,FORM_144,,"Omada Health, Inc.",proposed sale $14K,14283,,https://www.sec.gov/Archives/edgar/data/2021724/000195004726009246/0001950047-26-009246-index.htm,LOW
2026-09-09T20:29:33+00:00,FORM_144,,"Korro Bio, Inc.",proposed sale $82,81,,https://www.sec.gov/Archives/edgar/data/2053835/000195917326006837/0001959173-26-006837-index.htm,LOW
2026-09-09T20:29:33+00:00,FORM_144,,"Remitly Global, Inc.",proposed sale $137K,136565,,https://www.sec.gov/Archives/edgar/data/1880864/000195004726009245/0001950047-26-009245-index.htm,LOW
2026-09-09T20:29:33+00:00,FORM_144,,"BILL HOLDINGS, INC.",proposed sale $947K,946906,,https://www.sec.gov/Archives/edgar/data/1786352/000195004726009244/0001950047-26-009244-index.htm,LOW
2026-09-09T20:29:34+00:00,FORM_144,,"Aquestive Therapeutics, Inc.",proposed sale $46K,45587,,https://www.sec.gov/Archives/edgar/data/2026090/000195004726009243/0001950047-26-009243-index.htm,LOW
2026-09-09T20:29:34+00:00,FORM_144,,PLUG POWER INC.,proposed sale $102K,101602,,https://www.sec.gov/Archives/edgar/data/1341689/000195004726009242/0001950047-26-009242-index.htm,LOW
2026-09-09T20:29:34+00:00,FORM_144,,"RingCentral, Inc.",proposed sale $293K,292832,,https://www.sec.gov/Archives/edgar/data/2057569/000195004726009241/0001950047-26-009241-index.htm,LOW
2026-09-09T20:29:35+00:00,FORM_144,,"NEUROCRINE BIOSCIENCES, INC.",proposed sale $334K,334150,,https://www.sec.gov/Archives/edgar/data/1643653/000195004726009240/0001950047-26-009240-index.htm,LOW
2026-09-09T20:29:35+00:00,FORM_144,,"VENTURE GLOBAL, INC.",proposed sale $27.78M,27777892,,https://www.sec.gov/Archives/edgar/data/2050857/000195004726009239/0001950047-26-009239-index.htm,LOW
2026-09-09T20:29:35+00:00,FORM_144,,"Chime Financial, Inc.",proposed sale $1.37M,1370590,,https://www.sec.gov/Archives/edgar/data/2061268/000195004726009238/0001950047-26-009238-index.htm,LOW
2026-09-09T20:29:36+00:00,FORM_144,,"Live Oak Bancshares, Inc.",proposed sale $386K,386312,,https://www.sec.gov/Archives/edgar/data/1462120/000195917326006836/0001959173-26-006836-index.htm,LOW
2026-09-09T20:29:36+00:00,FORM_144,,"ARVINAS, INC.",proposed sale $329K,328914,,https://www.sec.gov/Archives/edgar/data/1655759/000195004726009237/0001950047-26-009237-index.htm,LOW
2026-09-09T20:29:36+00:00,FORM_144,,PHARVARIS N.V.,proposed sale $300K,300396,,https://www.sec.gov/Archives/edgar/data/1897890/000195004726009236/0001950047-26-009236-index.htm,LOW
2026-09-09T20:29:37+00:00,FORM_144,,"BLOCK, INC.",proposed sale $476K,475620,,https://www.sec.gov/Archives/edgar/data/1933928/000195004726009235/0001950047-26-009235-index.htm,LOW
2026-09-09T20:29:37+00:00,FORM_144,,LUMENTUM HOLDINGS INC.,proposed sale $489K,489270,,https://www.sec.gov/Archives/edgar/data/1633978/000195004726009234/0001950047-26-009234-index.htm,LOW
2026-09-09T20:42:04+00:00,FORM_144,,"ACM RESEARCH, INC.",proposed sale $5.22M,5221482,,https://www.sec.gov/Archives/edgar/data/1721580/000195004726009251/0001950047-26-009251-index.htm,LOW
2026-09-09T20:42:04+00:00,FORM_144,,"Life Time Group Holdings, Inc.",proposed sale $787K,787357,,https://www.sec.gov/Archives/edgar/data/1884996/000195917326006840/0001959173-26-006840-index.htm,LOW
2026-09-09T20:42:04+00:00,FORM_144,,OOMA INC,proposed sale $920K,920000,,https://www.sec.gov/Archives/edgar/data/1327688/000194984626000576/0001949846-26-000576-index.htm,LOW
2026-09-09T20:42:05+00:00,FORM_144,,Sea Limited,proposed sale $34.00M,33999000,,https://www.sec.gov/Archives/edgar/data/1965706/000196858226000939/0001968582-26-000939-index.htm,LOW
2026-09-09T20:42:05+00:00,FORM_144,,"PTC THERAPEUTICS, INC.",proposed sale $2.74M,2740000,,https://www.sec.gov/Archives/edgar/data/1288952/000162828026061154/0001628280-26-061154-index.htm,LOW
2026-09-09T20:42:05+00:00,FORM_144,,"Ocugen, Inc.",proposed sale $590K,589741,,https://www.sec.gov/Archives/edgar/data/1791820/000162828026061150/0001628280-26-061150-index.htm,LOW
2026-09-09T20:42:06+00:00,FORM_144,,"HORNBECK OFFSHORE SERVICES, INC.",proposed sale $976K,976149,,https://www.sec.gov/Archives/edgar/data/1648839/000195917326006839/0001959173-26-006839-index.htm,LOW
2026-09-09T20:42:06+00:00,FORM_144,,"10X GENOMICS, INC.",proposed sale $3.00M,2995470,,https://www.sec.gov/Archives/edgar/data/1971187/000195004726009250/0001950047-26-009250-index.htm,LOW
2026-09-09T20:51:15+00:00,FORM_144,,Hippo Holdings Inc.,proposed sale $161K,161150,,https://www.sec.gov/Archives/edgar/data/1828105/000162828026061161/0001628280-26-061161-index.htm,LOW
2026-09-09T20:51:15+00:00,FORM_144,,AVEANNA HEALTHCARE HOLDINGS INC.,proposed sale $645K,644994,,https://www.sec.gov/Archives/edgar/data/1872122/000195004726009254/0001950047-26-009254-index.htm,LOW
2026-09-09T20:51:15+00:00,FORM_144,,Invesco Ltd.,proposed sale $3.25M,3247175,,https://www.sec.gov/Archives/edgar/data/1407922/000195917326006843/0001959173-26-006843-index.htm,LOW
2026-09-09T20:51:16+00:00,FORM_144,,"NLIGHT, INC.",proposed sale $4.10M,4100665,,https://www.sec.gov/Archives/edgar/data/1738235/000195917326006842/0001959173-26-006842-index.htm,LOW
2026-09-09T20:51:16+00:00,FORM_144,,VEEVA SYSTEMS INC.,proposed sale $196K,195780,,https://www.sec.gov/Archives/edgar/data/1557593/000195004726009253/0001950047-26-009253-index.htm,LOW
2026-09-09T20:51:16+00:00,FORM_144,,"Warner Bros. Discovery, Inc.",proposed sale $7.34M,7338146,,https://www.sec.gov/Archives/edgar/data/2060469/000195917326006841/0001959173-26-006841-index.htm,LOW
2026-09-09T20:51:17+00:00,FORM_144,,THE ESTEE LAUDER COMPANIES INC.,proposed sale $373K,373045,,https://www.sec.gov/Archives/edgar/data/1145766/000195004726009252/0001950047-26-009252-index.htm,LOW
2026-09-09T20:59:27+00:00,FORM_144,,"NPK INTERNATIONAL, INC.",proposed sale $40K,40378,,https://www.sec.gov/Archives/edgar/data/2152870/000195004726009256/0001950047-26-009256-index.htm,LOW
2026-09-09T20:59:28+00:00,FORM_144,,"MAGNITE, INC.",proposed sale $260K,260357,,https://www.sec.gov/Archives/edgar/data/1700262/000195004726009255/0001950047-26-009255-index.htm,LOW
2026-09-09T20:59:28+00:00,FORM_144,,"Intercontinental Exchange, Inc.",proposed sale $515K,515000,,https://www.sec.gov/Archives/edgar/data/1918894/000196530126000138/0001965301-26-000138-index.htm,LOW
2026-09-09T20:59:29+00:00,FORM_144,,LAM RESEARCH CORP,proposed sale $3.01M,3007970,,https://www.sec.gov/Archives/edgar/data/1405693/000196922326001013/0001969223-26-001013-index.htm,LOW
2026-09-09T21:12:52+00:00,FORM_144,,"Analog Devices, Inc.",proposed sale $2.58M,2584695,,https://www.sec.gov/Archives/edgar/data/900729/000195824426000585/0001958244-26-000585-index.htm,LOW
2026-09-09T21:12:52+00:00,FORM_144,,"Slide Insurance Holdings, Inc.",proposed sale $1.53M,1526139,,https://www.sec.gov/Archives/edgar/data/1886428/000195824426000584/0001958244-26-000584-index.htm,LOW
2026-09-09T21:12:53+00:00,FORM_144,,ELASTIC N.V.,proposed sale $12.93M,12930375,,https://www.sec.gov/Archives/edgar/data/1753445/000195004726009257/0001950047-26-009257-index.htm,LOW
2026-09-09T21:25:45+00:00,INSIDER_CLUSTER,DY,DYCOM INDUSTRIES INC,Peyovich Daniel S $252K,252246,0,https://www.sec.gov/Archives/edgar/data/1837347/000183734726000003/0001837347-26-000003-index.htm,HIGH
2026-09-09T21:25:47+00:00,FORM_144,,Kinetik Holdings Inc.,proposed sale $250K,250111,,https://www.sec.gov/Archives/edgar/data/1904934/000090514826004127/0000905148-26-004127-index.htm,LOW
2026-09-09T21:25:47+00:00,FORM_144,,Safehold Inc.,proposed sale $138K,138320,,https://www.sec.gov/Archives/edgar/data/1222801/000162828026061172/0001628280-26-061172-index.htm,LOW
2026-09-09T21:25:48+00:00,FORM_144,,"Inhibrx Biosciences, Inc.",proposed sale $58K,57897,,https://www.sec.gov/Archives/edgar/data/2007919/000195917326006844/0001959173-26-006844-index.htm,LOW
2026-09-09T21:46:17+00:00,INSIDER_BUY,GWAV,"Greenwave Technology Solutions, Inc.",Meeks Danny $8.00M,8000001,13,https://www.sec.gov/Archives/edgar/data/1862673/000149315226042006/0001493152-26-042006-index.htm,MEDIUM
2026-09-09T21:54:15+00:00,INSIDER_CLUSTER,CYBN,CYBIN INC.,So Eric H. L. $1.12M,1121475,8,https://www.sec.gov/Archives/edgar/data/2116526/000091228226001254/0000912282-26-001254-index.htm,HIGH
2026-09-09T22:18:27+00:00,INSIDER_CLUSTER,GME,GameStop Corp.,Grube James $196K,196075,0,https://www.sec.gov/Archives/edgar/data/1840480/000184048026000002/0001840480-26-000002-index.htm,HIGH
2026-09-09T22:18:29+00:00,INSIDER_CLUSTER,NONE,"CIM GROUP, INC.",RESSLER RICHARD S $2.71M,2707793,5,https://www.sec.gov/Archives/edgar/data/1498547/000149854726000057/0001498547-26-000057-index.htm,HIGH
2026-09-09T22:18:34+00:00,FORM_144,,"Madrigal Pharmaceuticals, Inc.",proposed sale $3.40M,3398325,,https://www.sec.gov/Archives/edgar/data/1518611/000162828026061190/0001628280-26-061190-index.htm,LOW
2026-09-09T22:18:34+00:00,FORM_144,,Telos Corporation,proposed sale $932K,932000,,https://www.sec.gov/Archives/edgar/data/1872955/000196858226000941/0001968582-26-000941-index.htm,LOW
2026-09-09T22:18:34+00:00,FORM_144,,"Alignment Healthcare, Inc.",proposed sale $1.70M,1697800,,https://www.sec.gov/Archives/edgar/data/1850397/000162828026061187/0001628280-26-061187-index.htm,LOW
2026-09-09T22:18:35+00:00,FORM_144,,"Hinge Health, Inc.",proposed sale $22.44M,22440249,,https://www.sec.gov/Archives/edgar/data/1748910/000162828026061185/0001628280-26-061185-index.htm,LOW
2026-09-09T22:18:35+00:00,FORM_144,,"Alignment Healthcare, Inc.",proposed sale $5.29M,5289300,,https://www.sec.gov/Archives/edgar/data/1832466/000162828026061184/0001628280-26-061184-index.htm,LOW
2026-09-09T22:18:35+00:00,FORM_144,,"Hinge Health, Inc.",proposed sale $23.90M,23904751,,https://www.sec.gov/Archives/edgar/data/1768640/000162828026061183/0001628280-26-061183-index.htm,LOW
2026-09-09T22:41:36+00:00,INSIDER_CLUSTER,PRTS,"CarParts.com, Inc.",Meniane David $749K,749239,5,https://www.sec.gov/Archives/edgar/data/1770720/000114036126036089/0001140361-26-036089-index.htm,HIGH
2026-09-09T22:50:47+00:00,INSIDER_CLUSTER,PRTS,"CarParts.com, Inc.",PHELPS BARRY $65K,64767,20,https://www.sec.gov/Archives/edgar/data/1378950/000114036126036091/0001140361-26-036091-index.htm,HIGH
2026-09-09T22:50:51+00:00,INSIDER_CLUSTER,PRTS,"CarParts.com, Inc.",Huffaker Michael $748K,748462,5,https://www.sec.gov/Archives/edgar/data/1956633/000114036126036090/0001140361-26-036090-index.htm,HIGH
2026-09-09T22:59:21+00:00,FORM_144,,DORIAN LPG LTD.,proposed sale $270K,270040,,https://www.sec.gov/Archives/edgar/data/1638233/000091957426006219/0000919574-26-006219-index.htm,LOW
2026-09-09T23:12:53+00:00,FORM_144,,"Getty Images Holdings, Inc.",proposed sale $910,910,,https://www.sec.gov/Archives/edgar/data/2068341/000195004726009259/0001950047-26-009259-index.htm,LOW
2026-09-10T00:20:58+00:00,FORM_144,,Dell Technologies Inc.,proposed sale $28.14M,28141348,,https://www.sec.gov/Archives/edgar/data/1571996/000119312526386822/0001193125-26-386822-index.htm,LOW
2026-09-10T00:20:58+00:00,FORM_144,,Dell Technologies Inc.,proposed sale $576K,575522,,https://www.sec.gov/Archives/edgar/data/1672565/000119312526386821/0001193125-26-386821-index.htm,LOW
2026-09-10T00:20:59+00:00,FORM_144,,Elastic N.V.,proposed sale $577K,577344,,https://www.sec.gov/Archives/edgar/data/1753445/000112329226001269/0001123292-26-001269-index.htm,LOW
2026-09-10T00:20:59+00:00,FORM_144,,Dell Technologies Inc.,proposed sale $14.75M,14750570,,https://www.sec.gov/Archives/edgar/data/1737659/000119312526386820/0001193125-26-386820-index.htm,LOW
2026-09-10T00:21:00+00:00,FORM_144,,Dell Technologies Inc.,proposed sale $259K,259465,,https://www.sec.gov/Archives/edgar/data/1735863/000119312526386817/0001193125-26-386817-index.htm,LOW
2026-09-10T00:21:00+00:00,FORM_144,,Dell Technologies Inc.,proposed sale $25.68M,25677492,,https://www.sec.gov/Archives/edgar/data/1767114/000119312526386815/0001193125-26-386815-index.htm,LOW
2026-09-10T00:21:00+00:00,FORM_144,,Elastic N.V.,proposed sale $135K,135360,,https://www.sec.gov/Archives/edgar/data/1707753/000112329226001268/0001123292-26-001268-index.htm,LOW
2026-09-10T00:21:01+00:00,FORM_144,,Elastic N.V.,proposed sale $849K,849118,,https://www.sec.gov/Archives/edgar/data/2003569/000112329226001267/0001123292-26-001267-index.htm,LOW
2026-09-10T00:21:01+00:00,FORM_144,,Elastic N.V.,proposed sale $481K,481485,,https://www.sec.gov/Archives/edgar/data/1927549/000112329226001266/0001123292-26-001266-index.htm,LOW
2026-09-10T00:21:01+00:00,FORM_144,,Elastic N.V.,proposed sale $2.57M,2565613,,https://www.sec.gov/Archives/edgar/data/1829070/000112329226001265/0001123292-26-001265-index.htm,LOW
2026-09-10T00:21:02+00:00,FORM_144,,Elastic N.V.,proposed sale $787K,786617,,https://www.sec.gov/Archives/edgar/data/1894706/000112329226001264/0001123292-26-001264-index.htm,LOW
2026-09-10T00:21:02+00:00,FORM_144,,"Figure Technology Solutions, Inc.",proposed sale $114.81M,114810000,,https://www.sec.gov/Archives/edgar/data/2142340/000162828026061202/0001628280-26-061202-index.htm,LOW
2026-09-10T00:21:02+00:00,FORM_144,,"Figure Technology Solutions, Inc.",proposed sale $5.42M,5423930,,https://www.sec.gov/Archives/edgar/data/2064124/000162828026061201/0001628280-26-061201-index.htm,LOW
2026-09-10T00:39:07+00:00,STAKE_13D,,Woodman Nicholas, 20.6%,,,https://www.sec.gov/Archives/edgar/data/1610500/000110465926106446/0001104659-26-106446-index.htm,HIGH
2026-09-10T01:17:12+00:00,FORM_144,,Aura Minerals Inc.,proposed sale $166K,166274,,https://www.sec.gov/Archives/edgar/data/2126752/000212675226000018/0002126752-26-000018-index.htm,LOW
2026-09-10T01:17:13+00:00,FORM_144,,Aura Minerals Inc.,proposed sale $112K,111803,,https://www.sec.gov/Archives/edgar/data/2126755/000212675526000013/0002126755-26-000013-index.htm,LOW
2026-09-10T01:17:20+00:00,FORM_144,,Aura Minerals Inc.,proposed sale $128K,127569,,https://www.sec.gov/Archives/edgar/data/2135151/000213515126000009/0002135151-26-000009-index.htm,LOW
2026-09-10T01:17:21+00:00,FORM_144,,Aura Minerals Inc.,proposed sale $2.83M,2828346,,https://www.sec.gov/Archives/edgar/data/2135135/000213513526000010/0002135135-26-000010-index.htm,LOW
2026-09-10T01:17:21+00:00,FORM_144,,Dell Technologies Inc.,proposed sale $1.01M,1014372,,https://www.sec.gov/Archives/edgar/data/1651403/000119312526386844/0001193125-26-386844-index.htm,LOW
2026-09-10T01:17:22+00:00,FORM_144,,Aura Minerals Inc.,proposed sale $390K,390155,,https://www.sec.gov/Archives/edgar/data/2135137/000213513726000016/0002135137-26-000016-index.htm,LOW
2026-09-10T01:17:22+00:00,FORM_144,,Aura Minerals Inc.,proposed sale $1.30M,1298295,,https://www.sec.gov/Archives/edgar/data/2135147/000213514726000012/0002135147-26-000012-index.htm,LOW
2026-09-10T01:29:21+00:00,FORM_144,,Aura Minerals Inc.,proposed sale $171K,171290,,https://www.sec.gov/Archives/edgar/data/2126744/000212674426000009/0002126744-26-000009-index.htm,LOW
2026-09-10T01:42:43+00:00,INSIDER_BUY,ALMS,ALUMIS INC.,AKKARAJU SRINIVAS $10.73M,10726255,5,https://www.sec.gov/Archives/edgar/data/1847367/000123191926001158/0001231919-26-001158-index.htm,HIGH
2026-09-10T10:25:48+00:00,INSIDER_CLUSTER,CYBN,CYBIN INC.,So Eric H. L. $1.21M,1208900,6,https://www.sec.gov/Archives/edgar/data/2116526/000091228226001257/0000912282-26-001257-index.htm,HIGH
2026-09-10T10:25:50+00:00,INSIDER_CLUSTER,CYBN,CYBIN INC.,Glavine Paul $1.18M,1178280,7,https://www.sec.gov/Archives/edgar/data/2118509/000091228226001256/0000912282-26-001256-index.htm,HIGH
2026-09-10T12:18:09+00:00,FORM_144,,Takeda Pharmaceutical Company Limited,proposed sale $634K,634407,,https://www.sec.gov/Archives/edgar/data/1977746/000149315226042079/0001493152-26-042079-index.htm,LOW
2026-09-10T13:18:54+00:00,FORM_144,,Nexxen International Ltd.,proposed sale $60K,59907,,https://www.sec.gov/Archives/edgar/data/1980184/000197640826000826/0001976408-26-000826-index.htm,LOW
2026-09-10T13:45:30+00:00,INSIDER_CLUSTER,DXYZ,Destiny Tech100 Inc.,Silver Ethan $25K,25000,10,https://www.sec.gov/Archives/edgar/data/2154406/000094562126001136/0000945621-26-001136-index.htm,HIGH
2026-09-10T14:06:41+00:00,FORM_144,,"T-Mobile US, Inc.",proposed sale $138K,137670,,https://www.sec.gov/Archives/edgar/data/2066499/000195917326006845/0001959173-26-006845-index.htm,LOW
2026-09-10T14:21:28+00:00,FORM_144,,SEMTECH CORP,proposed sale $109K,109211,,https://www.sec.gov/Archives/edgar/data/1994152/000195917326006847/0001959173-26-006847-index.htm,LOW
2026-09-10T14:21:28+00:00,FORM_144,,"Moderna, Inc.",proposed sale $4.69M,4685093,,https://www.sec.gov/Archives/edgar/data/1736359/000195917326006846/0001959173-26-006846-index.htm,LOW
2026-09-10T14:35:06+00:00,FORM_144,,INSMED Inc,proposed sale $3.10M,3099729,,https://www.sec.gov/Archives/edgar/data/1609305/000195779926000171/0001957799-26-000171-index.htm,LOW
2026-09-10T14:48:54+00:00,FORM_144,,BOX INC,proposed sale $587K,586868,,https://www.sec.gov/Archives/edgar/data/1606410/000195917326006848/0001959173-26-006848-index.htm,LOW
2026-09-10T14:59:09+00:00,FORM_144,,Wayfair Inc.,proposed sale $490K,490400,,https://www.sec.gov/Archives/edgar/data/1620093/000195917326006849/0001959173-26-006849-index.htm,LOW
2026-09-10T15:14:08+00:00,INSIDER_CLUSTER,ATLO,AMES NATIONAL CORP,Baker Jeffery C $10K,9564,1,https://www.sec.gov/Archives/edgar/data/1917933/000191793326000002/0001917933-26-000002-index.htm,HIGH
2026-09-10T15:29:14+00:00,FORM_144,,"Health In Tech, Inc.",proposed sale $17K,17169,,https://www.sec.gov/Archives/edgar/data/2102674/000165495426008258/0001654954-26-008258-index.htm,LOW
2026-09-10T15:53:18+00:00,FORM_144,,"ARTIVION, INC.",proposed sale $287K,286656,,https://www.sec.gov/Archives/edgar/data/1191000/000195917326006850/0001959173-26-006850-index.htm,LOW
2026-09-10T16:17:27+00:00,FORM_144,,RAYONIER INC,proposed sale $109K,108807,,https://www.sec.gov/Archives/edgar/data/1612263/000162828026061259/0001628280-26-061259-index.htm,LOW
2026-09-10T16:17:27+00:00,FORM_144,,"Caesars Entertainment, Inc.",proposed sale $1.36M,1362179,,https://www.sec.gov/Archives/edgar/data/1590895/000194984626000578/0001949846-26-000578-index.htm,LOW
2026-09-10T16:17:28+00:00,FORM_144,,"APPLIED OPTOELECTRONICS, INC.",proposed sale $421K,421313,,https://www.sec.gov/Archives/edgar/data/1587599/000197407826000348/0001974078-26-000348-index.htm,LOW
2026-09-10T16:17:28+00:00,FORM_144,,Wayfair Inc.,proposed sale $490K,490400,,https://www.sec.gov/Archives/edgar/data/1620052/000195917326006851/0001959173-26-006851-index.htm,LOW
2026-09-10T16:43:24+00:00,INSIDER_CLUSTER,FRST,Primis Financial Corp.,Johnson Eric Alan $25K,24961,1,https://www.sec.gov/Archives/edgar/data/1364419/000119312526387586/0001193125-26-387586-index.htm,HIGH
2026-09-10T16:43:25+00:00,INSIDER_CLUSTER,UBER,"Uber Technologies, Inc",KHOSROWSHAHI DARA $10.01M,10005952,0,https://www.sec.gov/Archives/edgar/data/1543151/000118423726000008/0001184237-26-000008-index.htm,HIGH
2026-09-10T16:43:28+00:00,FORM_144,,ACRES Commercial Realty Corp.,proposed sale $20K,19972,,https://www.sec.gov/Archives/edgar/data/1332551/000197249026000020/0001972490-26-000020-index.htm,LOW
2026-09-10T17:18:30+00:00,INSIDER_CLUSTER,CSBB,"CSB Bancorp, Inc.",STEINER EDDIE L $3K,2815,2,https://www.sec.gov/Archives/edgar/data/1202390/000119312526387610/0001193125-26-387610-index.htm,HIGH
2026-09-10T17:50:37+00:00,FORM_144,,DOW INC.,proposed sale $482K,482150,,https://www.sec.gov/Archives/edgar/data/2048178/000195917326006852/0001959173-26-006852-index.htm,LOW
2026-09-10T18:15:52+00:00,FORM_144,,Docusign,proposed sale $1.95M,1949715,,https://www.sec.gov/Archives/edgar/data/1686308/000162828026061285/0001628280-26-061285-index.htm,LOW
2026-09-10T18:15:53+00:00,FORM_144,,"Progyny, Inc.",proposed sale $312K,311858,,https://www.sec.gov/Archives/edgar/data/1551306/000195917326006853/0001959173-26-006853-index.htm,LOW
2026-09-10T18:31:30+00:00,FORM_144,,BANNER CORP,proposed sale $92K,92335,,https://www.sec.gov/Archives/edgar/data/1979865/000195917326006854/0001959173-26-006854-index.htm,LOW
2026-09-10T18:31:30+00:00,FORM_144,,NATIONAL HEALTHCARE CORP,proposed sale $601K,600817,,https://www.sec.gov/Archives/edgar/data/1774116/000177411626000001/0001774116-26-000001-index.htm,LOW
2026-09-10T18:46:31+00:00,FORM_144,,Unum Group,proposed sale $404K,404286,,https://www.sec.gov/Archives/edgar/data/1343297/000195917326006855/0001959173-26-006855-index.htm,LOW
2026-09-10T18:56:49+00:00,FORM_144,,ENTERGY CORP /DE/,proposed sale $595K,594720,,https://www.sec.gov/Archives/edgar/data/1745554/000195917326006856/0001959173-26-006856-index.htm,LOW
2026-09-10T19:07:20+00:00,FORM_144,,"CoreCivic, INC.",proposed sale $689K,689000,,https://www.sec.gov/Archives/edgar/data/2061806/000196922326001014/0001969223-26-001014-index.htm,LOW
2026-09-10T19:18:43+00:00,FORM_144,,Amalgamated Financial Corp.,proposed sale $284K,284380,,https://www.sec.gov/Archives/edgar/data/2008970/000197407826000349/0001974078-26-000349-index.htm,LOW
2026-09-10T19:27:48+00:00,FORM_144,,Fortrea Holdings Inc.,proposed sale $18K,17699,,https://www.sec.gov/Archives/edgar/data/1979544/000195917326006857/0001959173-26-006857-index.htm,LOW
2026-09-10T19:38:20+00:00,FORM_144,,Stardust Power Inc.,proposed sale $8K,7678,,https://www.sec.gov/Archives/edgar/data/2028422/000197407826000350/0001974078-26-000350-index.htm,LOW
2026-09-10T19:38:20+00:00,FORM_144,,Netflix Inc.,proposed sale $54K,54194,,https://www.sec.gov/Archives/edgar/data/1184230/000162828026061301/0001628280-26-061301-index.htm,LOW
2026-09-10T19:38:21+00:00,FORM_144,,"Simpson Manufacturing Co., Inc.",proposed sale $605K,605268,,https://www.sec.gov/Archives/edgar/data/1833593/000195917326006858/0001959173-26-006858-index.htm,LOW
2026-09-10T19:54:09+00:00,FORM_144,,Amalgamated Financial Corp.,proposed sale $953K,953361,,https://www.sec.gov/Archives/edgar/data/1847205/000197407826000351/0001974078-26-000351-index.htm,LOW
2026-09-10T20:18:20+00:00,FORM_144,,"Groupon, Inc.",proposed sale $245K,244778,,https://www.sec.gov/Archives/edgar/data/1973423/000195917326006862/0001959173-26-006862-index.htm,LOW
2026-09-10T20:18:20+00:00,FORM_144,,"Armour Residential REIT, Inc.",proposed sale $564K,564416,,https://www.sec.gov/Archives/edgar/data/1428205/000195779926000172/0001957799-26-000172-index.htm,LOW
2026-09-10T20:18:21+00:00,FORM_144,,"GREIF, INC",proposed sale $499K,498869,,https://www.sec.gov/Archives/edgar/data/1628498/000197248126000282/0001972481-26-000282-index.htm,LOW
2026-09-10T20:18:21+00:00,FORM_144,,Sono Group N.V.,proposed sale $298K,298123,,https://www.sec.gov/Archives/edgar/data/2027046/000197248126000281/0001972481-26-000281-index.htm,LOW
2026-09-10T20:18:21+00:00,FORM_144,,"NASDAQ, INC.",proposed sale $106K,105997,,https://www.sec.gov/Archives/edgar/data/1736565/000195004726009284/0001950047-26-009284-index.htm,LOW
2026-09-10T20:18:22+00:00,FORM_144,,"BLOCK, INC.",proposed sale $470K,470340,,https://www.sec.gov/Archives/edgar/data/1933928/000195004726009283/0001950047-26-009283-index.htm,LOW
2026-09-10T20:18:22+00:00,FORM_144,,Netscout Systems Inc,proposed sale $411K,411235,,https://www.sec.gov/Archives/edgar/data/1232884/000162828026061340/0001628280-26-061340-index.htm,LOW
2026-09-10T20:18:22+00:00,FORM_144,,La-Z-Boy Inc,proposed sale $154K,154233,,https://www.sec.gov/Archives/edgar/data/1945571/000162828026061339/0001628280-26-061339-index.htm,LOW
2026-09-10T20:18:23+00:00,FORM_144,,"PROCORE TECHNOLOGIES, INC.",proposed sale $3.00M,3001511,,https://www.sec.gov/Archives/edgar/data/1805735/000195004726009282/0001950047-26-009282-index.htm,LOW
2026-09-10T20:18:23+00:00,FORM_144,,"GOLD.COM, INC.",proposed sale $458K,458338,,https://www.sec.gov/Archives/edgar/data/1591588/000195004726009281/0001950047-26-009281-index.htm,LOW
2026-09-10T20:18:23+00:00,FORM_144,,"FIVE BELOW, INC.",proposed sale $204K,203583,,https://www.sec.gov/Archives/edgar/data/2061853/000195004726009280/0001950047-26-009280-index.htm,LOW
2026-09-10T20:18:24+00:00,FORM_144,,"CHIME FINANCIAL, INC.",proposed sale $1.77M,1773661,,https://www.sec.gov/Archives/edgar/data/1795586/000195004726009279/0001950047-26-009279-index.htm,LOW
2026-09-10T20:18:24+00:00,FORM_144,,MODINE MANUFACTURING COMPANY,proposed sale $776K,776371,,https://www.sec.gov/Archives/edgar/data/1729366/000195004726009278/0001950047-26-009278-index.htm,LOW
2026-09-10T20:18:24+00:00,FORM_144,,ANTERIX INC.,proposed sale $679K,678997,,https://www.sec.gov/Archives/edgar/data/2090798/000195004726009277/0001950047-26-009277-index.htm,LOW
2026-09-10T20:18:25+00:00,FORM_144,,"Zoom Communications, Inc.",proposed sale $248K,248141,,https://www.sec.gov/Archives/edgar/data/1814012/000195004726009276/0001950047-26-009276-index.htm,LOW
2026-09-10T20:18:25+00:00,FORM_144,,JAZZ PHARMACEUTICALS PUBLIC LIMITED COMPANY,proposed sale $289K,289128,,https://www.sec.gov/Archives/edgar/data/1783908/000195004726009275/0001950047-26-009275-index.htm,LOW
2026-09-10T20:18:25+00:00,FORM_144,,"CHIME FINANCIAL, INC.",proposed sale $3.10M,3099035,,https://www.sec.gov/Archives/edgar/data/1795586/000195004726009274/0001950047-26-009274-index.htm,LOW
2026-09-10T20:18:26+00:00,FORM_144,,"DEXCOM, INC.",proposed sale $303K,302936,,https://www.sec.gov/Archives/edgar/data/1681267/000195004726009273/0001950047-26-009273-index.htm,LOW
2026-09-10T20:18:26+00:00,FORM_144,,LUMENTUM HOLDINGS INC.,proposed sale $481K,480720,,https://www.sec.gov/Archives/edgar/data/1633978/000195004726009272/0001950047-26-009272-index.htm,LOW
2026-09-10T20:18:26+00:00,FORM_144,,"DOCUSIGN, INC.",proposed sale $35K,35400,,https://www.sec.gov/Archives/edgar/data/1767659/000195004726009271/0001950047-26-009271-index.htm,LOW
2026-09-10T20:18:27+00:00,FORM_144,,SEAGATE TECHNOLOGY HOLDINGS PUBLIC LIMITED COMPANY,proposed sale $570K,570239,,https://www.sec.gov/Archives/edgar/data/1801425/000195004726009270/0001950047-26-009270-index.htm,LOW
2026-09-10T20:18:27+00:00,FORM_144,,"NETAPP, INC.",proposed sale $185K,184740,,https://www.sec.gov/Archives/edgar/data/1911064/000195004726009269/0001950047-26-009269-index.htm,LOW
2026-09-10T20:18:28+00:00,FORM_144,,"BARK, INC.",proposed sale $24K,24125,,https://www.sec.gov/Archives/edgar/data/1819574/000195004726009268/0001950047-26-009268-index.htm,LOW
2026-09-10T20:18:28+00:00,FORM_144,,IMAX Corp,proposed sale $1.16M,1160577,,https://www.sec.gov/Archives/edgar/data/1255900/000162828026061323/0001628280-26-061323-index.htm,LOW
2026-09-10T20:18:28+00:00,FORM_144,,"OOMA, INC.",proposed sale $58K,57546,,https://www.sec.gov/Archives/edgar/data/1932872/000195004726009267/0001950047-26-009267-index.htm,LOW
2026-09-10T20:18:29+00:00,FORM_144,,THE MARZETTI COMPANY,proposed sale $101K,100512,,https://www.sec.gov/Archives/edgar/data/1974988/000195004726009266/0001950047-26-009266-index.htm,LOW
2026-09-10T20:18:29+00:00,FORM_144,,Oportun Financial Corp,proposed sale $22K,22075,,https://www.sec.gov/Archives/edgar/data/1853965/000192109426001006/0001921094-26-001006-index.htm,LOW
2026-09-10T20:18:29+00:00,FORM_144,,"HOULIHAN LOKEY, INC.",proposed sale $140K,140145,,https://www.sec.gov/Archives/edgar/data/1649160/000195004726009264/0001950047-26-009264-index.htm,LOW
2026-09-10T20:18:30+00:00,FORM_144,,LIGAND PHARMACEUTICALS INCORPORATED,proposed sale $342K,342000,,https://www.sec.gov/Archives/edgar/data/1994049/000195004726009263/0001950047-26-009263-index.htm,LOW
2026-09-10T20:18:30+00:00,FORM_144,,Kanzhun Limited,proposed sale $3.09M,3085440,,https://www.sec.gov/Archives/edgar/data/1982580/000110465926106700/0001104659-26-106700-index.htm,LOW
2026-09-10T20:18:31+00:00,FORM_144,,Unum Group,proposed sale $206K,206361,,https://www.sec.gov/Archives/edgar/data/1943150/000195917326006861/0001959173-26-006861-index.htm,LOW
2026-09-10T20:18:31+00:00,FORM_144,,Oportun Financial Corp,proposed sale $33K,32927,,https://www.sec.gov/Archives/edgar/data/1985638/000192109426001005/0001921094-26-001005-index.htm,LOW
2026-09-10T20:18:32+00:00,FORM_144,,REALTY INCOME CORP,proposed sale $209K,209010,,https://www.sec.gov/Archives/edgar/data/1403051/000196530126000139/0001965301-26-000139-index.htm,LOW
2026-09-10T20:18:32+00:00,FORM_144,,TFS Financial CORP,proposed sale $170K,170400,,https://www.sec.gov/Archives/edgar/data/1921069/000195917326006860/0001959173-26-006860-index.htm,LOW
2026-09-10T20:18:32+00:00,FORM_144,,TENET HEALTHCARE CORP,proposed sale $2.63M,2634155,,https://www.sec.gov/Archives/edgar/data/1190100/000195917326006859/0001959173-26-006859-index.htm,LOW
2026-09-10T20:18:33+00:00,FORM_144,,CME Group,proposed sale $4.12M,4125000,,https://www.sec.gov/Archives/edgar/data/1212809/000162828026061313/0001628280-26-061313-index.htm,LOW
2026-09-10T20:42:55+00:00,FORM_144,,OMADA HEALTH INC,proposed sale $322K,321640,,https://www.sec.gov/Archives/edgar/data/2069522/000195004726009297/0001950047-26-009297-index.htm,LOW
2026-09-10T20:42:55+00:00,FORM_144,,"BANC OF CALIFORNIA, INC.",proposed sale $196K,196439,,https://www.sec.gov/Archives/edgar/data/1778395/000196530126000140/0001965301-26-000140-index.htm,LOW
2026-09-10T20:42:56+00:00,FORM_144,,"Live Oak Bancshares, Inc.",proposed sale $387K,387484,,https://www.sec.gov/Archives/edgar/data/1462120/000195917326006865/0001959173-26-006865-index.htm,LOW
2026-09-10T20:42:56+00:00,FORM_144,,REVOLUTION MEDICINES INC,proposed sale $3.21M,3208240,,https://www.sec.gov/Archives/edgar/data/2124509/000195004726009296/0001950047-26-009296-index.htm,LOW
2026-09-10T20:42:56+00:00,FORM_144,,"CANDEL THERAPEUTICS, INC.",proposed sale $3.41M,3410581,,https://www.sec.gov/Archives/edgar/data/1873905/000195004726009295/0001950047-26-009295-index.htm,LOW
2026-09-10T20:42:57+00:00,FORM_144,,"Everpure, Inc.",proposed sale $4.85M,4853000,,https://www.sec.gov/Archives/edgar/data/1651902/000195004726009294/0001950047-26-009294-index.htm,LOW
2026-09-10T20:42:57+00:00,FORM_144,,"Everpure, Inc.",proposed sale $4.85M,4853000,,https://www.sec.gov/Archives/edgar/data/1651902/000195004726009293/0001950047-26-009293-index.htm,LOW
2026-09-10T20:42:57+00:00,FORM_144,,TRAVERE THERAPEUTICS INC,proposed sale $1.32M,1324400,,https://www.sec.gov/Archives/edgar/data/1506916/000195004726009292/0001950047-26-009292-index.htm,LOW
2026-09-10T20:42:58+00:00,FORM_144,,ALIGNMENT HEALTHCARE INC,proposed sale $6.51M,6515000,,https://www.sec.gov/Archives/edgar/data/1832466/000195004726009291/0001950047-26-009291-index.htm,LOW
2026-09-10T20:42:58+00:00,FORM_144,,"SENTINELONE, INC.",proposed sale $158K,158299,,https://www.sec.gov/Archives/edgar/data/1608511/000195004726009290/0001950047-26-009290-index.htm,LOW
2026-09-10T20:42:58+00:00,FORM_144,,WEALTHFRONT CORPORATION,proposed sale $378K,378400,,https://www.sec.gov/Archives/edgar/data/1524566/000195004726009289/0001950047-26-009289-index.htm,LOW
2026-09-10T20:42:59+00:00,FORM_144,,"MAGNITE, INC.",proposed sale $236K,235800,,https://www.sec.gov/Archives/edgar/data/1595974/000195004726009288/0001950047-26-009288-index.htm,LOW
2026-09-10T20:42:59+00:00,FORM_144,,"MAGNITE, INC.",proposed sale $1.41M,1414800,,https://www.sec.gov/Archives/edgar/data/1807986/000195004726009287/0001950047-26-009287-index.htm,LOW
2026-09-10T20:42:59+00:00,FORM_144,,"Amplitude, Inc.",proposed sale $2.28M,2275219,,https://www.sec.gov/Archives/edgar/data/1882913/000195917326006864/0001959173-26-006864-index.htm,LOW
2026-09-10T20:43:00+00:00,FORM_144,,"Heartflow, Inc.",proposed sale $1.63M,1625104,,https://www.sec.gov/Archives/edgar/data/1900415/000195917326006863/0001959173-26-006863-index.htm,LOW
2026-09-10T20:43:00+00:00,FORM_144,,"SCANSOURCE, INC.",proposed sale $1.11M,1109823,,https://www.sec.gov/Archives/edgar/data/1251456/000196430626000436/0001964306-26-000436-index.htm,LOW
2026-09-10T20:43:00+00:00,FORM_144,,ELASTIC N.V.,proposed sale $528K,528236,,https://www.sec.gov/Archives/edgar/data/1753445/000195004726009286/0001950047-26-009286-index.htm,LOW
2026-09-10T20:43:01+00:00,FORM_144,,"HOME DEPOT, INC.",proposed sale $207K,206512,,https://www.sec.gov/Archives/edgar/data/1650122/000162828026061372/0001628280-26-061372-index.htm,LOW
2026-09-10T20:43:01+00:00,FORM_144,,"Pediatrix Medical Group, Inc.",proposed sale $161K,160736,,https://www.sec.gov/Archives/edgar/data/1543891/000162828026061367/0001628280-26-061367-index.htm,LOW
2026-09-10T20:43:01+00:00,FORM_144,,LivaNova PLC,proposed sale $273K,273032,,https://www.sec.gov/Archives/edgar/data/1656080/000196430626000435/0001964306-26-000435-index.htm,LOW
2026-09-10T20:43:02+00:00,FORM_144,,"HAMILTON INSURANCE GROUP, LTD.",proposed sale $984K,984181,,https://www.sec.gov/Archives/edgar/data/2094343/000195004726009285/0001950047-26-009285-index.htm,LOW
2026-09-10T20:43:02+00:00,FORM_144,,JPMORGAN CHASE & CO.,proposed sale $882K,882026,,https://www.sec.gov/Archives/edgar/data/1726825/000172682526000010/0001726825-26-000010-index.htm,LOW
2026-09-10T20:43:02+00:00,FORM_144,,Flowco Holdings Inc.,proposed sale $26K,25707,,https://www.sec.gov/Archives/edgar/data/2049797/000195779926000173/0001957799-26-000173-index.htm,LOW
2026-09-10T20:43:03+00:00,FORM_144,,"Barfresh Food Groups, Inc.",proposed sale $7K,7475,,https://www.sec.gov/Archives/edgar/data/1905960/000196858226000945/0001968582-26-000945-index.htm,LOW
2026-09-10T20:43:03+00:00,FORM_144,,CADENCE DESIGN SYSTEMS INC,proposed sale $286K,285510,,https://www.sec.gov/Archives/edgar/data/1494211/000196858226000944/0001968582-26-000944-index.htm,LOW
2026-09-10T20:43:03+00:00,FORM_144,,ZIM Integrated Shipping Services Ltd.,proposed sale $86K,86311,,https://www.sec.gov/Archives/edgar/data/2135058/000197640826000834/0001976408-26-000834-index.htm,LOW
2026-09-10T20:43:04+00:00,FORM_144,,Par Pacific Holdings Inc,proposed sale $921K,921131,,https://www.sec.gov/Archives/edgar/data/1612285/000162828026061353/0001628280-26-061353-index.htm,LOW
2026-09-10T20:52:43+00:00,FORM_144,,"Ibotta, Inc.",proposed sale $661K,661216,,https://www.sec.gov/Archives/edgar/data/1873513/000195917326006869/0001959173-26-006869-index.htm,LOW
2026-09-10T20:52:44+00:00,FORM_144,,PHARVARIS N.V.,proposed sale $1.15M,1149084,,https://www.sec.gov/Archives/edgar/data/1973705/000195004726009312/0001950047-26-009312-index.htm,LOW
2026-09-10T20:52:44+00:00,FORM_144,,"Ibotta, Inc.",proposed sale $805K,804867,,https://www.sec.gov/Archives/edgar/data/1873513/000195917326006868/0001959173-26-006868-index.htm,LOW
2026-09-10T20:52:44+00:00,FORM_144,,PHINIA INC.,proposed sale $83K,83372,,https://www.sec.gov/Archives/edgar/data/1981185/000195917326006867/0001959173-26-006867-index.htm,LOW
2026-09-10T20:52:45+00:00,FORM_144,,"TG THERAPEUTICS, INC.",proposed sale $275K,274794,,https://www.sec.gov/Archives/edgar/data/1407451/000195917326006866/0001959173-26-006866-index.htm,LOW
2026-09-10T20:52:45+00:00,FORM_144,,VELOCITY FINANCIAL INC,proposed sale $36K,36220,,https://www.sec.gov/Archives/edgar/data/1794812/000195004726009311/0001950047-26-009311-index.htm,LOW
2026-09-10T20:52:45+00:00,FORM_144,,"Hinge Health, Inc.",proposed sale $5.07M,5073274,,https://www.sec.gov/Archives/edgar/data/1673743/000195004726009310/0001950047-26-009310-index.htm,LOW
2026-09-10T20:52:46+00:00,FORM_144,,"Hinge Health, Inc.",proposed sale $9.13M,9131000,,https://www.sec.gov/Archives/edgar/data/2063236/000195004726009309/0001950047-26-009309-index.htm,LOW
2026-09-10T20:52:46+00:00,FORM_144,,"Hinge Health, Inc.",proposed sale $13.70M,13696500,,https://www.sec.gov/Archives/edgar/data/2063236/000195004726009308/0001950047-26-009308-index.htm,LOW
2026-09-10T20:52:47+00:00,FORM_144,,"WORKDAY, INC.",proposed sale $18.75M,18750119,,https://www.sec.gov/Archives/edgar/data/1327811/000195004726009307/0001950047-26-009307-index.htm,LOW
2026-09-10T20:52:47+00:00,FORM_144,,"Everpure, Inc.",proposed sale $6.79M,6794200,,https://www.sec.gov/Archives/edgar/data/1474432/000195004726009306/0001950047-26-009306-index.htm,LOW
2026-09-10T20:52:47+00:00,FORM_144,,YUANBAO INC,proposed sale $4.42M,4418186,,https://www.sec.gov/Archives/edgar/data/2096587/000195004726009305/0001950047-26-009305-index.htm,LOW
2026-09-10T20:52:48+00:00,FORM_144,,PITNEY BOWES INC,proposed sale $172K,171700,,https://www.sec.gov/Archives/edgar/data/1512662/000195004726009304/0001950047-26-009304-index.htm,LOW
2026-09-10T20:52:48+00:00,FORM_144,,MannKind Corporation,proposed sale $132K,132218,,https://www.sec.gov/Archives/edgar/data/1712601/000195004726009303/0001950047-26-009303-index.htm,LOW
2026-09-10T20:52:48+00:00,FORM_144,,"Robinhood Markets, Inc.",proposed sale $5.00M,5000039,,https://www.sec.gov/Archives/edgar/data/1966647/000195004726009302/0001950047-26-009302-index.htm,LOW
2026-09-10T20:52:49+00:00,FORM_144,,"ADVANCED MICRO DEVICES, INC.",proposed sale $36.48M,36476650,,https://www.sec.gov/Archives/edgar/data/1405109/000195004726009301/0001950047-26-009301-index.htm,LOW
2026-09-10T20:52:49+00:00,FORM_144,,"ADVANCED MICRO DEVICES, INC.",proposed sale $13.03M,13027375,,https://www.sec.gov/Archives/edgar/data/1405109/000195004726009300/0001950047-26-009300-index.htm,LOW
2026-09-10T20:52:49+00:00,FORM_144,,DROPBOX INC,proposed sale $13.28M,13275642,,https://www.sec.gov/Archives/edgar/data/1734563/000195004726009299/0001950047-26-009299-index.htm,LOW
2026-09-10T20:52:50+00:00,FORM_144,,DROPBOX INC,proposed sale $3.37M,3374531,,https://www.sec.gov/Archives/edgar/data/1807571/000195004726009298/0001950047-26-009298-index.htm,LOW
2026-09-10T21:14:09+00:00,INSIDER_BUY,CLPR,Clipper Realty Inc.,Levinson Sam $388K,388130,2,https://www.sec.gov/Archives/edgar/data/1649096/000153949726002474/0001539497-26-002474-index.htm,MEDIUM
2026-09-10T21:14:17+00:00,FORM_144,,"L3Harris Technologies, Inc.",proposed sale $5.44M,5443276,,https://www.sec.gov/Archives/edgar/data/1194001/000195824426000587/0001958244-26-000587-index.htm,LOW
2026-09-10T21:14:18+00:00,FORM_144,,"Weyco Group, Inc.",proposed sale $13K,12936,,https://www.sec.gov/Archives/edgar/data/1692581/000195824426000586/0001958244-26-000586-index.htm,LOW
2026-09-10T21:14:18+00:00,FORM_144,,"Fluent, Inc.",proposed sale $75K,75000,,https://www.sec.gov/Archives/edgar/data/1950328/000143774926030094/0001437749-26-030094-index.htm,LOW
2026-09-10T21:14:19+00:00,FORM_144,,TransUnion,proposed sale $1.79M,1793099,,https://www.sec.gov/Archives/edgar/data/1687957/000195917326006870/0001959173-26-006870-index.htm,LOW
2026-09-10T21:14:19+00:00,FORM_144,,"PACS Group, Inc.",proposed sale $11.21M,11209985,,https://www.sec.gov/Archives/edgar/data/2014386/000196922326001015/0001969223-26-001015-index.htm,LOW
2026-09-10T21:25:46+00:00,FORM_144,,AARDVARK THERAPEUTICS INC,proposed sale $211K,210787,,https://www.sec.gov/Archives/edgar/data/2045377/000195004726009316/0001950047-26-009316-index.htm,LOW
2026-09-10T21:25:46+00:00,FORM_144,,"Omada Health, Inc.",proposed sale $146K,146200,,https://www.sec.gov/Archives/edgar/data/2067605/000195004726009315/0001950047-26-009315-index.htm,LOW
2026-09-10T21:25:46+00:00,FORM_144,,"Omada Health, Inc.",proposed sale $87K,86774,,https://www.sec.gov/Archives/edgar/data/2069137/000195004726009314/0001950047-26-009314-index.htm,LOW
2026-09-10T21:25:47+00:00,FORM_144,,"IonQ, Inc.",proposed sale $668K,668328,,https://www.sec.gov/Archives/edgar/data/1824920/000119312526388055/0001193125-26-388055-index.htm,LOW
2026-09-10T21:25:47+00:00,FORM_144,,"IonQ, Inc.",proposed sale $260K,259926,,https://www.sec.gov/Archives/edgar/data/1824920/000119312526388054/0001193125-26-388054-index.htm,LOW
2026-09-10T21:25:47+00:00,FORM_144,,"IonQ, Inc.",proposed sale $185K,184744,,https://www.sec.gov/Archives/edgar/data/1824920/000119312526388053/0001193125-26-388053-index.htm,LOW
2026-09-10T21:25:48+00:00,FORM_144,,"IonQ, Inc.",proposed sale $254K,253504,,https://www.sec.gov/Archives/edgar/data/2013580/000119312526388052/0001193125-26-388052-index.htm,LOW
2026-09-10T21:35:43+00:00,FORM_144,,"Health Catalyst, Inc.",proposed sale $59K,59023,,https://www.sec.gov/Archives/edgar/data/2086403/000162828026061426/0001628280-26-061426-index.htm,LOW
2026-09-10T21:35:43+00:00,FORM_144,,DORIAN LPG LTD.,proposed sale $650K,649585,,https://www.sec.gov/Archives/edgar/data/1638233/000195004726009317/0001950047-26-009317-index.htm,LOW
2026-09-10T21:46:03+00:00,FORM_144,,"MarketAxess Holdings, Inc.",proposed sale $1.01M,1006335,,https://www.sec.gov/Archives/edgar/data/1591033/000196858226000946/0001968582-26-000946-index.htm,LOW
2026-09-10T21:54:11+00:00,INSIDER_CLUSTER,BRN,BARNWELL INDUSTRIES INC,Horowitz Joshua $10K,10436,2,https://www.sec.gov/Archives/edgar/data/1612424/000110465926106783/0001104659-26-106783-index.htm,HIGH
2026-09-10T21:54:13+00:00,FORM_144,,"Chime Financial, Inc.",proposed sale $19.69M,19685035,,https://www.sec.gov/Archives/edgar/data/1795586/000162828026061431/0001628280-26-061431-index.htm,LOW
2026-09-10T21:54:14+00:00,FORM_144,,"Chime Financial, Inc.",proposed sale $130K,130080,,https://www.sec.gov/Archives/edgar/data/1795586/000162828026061430/0001628280-26-061430-index.htm,LOW
2026-09-10T21:54:14+00:00,FORM_144,,"Chime Financial, Inc.",proposed sale $200K,200148,,https://www.sec.gov/Archives/edgar/data/1795586/000162828026061429/0001628280-26-061429-index.htm,LOW
2026-09-10T22:18:22+00:00,INSIDER_CLUSTER,GME,GameStop Corp.,Attal Alain $100K,100000,0,https://www.sec.gov/Archives/edgar/data/1840485/000184048526000006/0001840485-26-000006-index.htm,HIGH
2026-09-10T22:18:32+00:00,INSIDER_CLUSTER,GME,GameStop Corp.,Cohen Ryan $20.38M,20375900,0,https://www.sec.gov/Archives/edgar/data/1767470/000092189526002531/0000921895-26-002531-index.htm,HIGH
2026-09-10T22:18:33+00:00,FORM_144,,UNIVERSAL ELECTRONICS INC,proposed sale $2.12M,2123240,,https://www.sec.gov/Archives/edgar/data/1970265/000092189526002532/0000921895-26-002532-index.htm,LOW
2026-09-10T22:18:34+00:00,FORM_144,,Dorian LPG Ltd.,proposed sale $268K,268150,,https://www.sec.gov/Archives/edgar/data/1638215/000196858226000947/0001968582-26-000947-index.htm,LOW
2026-09-10T22:41:21+00:00,INSIDER_BUY,QVCG,"QVC Group, Inc.",GOLDENTREE ASSET MANAGEMENT LP $26.00M,26000000,2,https://www.sec.gov/Archives/edgar/data/1435627/000149315226042256/0001493152-26-042256-index.htm,HIGH
2026-09-10T22:58:02+00:00,FORM_144,,TEEKAY CORP LTD,proposed sale $163K,163119,,https://www.sec.gov/Archives/edgar/data/1977117/000197711726000009/0001977117-26-000009-index.htm,LOW
2026-09-10T23:09:44+00:00,FORM_144,,Kinetik Holdings Inc.,proposed sale $317K,316528,,https://www.sec.gov/Archives/edgar/data/1904934/000090514826004135/0000905148-26-004135-index.htm,LOW
2026-09-10T23:20:56+00:00,INSIDER_BUY,UPST,"Upstart Holdings, Inc.",Gu Paul $1.28M,1277500,0,https://www.sec.gov/Archives/edgar/data/1832812/000183281226000010/0001832812-26-000010-index.htm,MEDIUM
2026-09-10T23:40:28+00:00,FORM_144,,Seagate Technology Holdings plc,proposed sale $2.58M,2579258,,https://www.sec.gov/Archives/edgar/data/1388390/000138839026000010/0001388390-26-000010-index.htm,LOW
2026-09-10T23:40:28+00:00,FORM_144,,Seagate Technology Holdings plc,proposed sale $1.22M,1220263,,https://www.sec.gov/Archives/edgar/data/1764650/000176465026000006/0001764650-26-000006-index.htm,LOW
2026-09-10T23:48:35+00:00,FORM_144,,Seagate Technology Holdings plc,proposed sale $518K,518022,,https://www.sec.gov/Archives/edgar/data/1988271/000198827126000008/0001988271-26-000008-index.htm,LOW
2026-09-11T00:11:26+00:00,INSIDER_BUY,SNES,"SenesTech, Inc.",Edell Michael $2K,1740,1,https://www.sec.gov/Archives/edgar/data/1680378/000162828026061448/0001628280-26-061448-index.htm,HIGH
2026-09-11T00:11:28+00:00,INSIDER_CLUSTER,PRTS,"CarParts.com, Inc.",Huffaker Michael $133K,133295,0,https://www.sec.gov/Archives/edgar/data/1956633/000114036126036239/0001140361-26-036239-index.htm,HIGH
2026-09-11T00:11:29+00:00,INSIDER_CLUSTER,PRTS,"CarParts.com, Inc.",Meniane David $133K,133295,0,https://www.sec.gov/Archives/edgar/data/1770720/000114036126036237/0001140361-26-036237-index.htm,HIGH
2026-09-11T00:33:24+00:00,FORM_144,,BlackSky Technology Inc.,proposed sale $1.17M,1172312,,https://www.sec.gov/Archives/edgar/data/1753539/000175353926000140/0001753539-26-000140-index.htm,LOW
2026-09-11T00:48:25+00:00,FORM_144,,BlackSky Technology Inc.,proposed sale $272K,271846,,https://www.sec.gov/Archives/edgar/data/1753539/000140095426000007/0001400954-26-000007-index.htm,LOW
2026-09-11T00:48:25+00:00,FORM_144,,BlackSky Technology Inc,proposed sale $318K,317743,,https://www.sec.gov/Archives/edgar/data/1753539/000134998326000007/0001349983-26-000007-index.htm,LOW
2026-09-11T01:10:29+00:00,FORM_144,,"Light & Wonder, Inc.",proposed sale $329K,329119,,https://www.sec.gov/Archives/edgar/data/1830349/000095015726001000/0000950157-26-001000-index.htm,LOW
2026-09-11T10:12:18+00:00,FORM_144,,"Black Rock Coffee Bar, Inc.",proposed sale $710K,709600,,https://www.sec.gov/Archives/edgar/data/2083544/000149315226042284/0001493152-26-042284-index.htm,LOW
2026-09-11T10:12:18+00:00,FORM_144,,"Black Rock Coffee Bar, Inc.",proposed sale $266K,266100,,https://www.sec.gov/Archives/edgar/data/2129986/000149315226042277/0001493152-26-042277-index.htm,LOW
2026-09-11T11:39:10+00:00,INSIDER_BUY,RLMD,"RELMADA THERAPEUTICS, INC.",Shenouda Maged $844K,843990,2,https://www.sec.gov/Archives/edgar/data/1658369/000121390026098970/0001213900-26-098970-index.htm,MEDIUM
2026-09-11T11:39:11+00:00,INSIDER_CLUSTER,RLMD,"RELMADA THERAPEUTICS, INC.",TRAVERSA SERGIO $828K,828000,2,https://www.sec.gov/Archives/edgar/data/1565832/000121390026098969/0001213900-26-098969-index.htm,HIGH
2026-09-11T12:59:26+00:00,INSIDER_CLUSTER,RGCO,RGC RESOURCES INC,Nester Paul W $11K,10650,1,https://www.sec.gov/Archives/edgar/data/1549797/000143774926030121/0001437749-26-030121-index.htm,HIGH
2026-09-11T13:14:36+00:00,INSIDER_CLUSTER,CYBN,CYBIN INC.,Glavine Paul $1.25M,1247190,3,https://www.sec.gov/Archives/edgar/data/2118509/000091228226001264/0000912282-26-001264-index.htm,HIGH
2026-09-11T13:14:38+00:00,INSIDER_CLUSTER,CYBN,CYBIN INC.,Glavine Paul $1.25M,1247190,3,https://www.sec.gov/Archives/edgar/data/2118509/000091228226001263/0000912282-26-001263-index.htm,HIGH
2026-09-11T13:14:39+00:00,INSIDER_CLUSTER,CYBN,CYBIN INC.,So Eric H. L. $1.24M,1238670,3,https://www.sec.gov/Archives/edgar/data/2116526/000091228226001261/0000912282-26-001261-index.htm,HIGH
2026-09-11T13:29:28+00:00,INSIDER_CLUSTER,KMT,KENNAMETAL INC,Chowbey Sanjay $204K,203700,1,https://www.sec.gov/Archives/edgar/data/1782435/000178243526000003/0001782435-26-000003-index.htm,HIGH
2026-09-11T13:53:24+00:00,FORM_144,,LITHIA MOTORS INC,proposed sale $28K,27804,,https://www.sec.gov/Archives/edgar/data/1382319/000195917326006872/0001959173-26-006872-index.htm,LOW
2026-09-11T13:53:24+00:00,FORM_144,,"Gold.com, Inc.",proposed sale $119K,118675,,https://www.sec.gov/Archives/edgar/data/1591588/000195917326006871/0001959173-26-006871-index.htm,LOW
2026-09-11T14:19:38+00:00,FORM_144,,"ZIMMER BIOMET HOLDINGS, INC.",proposed sale $529K,528978,,https://www.sec.gov/Archives/edgar/data/1783992/000195917326006874/0001959173-26-006874-index.htm,LOW
2026-09-11T14:19:38+00:00,FORM_144,,"Kodiak Gas Services, Inc.",proposed sale $63K,63210,,https://www.sec.gov/Archives/edgar/data/1971854/000195917326006873/0001959173-26-006873-index.htm,LOW
2026-09-11T14:33:15+00:00,FORM_144,,Immunome Inc.,proposed sale $334K,334224,,https://www.sec.gov/Archives/edgar/data/1993684/000195917326006875/0001959173-26-006875-index.htm,LOW
2026-09-11T14:33:16+00:00,FORM_144,,enVVeno Medical Corp,proposed sale $123,123,,https://www.sec.gov/Archives/edgar/data/1760582/000194984626000579/0001949846-26-000579-index.htm,LOW
2026-09-11T14:46:54+00:00,FORM_144,,"Klaviyo, Inc.",proposed sale $37K,37085,,https://www.sec.gov/Archives/edgar/data/1835830/000195917326006878/0001959173-26-006878-index.htm,LOW
2026-09-11T14:46:55+00:00,FORM_144,,NOVANTA INC,proposed sale $98K,97858,,https://www.sec.gov/Archives/edgar/data/1552961/000195917326006877/0001959173-26-006877-index.htm,LOW
2026-09-11T14:46:55+00:00,FORM_144,,SYSCO CORP,proposed sale $80K,79680,,https://www.sec.gov/Archives/edgar/data/1861524/000195917326006876/0001959173-26-006876-index.htm,LOW
2026-09-11T15:09:48+00:00,FORM_144,,"AtriCure, Inc.",proposed sale $285K,285095,,https://www.sec.gov/Archives/edgar/data/1653877/000195917326006879/0001959173-26-006879-index.htm,LOW
2026-09-11T15:47:33+00:00,FORM_144,,"Life Time Group Holdings, Inc.",proposed sale $6.51M,6506304,,https://www.sec.gov/Archives/edgar/data/1884996/000195917326006881/0001959173-26-006881-index.htm,LOW
2026-09-11T15:47:33+00:00,FORM_144,,Dell Technologies Inc.,proposed sale $21.14M,21137621,,https://www.sec.gov/Archives/edgar/data/2110325/000195917326006880/0001959173-26-006880-index.htm,LOW
2026-09-11T16:10:25+00:00,FORM_144,,"Cencora, Inc.",proposed sale $430K,430300,,https://www.sec.gov/Archives/edgar/data/1774724/000195917326006883/0001959173-26-006883-index.htm,LOW
2026-09-11T16:10:26+00:00,FORM_144,,Dell Technologies Inc.,proposed sale $3.29M,3285330,,https://www.sec.gov/Archives/edgar/data/1680902/000195917326006882/0001959173-26-006882-index.htm,LOW
2026-09-11T16:39:18+00:00,FORM_144,,NETSCOUT SYSTEMS INC,proposed sale $266K,266000,,https://www.sec.gov/Archives/edgar/data/1570744/000195917326006884/0001959173-26-006884-index.htm,LOW
2026-09-11T16:39:19+00:00,FORM_144,,PLUG POWER INC,proposed sale $30K,29553,,https://www.sec.gov/Archives/edgar/data/2085249/000100027526000107/0001000275-26-000107-index.htm,LOW
2026-09-11T16:49:58+00:00,INSIDER_CLUSTER,BRID,BRIDGFORD FOODS CORP,Bridgford Allan Jr. $3K,2716,2,https://www.sec.gov/Archives/edgar/data/1534107/000149315226042340/0001493152-26-042340-index.htm,HIGH
2026-09-11T16:50:00+00:00,FORM_144,,International Stem Cell CORP,proposed sale $12K,11808,,https://www.sec.gov/Archives/edgar/data/1355790/000194984626000580/0001949846-26-000580-index.htm,LOW
2026-09-11T16:50:01+00:00,FORM_144,,"Accel Entertainment, Inc.",proposed sale $475K,475000,,https://www.sec.gov/Archives/edgar/data/1794002/000162828026061487/0001628280-26-061487-index.htm,LOW
2026-09-11T16:50:01+00:00,FORM_144,,"American Financial Group, Inc.",proposed sale $198K,198310,,https://www.sec.gov/Archives/edgar/data/1105805/000119312526388927/0001193125-26-388927-index.htm,LOW
2026-09-11T16:58:05+00:00,INSIDER_CLUSTER,LUCK,Lucky Strike Entertainment Corp,Bass Robert J $3K,3267,1,https://www.sec.gov/Archives/edgar/data/1840572/000162828026061489/0001628280-26-061489-index.htm,HIGH
2026-09-11T16:58:07+00:00,FORM_144,,EOG RESOURCES INC,proposed sale $1.09M,1085728,,https://www.sec.gov/Archives/edgar/data/1376006/000195917326006885/0001959173-26-006885-index.htm,LOW
2026-09-11T17:23:09+00:00,FORM_144,,"Inhibrx Biosciences, Inc.",proposed sale $56K,55887,,https://www.sec.gov/Archives/edgar/data/2007919/000195917326006886/0001959173-26-006886-index.htm,LOW
2026-09-11T17:23:09+00:00,FORM_144,,"Accel Entertainmet, Inc.",proposed sale $475K,475000,,https://www.sec.gov/Archives/edgar/data/1794002/000162828026061492/0001628280-26-061492-index.htm,LOW
2026-09-11T17:43:53+00:00,INSIDER_CLUSTER,GROV,"Grove Collaborative Holdings, Inc.",Landesberg Stuart $5K,5067,2,https://www.sec.gov/Archives/edgar/data/1930721/000184176126000098/0001841761-26-000098-index.htm,HIGH
2026-09-11T18:17:13+00:00,INSIDER_BUY,TNON,"Tenon Medical, Inc.",HRT FINANCIAL LP $383K,382985,3,https://www.sec.gov/Archives/edgar/data/1560293/000147559726000240/0001475597-26-000240-index.htm,MEDIUM
2026-09-11T18:17:21+00:00,FORM_144,,PHINIA INC.,proposed sale $203K,202942,,https://www.sec.gov/Archives/edgar/data/1968915/000195917326006891/0001959173-26-006891-index.htm,LOW
2026-09-11T18:17:22+00:00,FORM_144,,LPL Financial Holdings Inc.,proposed sale $153K,153049,,https://www.sec.gov/Archives/edgar/data/2059598/000195917326006890/0001959173-26-006890-index.htm,LOW
2026-09-11T18:17:22+00:00,FORM_144,,COMMVAULT SYSTEMS INC,proposed sale $201K,201443,,https://www.sec.gov/Archives/edgar/data/1669918/000195917326006889/0001959173-26-006889-index.htm,LOW
2026-09-11T18:17:22+00:00,FORM_144,,OppFi Inc.,proposed sale $69K,69365,,https://www.sec.gov/Archives/edgar/data/1874038/000195917326006888/0001959173-26-006888-index.htm,LOW
2026-09-11T18:17:23+00:00,FORM_144,,"Warner Bros. Discovery, Inc.",proposed sale $188K,188002,,https://www.sec.gov/Archives/edgar/data/1437107/000195917326006887/0001959173-26-006887-index.htm,LOW
2026-09-11T18:34:32+00:00,FORM_144,,VIVMARK RESIDENTIAL,proposed sale $5.31M,5310874,,https://www.sec.gov/Archives/edgar/data/1414146/000195917326006892/0001959173-26-006892-index.htm,LOW
2026-09-11T18:46:51+00:00,FORM_144,,Evolv Technologies Holdings,proposed sale $250K,250000,,https://www.sec.gov/Archives/edgar/data/1996777/000162828026061515/0001628280-26-061515-index.htm,LOW
2026-09-11T19:19:12+00:00,INSIDER_CLUSTER,RGCO,RGC RESOURCES INC,JOHNSTON ROBERT B $8K,7898,1,https://www.sec.gov/Archives/edgar/data/1280855/000143774926030160/0001437749-26-030160-index.htm,HIGH
2026-09-11T19:19:15+00:00,INSIDER_CLUSTER,RGCO,RGC RESOURCES INC,WILLIAMSON JOHN B III $28K,27914,2,https://www.sec.gov/Archives/edgar/data/1238836/000143774926030157/0001437749-26-030157-index.htm,HIGH
2026-09-11T19:19:18+00:00,FORM_144,,"Teladoc Health, Inc.",proposed sale $109K,108683,,https://www.sec.gov/Archives/edgar/data/1477449/000195917326006894/0001959173-26-006894-index.htm,LOW
2026-09-11T19:19:18+00:00,FORM_144,,Invesco Ltd.,proposed sale $97K,97321,,https://www.sec.gov/Archives/edgar/data/1197233/000195917326006893/0001959173-26-006893-index.htm,LOW
2026-09-11T19:30:02+00:00,FORM_144,,"UNIVERSAL INSURANCE HOLDINGS, INC.",proposed sale $876K,876000,,https://www.sec.gov/Archives/edgar/data/1287040/000197407826000352/0001974078-26-000352-index.htm,LOW
2026-09-11T19:30:02+00:00,FORM_144,,Fortrea Holdings Inc.,proposed sale $18K,17692,,https://www.sec.gov/Archives/edgar/data/1979544/000195917326006895/0001959173-26-006895-index.htm,LOW
2026-09-11T19:40:57+00:00,FORM_144,,TTM TECHNOLOGIES INC,proposed sale $99K,99122,,https://www.sec.gov/Archives/edgar/data/1982399/000195917326006896/0001959173-26-006896-index.htm,LOW
2026-09-11T19:48:52+00:00,FORM_144,,GEO GROUP INC,proposed sale $371K,370931,,https://www.sec.gov/Archives/edgar/data/1943913/000195917326006897/0001959173-26-006897-index.htm,LOW
2026-09-11T20:09:14+00:00,FORM_144,,LUMENTUM HOLDINGS INC.,proposed sale $472K,472205,,https://www.sec.gov/Archives/edgar/data/1633978/000195004726009324/0001950047-26-009324-index.htm,LOW
2026-09-11T20:09:15+00:00,FORM_144,,"HAMILTON INSURANCE GROUP, LTD.",proposed sale $989K,988582,,https://www.sec.gov/Archives/edgar/data/2094343/000195004726009323/0001950047-26-009323-index.htm,LOW
2026-09-11T20:09:15+00:00,FORM_144,,GATX CORPORATION,proposed sale $444K,443991,,https://www.sec.gov/Archives/edgar/data/1989421/000195004726009322/0001950047-26-009322-index.htm,LOW
2026-09-11T20:09:15+00:00,FORM_144,,"Sera Prognostics, Inc.",proposed sale $972,972,,https://www.sec.gov/Archives/edgar/data/2091798/000209179826000007/0002091798-26-000007-index.htm,LOW
2026-09-11T20:09:16+00:00,FORM_144,,"Sera Prognostics, Inc.",proposed sale $4K,3600,,https://www.sec.gov/Archives/edgar/data/2072324/000207232426000009/0002072324-26-000009-index.htm,LOW
2026-09-11T20:09:16+00:00,FORM_144,,"Sera Prognostics, Inc.",proposed sale $3K,3018,,https://www.sec.gov/Archives/edgar/data/1979974/000197997426000014/0001979974-26-000014-index.htm,LOW
2026-09-11T20:09:16+00:00,FORM_144,,"Sera Prognostics, Inc.",proposed sale $14K,14045,,https://www.sec.gov/Archives/edgar/data/1891299/000189129926000015/0001891299-26-000015-index.htm,LOW
2026-09-11T20:09:17+00:00,FORM_144,,"Sera Prognostics, Inc.",proposed sale $4K,4380,,https://www.sec.gov/Archives/edgar/data/1779964/000177996426000009/0001779964-26-000009-index.htm,LOW
2026-09-11T20:09:17+00:00,FORM_144,,Flowco Holdings Inc.,proposed sale $103K,103242,,https://www.sec.gov/Archives/edgar/data/2049797/000195779926000174/0001957799-26-000174-index.htm,LOW
2026-09-11T20:09:17+00:00,FORM_144,,"NetApp, Inc.",proposed sale $1.11M,1106919,,https://www.sec.gov/Archives/edgar/data/1251445/000196858226000949/0001968582-26-000949-index.htm,LOW
2026-09-11T20:09:18+00:00,FORM_144,,"Amylyx Pharmaceuticals, Inc.",proposed sale $980K,980264,,https://www.sec.gov/Archives/edgar/data/1898314/000119312526389247/0001193125-26-389247-index.htm,LOW
2026-09-11T20:09:18+00:00,FORM_144,,"Amylyx Pharmaceuticals, Inc.",proposed sale $350K,349821,,https://www.sec.gov/Archives/edgar/data/1658551/000119312526389246/0001193125-26-389246-index.htm,LOW
2026-09-11T20:09:18+00:00,FORM_144,,"Amylyx Pharmaceuticals, Inc.",proposed sale $325K,324868,,https://www.sec.gov/Archives/edgar/data/1658551/000119312526389245/0001193125-26-389245-index.htm,LOW
2026-09-11T20:09:19+00:00,FORM_144,,"Amylyx Pharmaceuticals, Inc.",proposed sale $310K,309506,,https://www.sec.gov/Archives/edgar/data/1913765/000119312526389244/0001193125-26-389244-index.htm,LOW
2026-09-11T20:09:19+00:00,FORM_144,,"Amylyx Pharmaceuticals, Inc.",proposed sale $981K,980504,,https://www.sec.gov/Archives/edgar/data/1898644/000119312526389243/0001193125-26-389243-index.htm,LOW
2026-09-11T20:23:35+00:00,FORM_144,,Hewlett Packard Enterprise Company,proposed sale $41.41M,41415000,,https://www.sec.gov/Archives/edgar/data/1648401/000196858226000950/0001968582-26-000950-index.htm,LOW
2026-09-11T20:23:35+00:00,FORM_144,,PEGASYSTEMS INC.,proposed sale $252K,252210,,https://www.sec.gov/Archives/edgar/data/1855325/000195004726009342/0001950047-26-009342-index.htm,LOW
2026-09-11T20:23:35+00:00,FORM_144,,DAVE Inc,proposed sale $13.20M,13200702,,https://www.sec.gov/Archives/edgar/data/1867755/000196922326001018/0001969223-26-001018-index.htm,LOW
2026-09-11T20:23:36+00:00,FORM_144,,PEGASYSTEMS INC.,proposed sale $1.42M,1417437,,https://www.sec.gov/Archives/edgar/data/1680115/000195004726009341/0001950047-26-009341-index.htm,LOW
2026-09-11T20:23:36+00:00,FORM_144,,"ARS PHARMACEUTICALS, INC.",proposed sale $177K,176995,,https://www.sec.gov/Archives/edgar/data/1671858/000195004726009340/0001950047-26-009340-index.htm,LOW
2026-09-11T20:23:36+00:00,FORM_144,,"YEXT, INC.",proposed sale $192K,191661,,https://www.sec.gov/Archives/edgar/data/1614178/000195004726009339/0001950047-26-009339-index.htm,LOW
2026-09-11T20:23:37+00:00,FORM_144,,DESIGNER BRANDS INC.,proposed sale $11K,10823,,https://www.sec.gov/Archives/edgar/data/1533646/000195004726009338/0001950047-26-009338-index.htm,LOW
2026-09-11T20:23:37+00:00,FORM_144,,"AMBIQ MICRO, INC.",proposed sale $634K,634361,,https://www.sec.gov/Archives/edgar/data/1500412/000195004726009337/0001950047-26-009337-index.htm,LOW
2026-09-11T20:23:37+00:00,FORM_144,,"Getty Images Holdings, Inc.",proposed sale $3.56M,3563250,,https://www.sec.gov/Archives/edgar/data/1898496/000110465926107064/0001104659-26-107064-index.htm,LOW
2026-09-11T20:23:38+00:00,FORM_144,,"CHIME FINANCIAL, INC.",proposed sale $5.30M,5298201,,https://www.sec.gov/Archives/edgar/data/2047214/000195004726009336/0001950047-26-009336-index.htm,LOW
2026-09-11T20:23:38+00:00,FORM_144,,"CHIME FINANCIAL, INC.",proposed sale $1.84M,1839428,,https://www.sec.gov/Archives/edgar/data/1795586/000195004726009335/0001950047-26-009335-index.htm,LOW
2026-09-11T20:23:38+00:00,FORM_144,,"CHIME FINANCIAL, INC.",proposed sale $3.21M,3213947,,https://www.sec.gov/Archives/edgar/data/1795586/000195004726009334/0001950047-26-009334-index.htm,LOW
2026-09-11T20:23:39+00:00,FORM_144,,COHERENT CORP.,proposed sale $1.63M,1626310,,https://www.sec.gov/Archives/edgar/data/1741413/000195004726009333/0001950047-26-009333-index.htm,LOW
2026-09-11T20:23:39+00:00,FORM_144,,Fortrea Holdings Inc.,proposed sale $18K,17692,,https://www.sec.gov/Archives/edgar/data/1979544/000195917326006898/0001959173-26-006898-index.htm,LOW
2026-09-11T20:23:39+00:00,FORM_144,,"DELEK US HOLDINGS, INC.",proposed sale $227K,227115,,https://www.sec.gov/Archives/edgar/data/1694426/000195004726009332/0001950047-26-009332-index.htm,LOW
2026-09-11T20:23:40+00:00,FORM_144,,"AMBIQ MICRO, INC.",proposed sale $3.17M,3167995,,https://www.sec.gov/Archives/edgar/data/2078454/000195004726009331/0001950047-26-009331-index.htm,LOW
2026-09-11T20:23:40+00:00,FORM_144,,"DISC MEDICINE, INC.",proposed sale $1.90M,1902504,,https://www.sec.gov/Archives/edgar/data/1816736/000195004726009330/0001950047-26-009330-index.htm,LOW
2026-09-11T20:23:40+00:00,FORM_144,,"Corebridge Financial, Inc.",proposed sale $306K,305760,,https://www.sec.gov/Archives/edgar/data/1923231/000196922326001017/0001969223-26-001017-index.htm,LOW
2026-09-11T20:23:41+00:00,FORM_144,,"ARS PHARMACEUTICALS, INC.",proposed sale $70K,69761,,https://www.sec.gov/Archives/edgar/data/1951287/000195004726009329/0001950047-26-009329-index.htm,LOW
2026-09-11T20:23:41+00:00,FORM_144,,CORVEL CORP,proposed sale $2.04M,2040817,,https://www.sec.gov/Archives/edgar/data/1256520/000196922326001016/0001969223-26-001016-index.htm,LOW
2026-09-11T20:23:41+00:00,FORM_144,,"AEYE, INC.",proposed sale $10K,10147,,https://www.sec.gov/Archives/edgar/data/1818644/000195004726009328/0001950047-26-009328-index.htm,LOW
2026-09-11T20:23:42+00:00,FORM_144,,VIAVI SOLUTIONS INC.,proposed sale $430K,429864,,https://www.sec.gov/Archives/edgar/data/1619901/000195004726009327/0001950047-26-009327-index.htm,LOW
2026-09-11T20:23:42+00:00,FORM_144,,"TRUPANION, INC.",proposed sale $25K,25000,,https://www.sec.gov/Archives/edgar/data/1657025/000195004726009326/0001950047-26-009326-index.htm,LOW
2026-09-11T20:23:42+00:00,FORM_144,,"MAGNITE, INC.",proposed sale $336K,335928,,https://www.sec.gov/Archives/edgar/data/1700262/000195004726009325/0001950047-26-009325-index.htm,LOW
2026-09-11T20:35:15+00:00,FORM_144,,DROPBOX INC,proposed sale $1.01M,1009440,,https://www.sec.gov/Archives/edgar/data/2060166/000195004726009364/0001950047-26-009364-index.htm,LOW
2026-09-11T20:35:15+00:00,FORM_144,,"8x8, INC.",proposed sale $17K,17168,,https://www.sec.gov/Archives/edgar/data/1956959/000195004726009363/0001950047-26-009363-index.htm,LOW
2026-09-11T20:35:16+00:00,FORM_144,,"BLOCK, INC.",proposed sale $480K,479760,,https://www.sec.gov/Archives/edgar/data/1933928/000195004726009362/0001950047-26-009362-index.htm,LOW
2026-09-11T20:35:16+00:00,FORM_144,,"ANI PHARMACEUTICALS, INC",proposed sale $71K,71460,,https://www.sec.gov/Archives/edgar/data/1819879/000195004726009361/0001950047-26-009361-index.htm,LOW
2026-09-11T20:35:16+00:00,FORM_144,,"MADRIGAL PHARMACEUTICALS, INC.",proposed sale $2.78M,2783419,,https://www.sec.gov/Archives/edgar/data/1518611/000195004726009360/0001950047-26-009360-index.htm,LOW
2026-09-11T20:35:17+00:00,FORM_144,,"Datadog, Inc.",proposed sale $2.82M,2815844,,https://www.sec.gov/Archives/edgar/data/1783061/000195004726009359/0001950047-26-009359-index.htm,LOW
2026-09-11T20:35:17+00:00,FORM_144,,"8X8, INC.",proposed sale $194K,194241,,https://www.sec.gov/Archives/edgar/data/1532808/000195004726009358/0001950047-26-009358-index.htm,LOW
2026-09-11T20:35:18+00:00,FORM_144,,SEAGATE TECHNOLOGY HLDNGS PLC,proposed sale $43.55M,43545940,,https://www.sec.gov/Archives/edgar/data/1764650/000195004726009357/0001950047-26-009357-index.htm,LOW
2026-09-11T20:35:18+00:00,FORM_144,,LOGITECH INTERNATIONAL S.A.,proposed sale $1.65M,1648448,,https://www.sec.gov/Archives/edgar/data/1475223/000195004726009356/0001950047-26-009356-index.htm,LOW
2026-09-11T20:35:18+00:00,FORM_144,,"Axon Enterprise, Inc.",proposed sale $487K,486990,,https://www.sec.gov/Archives/edgar/data/2104464/000195004726009355/0001950047-26-009355-index.htm,LOW
2026-09-11T20:35:19+00:00,FORM_144,,"Revolution Medicines, Inc.",proposed sale $18.82M,18816178,,https://www.sec.gov/Archives/edgar/data/1628171/000195004726009354/0001950047-26-009354-index.htm,LOW
2026-09-11T20:35:19+00:00,FORM_144,,Viking Holdings Ltd,proposed sale $1.68M,1680200,,https://www.sec.gov/Archives/edgar/data/2028238/000195004726009353/0001950047-26-009353-index.htm,LOW
2026-09-11T20:35:19+00:00,FORM_144,,"Datadog, Inc.",proposed sale $2.60M,2596341,,https://www.sec.gov/Archives/edgar/data/1903980/000195004726009352/0001950047-26-009352-index.htm,LOW
2026-09-11T20:35:20+00:00,FORM_144,,UIPATH INC,proposed sale $1.63M,1627491,,https://www.sec.gov/Archives/edgar/data/1855778/000195004726009351/0001950047-26-009351-index.htm,LOW
2026-09-11T20:35:20+00:00,FORM_144,,"CISCO SYSTEMS, INC.",proposed sale $193K,192854,,https://www.sec.gov/Archives/edgar/data/2080779/000195004726009350/0001950047-26-009350-index.htm,LOW
2026-09-11T20:35:20+00:00,FORM_144,,SOPHIA GENETICS SA,proposed sale $47K,46938,,https://www.sec.gov/Archives/edgar/data/2006414/000195004726009349/0001950047-26-009349-index.htm,LOW
2026-09-11T20:35:21+00:00,FORM_144,,"Hinge Health, Inc.",proposed sale $35.30M,35304000,,https://www.sec.gov/Archives/edgar/data/2062781/000195004726009348/0001950047-26-009348-index.htm,LOW
2026-09-11T20:35:21+00:00,FORM_144,,"Accendra Health, Inc.",proposed sale $11.58M,11584899,,https://www.sec.gov/Archives/edgar/data/1409751/000119312526389327/0001193125-26-389327-index.htm,LOW
2026-09-11T20:35:21+00:00,FORM_144,,"CYTOKINETICS, INCORPORATED",proposed sale $147K,147240,,https://www.sec.gov/Archives/edgar/data/1585160/000195004726009347/0001950047-26-009347-index.htm,LOW
2026-09-11T20:35:21+00:00,FORM_144,,"Okta, Inc.",proposed sale $436K,436159,,https://www.sec.gov/Archives/edgar/data/2053652/000195004726009346/0001950047-26-009346-index.htm,LOW
2026-09-11T20:35:22+00:00,FORM_144,,"NATERA, INC.",proposed sale $65.23M,65228000,,https://www.sec.gov/Archives/edgar/data/1646382/000195004726009345/0001950047-26-009345-index.htm,LOW
2026-09-11T20:35:22+00:00,FORM_144,,"Cinemark Holdings, Inc.",proposed sale $2.04M,2040127,,https://www.sec.gov/Archives/edgar/data/1428595/000192109426001009/0001921094-26-001009-index.htm,LOW
2026-09-11T20:35:23+00:00,FORM_144,,Integer Holdings Corp,proposed sale $3.98M,3980348,,https://www.sec.gov/Archives/edgar/data/1726955/000194984626000581/0001949846-26-000581-index.htm,LOW
2026-09-11T20:35:23+00:00,FORM_144,,"Sprout Social, Inc.",proposed sale $431K,430775,,https://www.sec.gov/Archives/edgar/data/1791816/000195917326006901/0001959173-26-006901-index.htm,LOW
2026-09-11T20:35:23+00:00,FORM_144,,"CHIME FINANCIAL, INC.",proposed sale $662K,661866,,https://www.sec.gov/Archives/edgar/data/1820725/000195004726009344/0001950047-26-009344-index.htm,LOW
2026-09-11T20:35:24+00:00,FORM_144,,"Ulta Beauty, Inc.",proposed sale $322K,322388,,https://www.sec.gov/Archives/edgar/data/1411457/000192109426001008/0001921094-26-001008-index.htm,LOW
2026-09-11T20:35:24+00:00,FORM_144,,"Korro Bio, Inc.",proposed sale $69,68,,https://www.sec.gov/Archives/edgar/data/2053835/000195917326006900/0001959173-26-006900-index.htm,LOW
2026-09-11T20:35:24+00:00,FORM_144,,Oportun Financial Corp,proposed sale $22K,22293,,https://www.sec.gov/Archives/edgar/data/1853965/000192109426001007/0001921094-26-001007-index.htm,LOW
2026-09-11T20:35:25+00:00,FORM_144,,"LINCOLN ELECTRIC HOLDINGS, INC.",proposed sale $3.45M,3450833,,https://www.sec.gov/Archives/edgar/data/1747301/000195004726009343/0001950047-26-009343-index.htm,LOW
2026-09-11T20:35:25+00:00,FORM_144,,Varex Imaging Corp,proposed sale $2.40M,2400074,,https://www.sec.gov/Archives/edgar/data/1681622/000195917326006899/0001959173-26-006899-index.htm,LOW
2026-09-11T20:46:59+00:00,FORM_144,,"ALEXANDRIA REAL ESTATE EQUITIES, INC.",proposed sale $849K,849125,,https://www.sec.gov/Archives/edgar/data/1919198/000195917326006905/0001959173-26-006905-index.htm,LOW
2026-09-11T20:47:00+00:00,FORM_144,,"TELEPHONE AND DATA SYSTEMS, INC.",proposed sale $2.89M,2888482,,https://www.sec.gov/Archives/edgar/data/1051512/000195004726009370/0001950047-26-009370-index.htm,LOW
2026-09-11T20:47:01+00:00,FORM_144,,Amalgamated Financial Corp.,proposed sale $4.00M,3998630,,https://www.sec.gov/Archives/edgar/data/2008869/000090266426003794/0000902664-26-003794-index.htm,LOW
2026-09-11T20:47:01+00:00,FORM_144,,"Delek US Holdings, Inc.",proposed sale $407K,407096,,https://www.sec.gov/Archives/edgar/data/2130310/000195917326006904/0001959173-26-006904-index.htm,LOW
2026-09-11T20:47:02+00:00,FORM_144,,Bandwidth Inc.,proposed sale $369K,368666,,https://www.sec.gov/Archives/edgar/data/1842470/000184247026000031/0001842470-26-000031-index.htm,LOW
2026-09-11T20:47:02+00:00,FORM_144,,"HAWKEYE 360, INC.",proposed sale $821K,820520,,https://www.sec.gov/Archives/edgar/data/1750704/000195004726009369/0001950047-26-009369-index.htm,LOW
2026-09-11T20:47:02+00:00,FORM_144,,"Blend Labs, Inc.",proposed sale $107K,106852,,https://www.sec.gov/Archives/edgar/data/2050301/000192109426001010/0001921094-26-001010-index.htm,LOW
2026-09-11T20:47:03+00:00,FORM_144,,"MYOMO, INC.",proposed sale $20K,20136,,https://www.sec.gov/Archives/edgar/data/1853204/000195004726009368/0001950047-26-009368-index.htm,LOW
2026-09-11T20:47:03+00:00,FORM_144,,"Groupon, Inc.",proposed sale $249K,249024,,https://www.sec.gov/Archives/edgar/data/1973423/000195917326006903/0001959173-26-006903-index.htm,LOW
2026-09-11T20:47:04+00:00,FORM_144,,GARRETT MOTION INC,proposed sale $365K,364808,,https://www.sec.gov/Archives/edgar/data/1860772/000195004726009367/0001950047-26-009367-index.htm,LOW
2026-09-11T20:47:04+00:00,FORM_144,,"SCANSOURCE, INC.",proposed sale $3.33M,3328776,,https://www.sec.gov/Archives/edgar/data/1251456/000196430626000438/0001964306-26-000438-index.htm,LOW
2026-09-11T20:47:04+00:00,FORM_144,,"RIVIAN AUTOMOTIVE, INC.",proposed sale $244K,244390,,https://www.sec.gov/Archives/edgar/data/1874178/000195004726009366/0001950047-26-009366-index.htm,LOW
2026-09-11T20:47:05+00:00,FORM_144,,Netskope Inc,proposed sale $158K,158252,,https://www.sec.gov/Archives/edgar/data/2063196/000162828026061575/0001628280-26-061575-index.htm,LOW
2026-09-11T20:47:05+00:00,FORM_144,,"Heartflow, Inc.",proposed sale $1.49M,1487459,,https://www.sec.gov/Archives/edgar/data/2079946/000195917326006902/0001959173-26-006902-index.htm,LOW
2026-09-11T20:47:06+00:00,FORM_144,,TEEKAY CORPORATION LTD,proposed sale $1.90M,1897596,,https://www.sec.gov/Archives/edgar/data/1976945/000195004726009365/0001950047-26-009365-index.htm,LOW
2026-09-11T20:47:06+00:00,FORM_144,,"PALVELLA THERAPEUTICS, INC.",proposed sale $4.14M,4135725,,https://www.sec.gov/Archives/edgar/data/1583648/000196794026000050/0001967940-26-000050-index.htm,LOW
2026-09-11T20:47:07+00:00,FORM_144,,"SCANSOURCE, INC.",proposed sale $174K,174000,,https://www.sec.gov/Archives/edgar/data/1438831/000196430626000437/0001964306-26-000437-index.htm,LOW
2026-09-11T20:56:04+00:00,FORM_144,,"Heartflow, Inc.",proposed sale $194K,194500,,https://www.sec.gov/Archives/edgar/data/1900415/000195917326006906/0001959173-26-006906-index.htm,LOW
2026-09-11T20:56:05+00:00,FORM_144,,AARDVARK THERAPEUTICS INC,proposed sale $170K,169894,,https://www.sec.gov/Archives/edgar/data/2045377/000195004726009373/0001950047-26-009373-index.htm,LOW
2026-09-11T20:56:05+00:00,FORM_144,,"Guardant Health, Inc.",proposed sale $632K,632193,,https://www.sec.gov/Archives/edgar/data/1927831/000192109426001011/0001921094-26-001011-index.htm,LOW
2026-09-11T20:56:05+00:00,FORM_144,,ADI GLOBAL DISTRIBUTION INC.,proposed sale $521K,520552,,https://www.sec.gov/Archives/edgar/data/2105139/000195004726009372/0001950047-26-009372-index.htm,LOW
2026-09-11T20:56:06+00:00,FORM_144,,"BARK, INC.",proposed sale $34K,33944,,https://www.sec.gov/Archives/edgar/data/1819574/000195004726009371/0001950047-26-009371-index.htm,LOW
2026-09-11T21:05:59+00:00,INSIDER_BUY,GREE,Vulcan Infrastructure & Power Inc.,Rogers George Ted III $5.00M,4999998,1,https://www.sec.gov/Archives/edgar/data/1881667/000162828026061590/0001628280-26-061590-index.htm,MEDIUM
2026-09-11T21:06:13+00:00,FORM_144,,CORVEL CORP,proposed sale $2.14M,2135826,,https://www.sec.gov/Archives/edgar/data/1256520/000196922326001019/0001969223-26-001019-index.htm,LOW
2026-09-11T21:06:13+00:00,FORM_144,,IBEX Ltd,proposed sale $649K,649008,,https://www.sec.gov/Archives/edgar/data/1974087/000100027526000108/0001000275-26-000108-index.htm,LOW
2026-09-11T21:06:14+00:00,FORM_144,,"Diamondback Energy, Inc.",proposed sale $15.32M,15323272,,https://www.sec.gov/Archives/edgar/data/1559933/000192109426001012/0001921094-26-001012-index.htm,LOW
2026-09-11T21:06:14+00:00,FORM_144,,"ROCKET PHARMACEUTICALS, INC.",proposed sale $256K,256486,,https://www.sec.gov/Archives/edgar/data/1704342/000195917326006908/0001959173-26-006908-index.htm,LOW
2026-09-11T21:06:14+00:00,FORM_144,,"ROCKET PHARMACEUTICALS, INC.",proposed sale $30K,30367,,https://www.sec.gov/Archives/edgar/data/1662170/000195917326006907/0001959173-26-006907-index.htm,LOW
2026-09-11T21:19:46+00:00,FORM_144,,LIQUIDIA CORPORATION,proposed sale $619K,619209,,https://www.sec.gov/Archives/edgar/data/1819576/000195004726009376/0001950047-26-009376-index.htm,LOW
2026-09-11T21:19:46+00:00,FORM_144,,Flywire Corporation,proposed sale $1.64M,1636994,,https://www.sec.gov/Archives/edgar/data/1862946/000196858226000953/0001968582-26-000953-index.htm,LOW
2026-09-11T21:19:46+00:00,FORM_144,,"CG ONCOLOGY, INC.",proposed sale $62K,61950,,https://www.sec.gov/Archives/edgar/data/2007090/000195004726009375/0001950047-26-009375-index.htm,LOW
2026-09-11T21:19:47+00:00,FORM_144,,"Korro Bio, Inc.",proposed sale $110K,110357,,https://www.sec.gov/Archives/edgar/data/1708269/000162828026061593/0001628280-26-061593-index.htm,LOW
2026-09-11T21:19:47+00:00,FORM_144,,"Korro Bio, Inc.",proposed sale $23K,22855,,https://www.sec.gov/Archives/edgar/data/1885327/000162828026061592/0001628280-26-061592-index.htm,LOW
2026-09-11T21:19:47+00:00,FORM_144,,"Fastly, Inc.",proposed sale $639K,639392,,https://www.sec.gov/Archives/edgar/data/1993556/000199355626000007/0001993556-26-000007-index.htm,LOW
2026-09-11T21:19:48+00:00,FORM_144,,"Fastly, Inc.",proposed sale $730K,729586,,https://www.sec.gov/Archives/edgar/data/2024441/000151741326000280/0001517413-26-000280-index.htm,LOW
2026-09-11T21:29:50+00:00,FORM_144,,Sea Limited,proposed sale $137.84M,137843200,,https://www.sec.gov/Archives/edgar/data/1966565/000196858226000955/0001968582-26-000955-index.htm,LOW
2026-09-11T21:29:51+00:00,FORM_144,,"Mission Produce, Inc",proposed sale $653K,653309,,https://www.sec.gov/Archives/edgar/data/1825803/000162828026061599/0001628280-26-061599-index.htm,LOW
2026-09-11T21:55:42+00:00,FORM_144,,"The Carlyle Group, Inc.",proposed sale $17.23M,17228000,,https://www.sec.gov/Archives/edgar/data/1543895/000196858226000956/0001968582-26-000956-index.htm,LOW
2026-09-11T22:20:16+00:00,FORM_144,,Oshkosh Corporation,proposed sale $2.11M,2105722,,https://www.sec.gov/Archives/edgar/data/1434515/000196858226000959/0001968582-26-000959-index.htm,LOW
2026-09-11T22:42:15+00:00,FORM_144,,Telos Corporation,proposed sale $936K,936000,,https://www.sec.gov/Archives/edgar/data/1872955/000196858226000961/0001968582-26-000961-index.htm,LOW
2026-09-11T22:42:16+00:00,FORM_144,,Cimpress plc,proposed sale $2.37M,2373560,,https://www.sec.gov/Archives/edgar/data/1337084/000195824426000588/0001958244-26-000588-index.htm,LOW
2026-09-11T22:50:04+00:00,FORM_144,,"Uber Technologies, Inc.",proposed sale $11.41M,11408391,,https://www.sec.gov/Archives/edgar/data/1775297/000196858226000963/0001968582-26-000963-index.htm,LOW
2026-09-11T22:50:05+00:00,FORM_144,,MOHAWK INDUSTRIES INC,proposed sale $436K,435568,,https://www.sec.gov/Archives/edgar/data/925177/000001179026000028/0000011790-26-000028-index.htm,LOW
2026-09-11T22:58:02+00:00,FORM_144,,"Weyco Group, Inc.",proposed sale $14K,13733,,https://www.sec.gov/Archives/edgar/data/1692581/000195824426000594/0001958244-26-000594-index.htm,LOW
2026-09-11T22:58:03+00:00,FORM_144,,"Castle Biosciences, Inc.",proposed sale $938K,938022,,https://www.sec.gov/Archives/edgar/data/1447362/000195824426000593/0001958244-26-000593-index.htm,LOW
2026-09-11T22:58:03+00:00,FORM_144,,QUALCOMM Incorporated,proposed sale $455K,454925,,https://www.sec.gov/Archives/edgar/data/1786420/000195824426000592/0001958244-26-000592-index.htm,LOW
2026-09-11T22:58:03+00:00,FORM_144,,"First Interstate BancSystem, Inc.",proposed sale $554K,553800,,https://www.sec.gov/Archives/edgar/data/1908962/000195824426000591/0001958244-26-000591-index.htm,LOW
2026-09-11T22:58:04+00:00,FORM_144,,"L3Harris Technologies, Inc.",proposed sale $4.42M,4419720,,https://www.sec.gov/Archives/edgar/data/1194001/000195824426000590/0001958244-26-000590-index.htm,LOW
2026-09-11T22:58:04+00:00,FORM_144,,"SentinelOne, Inc.",proposed sale $2.27M,2269077,,https://www.sec.gov/Archives/edgar/data/1866222/000195824426000589/0001958244-26-000589-index.htm,LOW
2026-09-11T22:58:05+00:00,FORM_144,,MOHAWK INDUSTRIES INC,proposed sale $40K,40081,,https://www.sec.gov/Archives/edgar/data/925177/000001179026000029/0000011790-26-000029-index.htm,LOW
2026-09-11T23:21:20+00:00,FORM_144,,"Q2 Holdings, Inc.",proposed sale $39K,38770,,https://www.sec.gov/Archives/edgar/data/1938943/000141038426000054/0001410384-26-000054-index.htm,LOW
2026-09-11T23:21:20+00:00,FORM_144,,Dell Technologies Inc.,proposed sale $819K,819204,,https://www.sec.gov/Archives/edgar/data/1672565/000119312526389534/0001193125-26-389534-index.htm,LOW
2026-09-11T23:21:21+00:00,FORM_144,,Dell Technologies Inc.,proposed sale $20.99M,20991293,,https://www.sec.gov/Archives/edgar/data/1737659/000119312526389532/0001193125-26-389532-index.htm,LOW
2026-09-11T23:21:21+00:00,FORM_144,,Dell Technologies Inc.,proposed sale $369K,369325,,https://www.sec.gov/Archives/edgar/data/1735863/000119312526389533/0001193125-26-389533-index.htm,LOW
2026-09-11T23:21:21+00:00,FORM_144,,MOHAWK INDUSTRIES INC,proposed sale $2.43M,2425816,,https://www.sec.gov/Archives/edgar/data/925177/000001179026000030/0000011790-26-000030-index.htm,LOW
2026-09-11T23:21:22+00:00,FORM_144,,Dell Technologies Inc.,proposed sale $963K,962578,,https://www.sec.gov/Archives/edgar/data/1651403/000119312526389531/0001193125-26-389531-index.htm,LOW
2026-09-11T23:21:22+00:00,FORM_144,,Dell Technologies Inc.,proposed sale $36.55M,36552126,,https://www.sec.gov/Archives/edgar/data/1767114/000119312526389530/0001193125-26-389530-index.htm,LOW
2026-09-11T23:21:22+00:00,FORM_144,,Dell Technologies Inc.,proposed sale $40.06M,40058950,,https://www.sec.gov/Archives/edgar/data/1571996/000119312526389529/0001193125-26-389529-index.htm,LOW
2026-09-12T00:58:05+00:00,FORM_144,,Aura Minerals Inc.,proposed sale $835K,835413,,https://www.sec.gov/Archives/edgar/data/2135147/000213514726000013/0002135147-26-000013-index.htm,LOW
2026-09-12T00:58:06+00:00,FORM_144,,"Ouster, Inc.",proposed sale $637K,637404,,https://www.sec.gov/Archives/edgar/data/1816581/000167714326000001/0001677143-26-000001-index.htm,LOW
2026-09-12T01:10:12+00:00,FORM_144,,Aura Minerals Inc.,proposed sale $6K,5822,,https://www.sec.gov/Archives/edgar/data/2126756/000212675626000007/0002126756-26-000007-index.htm,LOW
2026-09-12T01:10:12+00:00,FORM_144,,"Ouster, Inc.",proposed sale $361K,361478,,https://www.sec.gov/Archives/edgar/data/2117981/000211798126000001/0002117981-26-000001-index.htm,LOW
2026-09-12T01:10:13+00:00,FORM_144,,Aura Minerals Inc.,proposed sale $93K,93085,,https://www.sec.gov/Archives/edgar/data/2135151/000213515126000010/0002135151-26-000010-index.htm,LOW
2026-09-12T01:10:13+00:00,FORM_144,,"Ouster, Inc.",proposed sale $1.23M,1234695,,https://www.sec.gov/Archives/edgar/data/1848817/000184881726000001/0001848817-26-000001-index.htm,LOW
2026-09-12T01:10:13+00:00,FORM_144,,Aura Minerals Inc.,proposed sale $3.62M,3618813,,https://www.sec.gov/Archives/edgar/data/2135135/000213513526000011/0002135135-26-000011-index.htm,LOW
2026-09-12T01:10:14+00:00,FORM_144,,Aura Minerals Inc.,proposed sale $259K,259154,,https://www.sec.gov/Archives/edgar/data/2135137/000213513726000017/0002135137-26-000017-index.htm,LOW
2026-09-12T01:10:14+00:00,FORM_144,,Dave Inc./DE,proposed sale $14.03M,14028400,,https://www.sec.gov/Archives/edgar/data/1889438/000119312526389589/0001193125-26-389589-index.htm,LOW
2026-09-12T01:21:11+00:00,FORM_144,,Aura Minerals Inc.,proposed sale $146K,145555,,https://www.sec.gov/Archives/edgar/data/2126753/000212675326000013/0002126753-26-000013-index.htm,LOW
2026-09-12T01:21:11+00:00,FORM_144,,Aura Minerals Inc.,proposed sale $87K,87333,,https://www.sec.gov/Archives/edgar/data/2126754/000212675426000008/0002126754-26-000008-index.htm,LOW
2026-09-12T01:21:11+00:00,FORM_144,,Aura Minerals Inc.,proposed sale $420K,419869,,https://www.sec.gov/Archives/edgar/data/2126755/000212675526000014/0002126755-26-000014-index.htm,LOW
2026-09-12T01:21:12+00:00,FORM_144,,"Ouster, Inc.",proposed sale $520K,520436,,https://www.sec.gov/Archives/edgar/data/1816581/000122637826000001/0001226378-26-000001-index.htm,LOW
2026-09-12T01:31:16+00:00,FORM_144,,"Ouster, Inc.",proposed sale $763K,763033,,https://www.sec.gov/Archives/edgar/data/1847596/000184759626000001/0001847596-26-000001-index.htm,LOW
2026-09-12T01:31:16+00:00,FORM_144,,Aura Minerals Inc.,proposed sale $41K,40697,,https://www.sec.gov/Archives/edgar/data/2126751/000212675126000009/0002126751-26-000009-index.htm,LOW
2026-09-12T01:31:16+00:00,FORM_144,,Aura Minerals Inc.,proposed sale $1.09M,1093412,,https://www.sec.gov/Archives/edgar/data/2126752/000212675226000019/0002126752-26-000019-index.htm,LOW
2026-09-12T01:31:17+00:00,FORM_144,,Aura Minerals Inc.,proposed sale $23K,23288,,https://www.sec.gov/Archives/edgar/data/2137613/000213761326000005/0002137613-26-000005-index.htm,LOW
2026-09-12T01:31:17+00:00,FORM_144,,"Ouster, Inc.",proposed sale $467K,466638,,https://www.sec.gov/Archives/edgar/data/1966411/000196641126000001/0001966411-26-000001-index.htm,LOW
2026-09-12T01:42:50+00:00,FORM_144,,Aura Minerals Inc.,proposed sale $1.01M,1014666,,https://www.sec.gov/Archives/edgar/data/2126744/000212674426000010/0002126744-26-000010-index.htm,LOW
2026-09-12T01:42:50+00:00,FORM_144,,Aura Minerals Inc.,proposed sale $5K,4774,,https://www.sec.gov/Archives/edgar/data/2126748/000212674826000010/0002126748-26-000010-index.htm,LOW
2026-09-12T01:51:53+00:00,FORM_144,,Aura Minerals Inc.,proposed sale $14K,13565,,https://www.sec.gov/Archives/edgar/data/2152878/000215287826000001/0002152878-26-000001-index.htm,LOW
2026-09-12T01:59:48+00:00,INSIDER_CLUSTER,GPUS,"Hyperscale Data, Inc.",AULT MILTON C III $34K,33651,2,https://www.sec.gov/Archives/edgar/data/1734770/000121465926011648/0001214659-26-011648-index.htm,HIGH
2026-09-14T11:18:31+00:00,FORM_144,,FLEXSTEEL INDUSTRIES INC,proposed sale $8.78M,8779172,,https://www.sec.gov/Archives/edgar/data/1668493/000197337926000337/0001973379-26-000337-index.htm,LOW
2026-09-14T11:33:20+00:00,INSIDER_CLUSTER,ALP,Alpha Compute Corp,Villani Fiorenzo $35K,35455,5,https://www.sec.gov/Archives/edgar/data/1889272/000117184326006026/0001171843-26-006026-index.htm,HIGH
2026-09-14T11:33:21+00:00,INSIDER_CLUSTER,ALP,Alpha Compute Corp,Kaiser Brittany $50K,49997,5,https://www.sec.gov/Archives/edgar/data/1918874/000117184326006025/0001171843-26-006025-index.htm,HIGH
2026-09-14T12:15:39+00:00,INSIDER_CLUSTER,DOMH,Dominari Holdings Inc.,Wool Kyle Michael $209K,209190,4,https://www.sec.gov/Archives/edgar/data/1856536/000121390026099456/0001213900-26-099456-index.htm,HIGH
2026-09-14T13:24:23+00:00,INSIDER_CLUSTER,ANIX,Anixa Biosciences Inc,Titterton Lewis H jr $27K,27300,4,https://www.sec.gov/Archives/edgar/data/1499254/000149315226042502/0001493152-26-042502-index.htm,HIGH
2026-09-14T13:38:30+00:00,FORM_144,,Essent Group Ltd.,proposed sale $161K,160622,,https://www.sec.gov/Archives/edgar/data/1448893/000195917326006909/0001959173-26-006909-index.htm,LOW
2026-09-14T13:51:52+00:00,INSIDER_CLUSTER,ANIX,Anixa Biosciences Inc,KUMAR AMIT $8K,8250,4,https://www.sec.gov/Archives/edgar/data/1191905/000149315226042512/0001493152-26-042512-index.htm,HIGH
2026-09-14T13:51:55+00:00,FORM_144,,DEXCOM INC,proposed sale $130K,130231,,https://www.sec.gov/Archives/edgar/data/1238485/000195917326006910/0001959173-26-006910-index.htm,LOW
2026-09-14T14:18:16+00:00,FORM_144,,Stevanato Group SpA,proposed sale $276K,276255,,https://www.sec.gov/Archives/edgar/data/1981529/000119312526389972/0001193125-26-389972-index.htm,LOW
2026-09-14T14:35:02+00:00,FORM_144,,M&T BANK CORP,proposed sale $4.64M,4642432,,https://www.sec.gov/Archives/edgar/data/1245773/000195917326006911/0001959173-26-006911-index.htm,LOW
2026-09-14T14:50:39+00:00,FORM_144,,"Qorvo, Inc.",proposed sale $285K,285275,,https://www.sec.gov/Archives/edgar/data/1604778/000195917326006912/0001959173-26-006912-index.htm,LOW
2026-09-14T15:20:59+00:00,FORM_144,,"Health In Tech, Inc.",proposed sale $16K,16363,,https://www.sec.gov/Archives/edgar/data/2020283/000165495426008337/0001654954-26-008337-index.htm,LOW
2026-09-14T15:20:59+00:00,FORM_144,,"Life360, Inc.",proposed sale $334K,334011,,https://www.sec.gov/Archives/edgar/data/1696247/000195917326006914/0001959173-26-006914-index.htm,LOW
2026-09-14T15:21:00+00:00,FORM_144,,OOMA INC,proposed sale $1.16M,1163500,,https://www.sec.gov/Archives/edgar/data/1327688/000194984626000582/0001949846-26-000582-index.htm,LOW
2026-09-14T15:21:00+00:00,FORM_144,,RADIAN GROUP INC,proposed sale $281K,280763,,https://www.sec.gov/Archives/edgar/data/2112741/000195917326006913/0001959173-26-006913-index.htm,LOW
2026-09-14T15:35:45+00:00,FORM_144,,Par Pacific,proposed sale $322K,322246,,https://www.sec.gov/Archives/edgar/data/2059514/000162828026061767/0001628280-26-061767-index.htm,LOW
2026-09-14T15:35:45+00:00,FORM_144,,Willis Lease,proposed sale $1.69M,1685400,,https://www.sec.gov/Archives/edgar/data/1676532/000162828026061763/0001628280-26-061763-index.htm,LOW
2026-09-14T15:50:20+00:00,INSIDER_CLUSTER,GRNT,"Granite Ridge Resources, Inc.",Miller Matthew Reade $50K,50300,3,https://www.sec.gov/Archives/edgar/data/1951282/000162828026061771/0001628280-26-061771-index.htm,HIGH
2026-09-14T15:50:23+00:00,INSIDER_CLUSTER,CCFN,MUNCY COLUMBIA FINANCIAL Corp,Glunk Robert J $2K,2312,4,https://www.sec.gov/Archives/edgar/data/1548117/000117494726000869/0001174947-26-000869-index.htm,HIGH
2026-09-14T15:50:25+00:00,FORM_144,,STEALTHGAS INC.,proposed sale $353K,353250,,https://www.sec.gov/Archives/edgar/data/2036857/000119312526390068/0001193125-26-390068-index.htm,LOW
2026-09-14T15:58:50+00:00,FORM_144,,ATI INC,proposed sale $3.19M,3185490,,https://www.sec.gov/Archives/edgar/data/1776844/000195917326006916/0001959173-26-006916-index.htm,LOW
2026-09-14T15:58:51+00:00,FORM_144,,"BillionToOne, Inc.",proposed sale $523K,522536,,https://www.sec.gov/Archives/edgar/data/2088549/000195917326006915/0001959173-26-006915-index.htm,LOW
2026-09-14T16:13:44+00:00,FORM_144,,HNI CORP,proposed sale $26K,26476,,https://www.sec.gov/Archives/edgar/data/1378763/000162828026061779/0001628280-26-061779-index.htm,LOW
2026-09-14T16:13:44+00:00,FORM_144,,"PUMA BIOTECHNOLOGY, INC.",proposed sale $566K,565565,,https://www.sec.gov/Archives/edgar/data/1827015/000195917326006918/0001959173-26-006918-index.htm,LOW
2026-09-14T16:13:45+00:00,FORM_144,,"PUMA BIOTECHNOLOGY, INC.",proposed sale $46K,45500,,https://www.sec.gov/Archives/edgar/data/1589597/000195917326006917/0001959173-26-006917-index.htm,LOW
2026-09-14T16:28:54+00:00,FORM_144,,Essent Group Ltd.,proposed sale $172K,171550,,https://www.sec.gov/Archives/edgar/data/1448893/000195917326006920/0001959173-26-006920-index.htm,LOW
2026-09-14T16:28:55+00:00,FORM_144,,Varex Imaging Corp,proposed sale $150K,150076,,https://www.sec.gov/Archives/edgar/data/1681622/000195917326006919/0001959173-26-006919-index.htm,LOW
2026-09-14T17:06:54+00:00,FORM_144,,IBEX Ltd,proposed sale $433K,433482,,https://www.sec.gov/Archives/edgar/data/1974087/000100027526000109/0001000275-26-000109-index.htm,LOW
2026-09-14T17:06:54+00:00,FORM_144,,"Warner Bros. Discovery, Inc.",proposed sale $819K,819004,,https://www.sec.gov/Archives/edgar/data/1646563/000195917326006921/0001959173-26-006921-index.htm,LOW
2026-09-14T17:06:55+00:00,FORM_144,,Amalgamated Financial Corp.,proposed sale $1.50M,1498553,,https://www.sec.gov/Archives/edgar/data/1848228/000197407826000353/0001974078-26-000353-index.htm,LOW
2026-09-14T17:20:54+00:00,FORM_144,,WABASH NATIONAL Corp,proposed sale $122K,122500,,https://www.sec.gov/Archives/edgar/data/1759750/000195917326006922/0001959173-26-006922-index.htm,LOW
2026-09-14T17:20:54+00:00,FORM_144,,"Rent the Runway, Inc.",proposed sale $77K,76803,,https://www.sec.gov/Archives/edgar/data/1468327/000146832726000094/0001468327-26-000094-index.htm,LOW
2026-09-14T17:33:39+00:00,FORM_144,,"Coinbase Global, Inc.",proposed sale $2.49M,2489032,,https://www.sec.gov/Archives/edgar/data/1679788/000197407826000354/0001974078-26-000354-index.htm,LOW
2026-09-14T17:33:39+00:00,FORM_144,,American Strategic Investment Co.,proposed sale $160K,160000,,https://www.sec.gov/Archives/edgar/data/1595527/000162828026061791/0001628280-26-061791-index.htm,LOW
2026-09-14T17:46:51+00:00,FORM_144,,Wayfair Inc.,proposed sale $100K,100000,,https://www.sec.gov/Archives/edgar/data/1620052/000195917326006923/0001959173-26-006923-index.htm,LOW
2026-09-14T17:46:52+00:00,FORM_144,,Artesian Resources Corporation,proposed sale $497K,496860,,https://www.sec.gov/Archives/edgar/data/1208428/000196922326001020/0001969223-26-001020-index.htm,LOW
2026-09-14T18:09:10+00:00,FORM_144,,Wayfair Inc.,proposed sale $100K,100000,,https://www.sec.gov/Archives/edgar/data/1620093/000195917326006925/0001959173-26-006925-index.htm,LOW
2026-09-14T18:09:10+00:00,FORM_144,,ALERUS FINANCIAL CORP,proposed sale $20K,19963,,https://www.sec.gov/Archives/edgar/data/1989390/000195917326006924/0001959173-26-006924-index.htm,LOW
2026-09-14T18:09:11+00:00,FORM_144,,IBEX Ltd,proposed sale $91K,90960,,https://www.sec.gov/Archives/edgar/data/1974089/000100027526000110/0001000275-26-000110-index.htm,LOW
2026-09-14T18:09:11+00:00,FORM_144,,CORCEPT THERAPEUTICS INC,proposed sale $1.13M,1134423,,https://www.sec.gov/Archives/edgar/data/1817838/000197325126000037/0001973251-26-000037-index.htm,LOW
2026-09-14T18:26:49+00:00,FORM_144,,Ralliant Corp,proposed sale $849K,849119,,https://www.sec.gov/Archives/edgar/data/2041385/000195917326006928/0001959173-26-006928-index.htm,LOW
2026-09-14T18:26:49+00:00,FORM_144,,"Kodiak Gas Services, Inc.",proposed sale $169K,168788,,https://www.sec.gov/Archives/edgar/data/1971110/000195917326006927/0001959173-26-006927-index.htm,LOW
2026-09-14T18:26:49+00:00,FORM_144,,"Gold.com, Inc.",proposed sale $5.93M,5933701,,https://www.sec.gov/Archives/edgar/data/1591588/000195917326006926/0001959173-26-006926-index.htm,LOW
2026-09-14T18:43:26+00:00,FORM_144,,"Moderna, Inc.",proposed sale $5.81M,5807745,,https://www.sec.gov/Archives/edgar/data/1760669/000195917326006932/0001959173-26-006932-index.htm,LOW
2026-09-14T18:43:26+00:00,FORM_144,,AMC Global Media Inc.,proposed sale $132K,131543,,https://www.sec.gov/Archives/edgar/data/1880332/000195917326006931/0001959173-26-006931-index.htm,LOW
2026-09-14T18:43:27+00:00,FORM_144,,BOSTON OMAHA Corp,proposed sale $1.38M,1381597,,https://www.sec.gov/Archives/edgar/data/1689627/000195917326006930/0001959173-26-006930-index.htm,LOW
2026-09-14T18:43:27+00:00,FORM_144,,TENET HEALTHCARE CORP,proposed sale $3.21M,3212675,,https://www.sec.gov/Archives/edgar/data/1179100/000195917326006929/0001959173-26-006929-index.htm,LOW
2026-09-14T18:58:17+00:00,FORM_144,,"BrightSpring Health Services, Inc.",proposed sale $874K,874383,,https://www.sec.gov/Archives/edgar/data/2075158/000195917326006933/0001959173-26-006933-index.htm,LOW
2026-09-14T19:10:48+00:00,FORM_144,,DEVON ENERGY CORP/DE,proposed sale $344K,344238,,https://www.sec.gov/Archives/edgar/data/2053677/000195917326006935/0001959173-26-006935-index.htm,LOW
2026-09-14T19:10:48+00:00,FORM_144,,SYSCO CORP,proposed sale $5K,4806,,https://www.sec.gov/Archives/edgar/data/1861524/000195917326006934/0001959173-26-006934-index.htm,LOW
2026-09-14T19:25:13+00:00,FORM_144,,Hilton Worldwide Holdings Inc.,proposed sale $136K,136239,,https://www.sec.gov/Archives/edgar/data/1821096/000195917326006937/0001959173-26-006937-index.htm,LOW
2026-09-14T19:25:13+00:00,FORM_144,,BRADY CORP,proposed sale $391K,390659,,https://www.sec.gov/Archives/edgar/data/1964928/000195917326006936/0001959173-26-006936-index.htm,LOW
2026-09-14T19:37:40+00:00,INSIDER_CLUSTER,OFLX,"Omega Flex, Inc.",Moran Edwin B. $20K,20089,0,https://www.sec.gov/Archives/edgar/data/1827321/000131794526000011/0001317945-26-000011-index.htm,HIGH
2026-09-14T19:37:43+00:00,FORM_144,,Hilton Worldwide Holdings Inc.,proposed sale $2.26M,2258215,,https://www.sec.gov/Archives/edgar/data/1827369/000195917326006942/0001959173-26-006942-index.htm,LOW
2026-09-14T19:37:43+00:00,FORM_144,,Oklo Inc.,proposed sale $233K,233001,,https://www.sec.gov/Archives/edgar/data/2021774/000195917326006941/0001959173-26-006941-index.htm,LOW
2026-09-14T19:37:44+00:00,FORM_144,,"Century Therapeutics, Inc.",proposed sale $5K,4994,,https://www.sec.gov/Archives/edgar/data/1867305/000195917326006940/0001959173-26-006940-index.htm,LOW
2026-09-14T19:37:44+00:00,FORM_144,,"Century Therapeutics, Inc.",proposed sale $3K,3200,,https://www.sec.gov/Archives/edgar/data/1867173/000195917326006939/0001959173-26-006939-index.htm,LOW
2026-09-14T19:37:44+00:00,FORM_144,,"ROCKET PHARMACEUTICALS, INC.",proposed sale $23K,22730,,https://www.sec.gov/Archives/edgar/data/1662170/000195917326006938/0001959173-26-006938-index.htm,LOW
2026-09-14T19:47:27+00:00,FORM_144,,"Academy Sports & Outdoors, Inc.",proposed sale $1.38M,1379936,,https://www.sec.gov/Archives/edgar/data/1817358/000195917326006943/0001959173-26-006943-index.htm,LOW
2026-09-14T20:09:50+00:00,INSIDER_CLUSTER,SDHC,Smith Douglas Homes Corp.,Bradbury Thomas L $200K,199522,4,https://www.sec.gov/Archives/edgar/data/1992568/000162828026061831/0001628280-26-061831-index.htm,HIGH
2026-09-14T20:10:05+00:00,FORM_144,,"Academy Sports & Outdoors, Inc.",proposed sale $3.75M,3750665,,https://www.sec.gov/Archives/edgar/data/1817358/000195917326006944/0001959173-26-006944-index.htm,LOW
2026-09-14T20:10:06+00:00,FORM_144,,LUMENTUM HOLDINGS INC.,proposed sale $431K,431070,,https://www.sec.gov/Archives/edgar/data/1633978/000195004726009383/0001950047-26-009383-index.htm,LOW
2026-09-14T20:10:06+00:00,FORM_144,,MOHAWK INDUSTRIES INC,proposed sale $954K,953858,,https://www.sec.gov/Archives/edgar/data/925177/000001179026000031/0000011790-26-000031-index.htm,LOW
2026-09-14T20:10:07+00:00,FORM_144,,"Mineralys Therapeutics, Inc.",proposed sale $217K,216931,,https://www.sec.gov/Archives/edgar/data/1933414/000196430626000440/0001964306-26-000440-index.htm,LOW
2026-09-14T20:10:07+00:00,FORM_144,,"Blend Labs, Inc.",proposed sale $25K,25267,,https://www.sec.gov/Archives/edgar/data/1870974/000192109426001015/0001921094-26-001015-index.htm,LOW
2026-09-14T20:10:08+00:00,FORM_144,,"Xometry, Inc.",proposed sale $128K,127905,,https://www.sec.gov/Archives/edgar/data/2051034/000196922326001022/0001969223-26-001022-index.htm,LOW
2026-09-14T20:10:08+00:00,FORM_144,,ELASTIC N.V.,proposed sale $7.13M,7127583,,https://www.sec.gov/Archives/edgar/data/1753445/000195004726009382/0001950047-26-009382-index.htm,LOW
2026-09-14T20:10:08+00:00,FORM_144,,"Stitch Fix, Inc.",proposed sale $30K,29500,,https://www.sec.gov/Archives/edgar/data/2004694/000192109426001014/0001921094-26-001014-index.htm,LOW
2026-09-14T20:10:09+00:00,FORM_144,,CORVEL CORP,proposed sale $8.97M,8973628,,https://www.sec.gov/Archives/edgar/data/1256520/000196922326001021/0001969223-26-001021-index.htm,LOW
2026-09-14T20:10:09+00:00,FORM_144,,"Meta Platforms, Inc.",proposed sale $1.04M,1035925,,https://www.sec.gov/Archives/edgar/data/1564475/000192109426001013/0001921094-26-001013-index.htm,LOW
2026-09-14T20:10:10+00:00,FORM_144,,"Verisk Analytics, Inc.",proposed sale $1.01M,1008610,,https://www.sec.gov/Archives/edgar/data/1803783/000196430626000439/0001964306-26-000439-index.htm,LOW
2026-09-14T20:23:57+00:00,FORM_144,,"ConnectM Technology Solutions, Inc.",proposed sale $4K,3856,,https://www.sec.gov/Archives/edgar/data/1904506/000195004726009397/0001950047-26-009397-index.htm,LOW
2026-09-14T20:23:57+00:00,FORM_144,,"BARK, INC.",proposed sale $41K,40812,,https://www.sec.gov/Archives/edgar/data/1819574/000195004726009396/0001950047-26-009396-index.htm,LOW
2026-09-14T20:23:57+00:00,FORM_144,,MOHAWK INDUSTRIES INC,proposed sale $4.86M,4864677,,https://www.sec.gov/Archives/edgar/data/925177/000001179026000032/0000011790-26-000032-index.htm,LOW
2026-09-14T20:23:58+00:00,FORM_144,,"SHOULDER INNOVATIONS, INC.",proposed sale $188K,187706,,https://www.sec.gov/Archives/edgar/data/2070664/000195004726009395/0001950047-26-009395-index.htm,LOW
2026-09-14T20:23:58+00:00,FORM_144,,DEVON ENERGY CORP/DE,proposed sale $4.31M,4312367,,https://www.sec.gov/Archives/edgar/data/1887203/000195917326006947/0001959173-26-006947-index.htm,LOW
2026-09-14T20:23:58+00:00,FORM_144,,"AFFIRM HOLDINGS, INC.",proposed sale $1.95M,1947788,,https://www.sec.gov/Archives/edgar/data/1832806/000195004726009394/0001950047-26-009394-index.htm,LOW
2026-09-14T20:23:59+00:00,FORM_144,,"NWPX Infrastructure, Inc.",proposed sale $101K,101119,,https://www.sec.gov/Archives/edgar/data/1401658/000195917326006946/0001959173-26-006946-index.htm,LOW
2026-09-14T20:23:59+00:00,FORM_144,,EPSILON ENERGY LTD.,proposed sale $16K,16353,,https://www.sec.gov/Archives/edgar/data/1726126/000195004726009393/0001950047-26-009393-index.htm,LOW
2026-09-14T20:23:59+00:00,FORM_144,,"STARFIGHTERS SPACE, INC.",proposed sale $1.12M,1115264,,https://www.sec.gov/Archives/edgar/data/2101764/000195004726009392/0001950047-26-009392-index.htm,LOW
2026-09-14T20:24:00+00:00,FORM_144,,"EASTERN BANKSHARES, INC.",proposed sale $87K,87100,,https://www.sec.gov/Archives/edgar/data/1825604/000195004726009391/0001950047-26-009391-index.htm,LOW
2026-09-14T20:24:00+00:00,FORM_144,,"DOCUSIGN, INC.",proposed sale $37K,36716,,https://www.sec.gov/Archives/edgar/data/1753557/000195004726009390/0001950047-26-009390-index.htm,LOW
2026-09-14T20:24:00+00:00,FORM_144,,"FIVE BELOW, INC.",proposed sale $1.37M,1369445,,https://www.sec.gov/Archives/edgar/data/1177609/000195004726009389/0001950047-26-009389-index.htm,LOW
2026-09-14T20:24:01+00:00,FORM_144,,"Heartflow, Inc.",proposed sale $231K,230743,,https://www.sec.gov/Archives/edgar/data/2079946/000195917326006945/0001959173-26-006945-index.htm,LOW
2026-09-14T20:24:01+00:00,FORM_144,,INNODATA INC.,proposed sale $535K,535483,,https://www.sec.gov/Archives/edgar/data/1197984/000195004726009388/0001950047-26-009388-index.htm,LOW
2026-09-14T20:24:01+00:00,FORM_144,,HYATT HOTELS CORPORATION,proposed sale $222K,222407,,https://www.sec.gov/Archives/edgar/data/1849027/000195004726009387/0001950047-26-009387-index.htm,LOW
2026-09-14T20:24:01+00:00,FORM_144,,DESIGNER BRANDS INC.,proposed sale $113K,112697,,https://www.sec.gov/Archives/edgar/data/1533646/000195004726009386/0001950047-26-009386-index.htm,LOW
2026-09-14T20:24:02+00:00,FORM_144,,JFROG LTD.,proposed sale $110K,110475,,https://www.sec.gov/Archives/edgar/data/1800667/000195004726009385/0001950047-26-009385-index.htm,LOW
2026-09-14T20:24:02+00:00,FORM_144,,LIQUIDIA CORPORATION,proposed sale $560K,560242,,https://www.sec.gov/Archives/edgar/data/1819576/000195004726009384/0001950047-26-009384-index.htm,LOW
2026-09-14T20:36:52+00:00,FORM_144,,"CHIME FINANCIAL, INC.",proposed sale $3.25M,3252329,,https://www.sec.gov/Archives/edgar/data/1795586/000195004726009400/0001950047-26-009400-index.htm,LOW
2026-09-14T20:36:52+00:00,FORM_144,,"CHIME FINANCIAL, INC.",proposed sale $1.86M,1861395,,https://www.sec.gov/Archives/edgar/data/1795586/000195004726009399/0001950047-26-009399-index.htm,LOW
2026-09-14T20:36:53+00:00,FORM_144,,Wayfair Inc.,proposed sale $7.13M,7132078,,https://www.sec.gov/Archives/edgar/data/1620052/000195917326006948/0001959173-26-006948-index.htm,LOW
2026-09-14T20:36:54+00:00,FORM_144,,LANDMARK BANCORP INC,proposed sale $7K,7345,,https://www.sec.gov/Archives/edgar/data/1141688/000100027526000111/0001000275-26-000111-index.htm,LOW
2026-09-14T20:36:54+00:00,FORM_144,,GENPACT LIMITED,proposed sale $368K,367904,,https://www.sec.gov/Archives/edgar/data/1768217/000195004726009398/0001950047-26-009398-index.htm,LOW
2026-09-14T20:56:54+00:00,INSIDER_CLUSTER,GREE,Vulcan Infrastructure & Power Inc.,Kovler Jordan $100K,99999,4,https://www.sec.gov/Archives/edgar/data/1971292/000162828026061880/0001628280-26-061880-index.htm,HIGH
2026-09-14T20:56:56+00:00,INSIDER_CLUSTER,GREE,Vulcan Infrastructure & Power Inc.,Mulvihill Christian $100K,99999,4,https://www.sec.gov/Archives/edgar/data/1998358/000162828026061879/0001628280-26-061879-index.htm,HIGH
2026-09-14T20:56:57+00:00,INSIDER_CLUSTER,GREE,Vulcan Infrastructure & Power Inc.,Irwin Dale $100K,99999,4,https://www.sec.gov/Archives/edgar/data/1881363/000162828026061878/0001628280-26-061878-index.htm,HIGH
2026-09-14T20:57:01+00:00,FORM_144,,BANCFIRST CORP /OK/,proposed sale $280K,280000,,https://www.sec.gov/Archives/edgar/data/1640710/000164071026000001/0001640710-26-000001-index.htm,LOW
2026-09-14T20:57:59+00:00,FORM_144,,GLOBAL-E ONLINE LTD,proposed sale $465K,464750,,https://www.sec.gov/Archives/edgar/data/1964100/000195004726009443/0001950047-26-009443-index.htm,LOW
2026-09-14T20:58:11+00:00,FORM_144,,Hewlett Packard Enterprise Company,proposed sale $1.06M,1055530,,https://www.sec.gov/Archives/edgar/data/1645590/000196858226000965/0001968582-26-000965-index.htm,LOW
2026-09-14T20:58:11+00:00,FORM_144,,RHYTHM PHARMACEUTICALS INC,proposed sale $5.24M,5235500,,https://www.sec.gov/Archives/edgar/data/1649904/000195004726009442/0001950047-26-009442-index.htm,LOW
2026-09-14T20:58:12+00:00,FORM_144,,ENTERGY CORP /DE/,proposed sale $942K,942435,,https://www.sec.gov/Archives/edgar/data/1894663/000195917326006952/0001959173-26-006952-index.htm,LOW
2026-09-14T20:58:12+00:00,FORM_144,,NEUROCRINE BIOSCIENCES INC,proposed sale $361K,361024,,https://www.sec.gov/Archives/edgar/data/1724097/000195004726009441/0001950047-26-009441-index.htm,LOW
2026-09-14T20:58:12+00:00,FORM_144,,PHARVARIS N V,proposed sale $87K,87103,,https://www.sec.gov/Archives/edgar/data/1830487/000195004726009440/0001950047-26-009440-index.htm,LOW
2026-09-14T20:58:13+00:00,FORM_144,,NextNav Inc.,proposed sale $29K,28508,,https://www.sec.gov/Archives/edgar/data/1945586/000195004726009439/0001950047-26-009439-index.htm,LOW
2026-09-14T20:58:13+00:00,FORM_144,,"FASTLY, INC.",proposed sale $1.17M,1167078,,https://www.sec.gov/Archives/edgar/data/2074428/000195004726009438/0001950047-26-009438-index.htm,LOW
2026-09-14T20:58:14+00:00,FORM_144,,"FIGMA, INC.",proposed sale $5.80M,5800000,,https://www.sec.gov/Archives/edgar/data/2073592/000195004726009437/0001950047-26-009437-index.htm,LOW
2026-09-14T20:58:14+00:00,FORM_144,,Shopify Inc.,proposed sale $1.50M,1500017,,https://www.sec.gov/Archives/edgar/data/1962732/000195004726009436/0001950047-26-009436-index.htm,LOW
2026-09-14T20:58:14+00:00,FORM_144,,"CISCO SYSTEMS, INC.",proposed sale $35K,34984,,https://www.sec.gov/Archives/edgar/data/2015287/000195004726009435/0001950047-26-009435-index.htm,LOW
2026-09-14T20:58:15+00:00,FORM_144,,"CISCO SYSTEMS, INC.",proposed sale $76K,76248,,https://www.sec.gov/Archives/edgar/data/2066411/000195004726009434/0001950047-26-009434-index.htm,LOW
2026-09-14T20:58:15+00:00,FORM_144,,BEL FUSE INC /NJ,proposed sale $250K,250000,,https://www.sec.gov/Archives/edgar/data/1688761/000143774926030337/0001437749-26-030337-index.htm,LOW
2026-09-14T20:58:16+00:00,FORM_144,,"Slide Insurance Holdings, Inc.",proposed sale $283K,282530,,https://www.sec.gov/Archives/edgar/data/2114934/000195004726009433/0001950047-26-009433-index.htm,LOW
2026-09-14T20:58:16+00:00,FORM_144,,"FORTINET, INC.",proposed sale $8.85M,8849169,,https://www.sec.gov/Archives/edgar/data/1476336/000195004726009432/0001950047-26-009432-index.htm,LOW
2026-09-14T20:58:17+00:00,FORM_144,,ACV AUCTIONS INC,proposed sale $350K,349692,,https://www.sec.gov/Archives/edgar/data/2030941/000195004726009431/0001950047-26-009431-index.htm,LOW
2026-09-14T20:58:17+00:00,FORM_144,,Sandisk Corporation,proposed sale $55.27M,55269297,,https://www.sec.gov/Archives/edgar/data/2023554/000195004726009430/0001950047-26-009430-index.htm,LOW
2026-09-14T20:58:17+00:00,FORM_144,,"Duolingo, Inc.",proposed sale $1.16M,1159784,,https://www.sec.gov/Archives/edgar/data/1869758/000195004726009429/0001950047-26-009429-index.htm,LOW
2026-09-14T20:58:18+00:00,FORM_144,,"Datadog, Inc.",proposed sale $2.65M,2654520,,https://www.sec.gov/Archives/edgar/data/1561550/000195004726009428/0001950047-26-009428-index.htm,LOW
2026-09-14T20:58:18+00:00,FORM_144,,"Datadog, Inc.",proposed sale $8.85M,8848400,,https://www.sec.gov/Archives/edgar/data/1561550/000195004726009427/0001950047-26-009427-index.htm,LOW
2026-09-14T20:58:19+00:00,FORM_144,,"Datadog, Inc.",proposed sale $2.65M,2654520,,https://www.sec.gov/Archives/edgar/data/1561550/000195004726009426/0001950047-26-009426-index.htm,LOW
2026-09-14T20:58:19+00:00,FORM_144,,VEEVA SYSTEMS INC,proposed sale $787K,787200,,https://www.sec.gov/Archives/edgar/data/1788226/000195004726009425/0001950047-26-009425-index.htm,LOW
2026-09-14T20:58:19+00:00,FORM_144,,"MAGNITE, INC.",proposed sale $28K,27692,,https://www.sec.gov/Archives/edgar/data/1966857/000195004726009424/0001950047-26-009424-index.htm,LOW
2026-09-14T20:58:20+00:00,FORM_144,,LATTICE SEMICONDUCTOR CORPORATION,proposed sale $244K,244190,,https://www.sec.gov/Archives/edgar/data/1992449/000195004726009423/0001950047-26-009423-index.htm,LOW
2026-09-14T20:58:20+00:00,FORM_144,,"F5, INC.",proposed sale $1.82M,1822228,,https://www.sec.gov/Archives/edgar/data/1869466/000195004726009422/0001950047-26-009422-index.htm,LOW
2026-09-14T20:58:21+00:00,FORM_144,,"Porch Group, Inc.",proposed sale $545K,545070,,https://www.sec.gov/Archives/edgar/data/1950180/000195004726009421/0001950047-26-009421-index.htm,LOW
2026-09-14T20:58:21+00:00,FORM_144,,"Health In Tech, Inc.",proposed sale $11K,10776,,https://www.sec.gov/Archives/edgar/data/2020283/000165495426008344/0001654954-26-008344-index.htm,LOW
2026-09-14T20:58:22+00:00,FORM_144,,"BLOCK, INC.",proposed sale $474K,473760,,https://www.sec.gov/Archives/edgar/data/1933928/000195004726009420/0001950047-26-009420-index.htm,LOW
2026-09-14T20:58:22+00:00,FORM_144,,"NETAPP, INC.",proposed sale $7.66M,7656847,,https://www.sec.gov/Archives/edgar/data/1586813/000195004726009419/0001950047-26-009419-index.htm,LOW
2026-09-14T20:58:22+00:00,FORM_144,,"CROWDSTRIKE HOLDINGS, INC.",proposed sale $11.88M,11879825,,https://www.sec.gov/Archives/edgar/data/1535527/000195004726009418/0001950047-26-009418-index.htm,LOW
2026-09-14T20:58:23+00:00,FORM_144,,"F5, INC.",proposed sale $84K,83988,,https://www.sec.gov/Archives/edgar/data/2046054/000195004726009417/0001950047-26-009417-index.htm,LOW
2026-09-14T20:58:23+00:00,FORM_144,,"Datadog, Inc.",proposed sale $1.17M,1167988,,https://www.sec.gov/Archives/edgar/data/1903975/000195004726009416/0001950047-26-009416-index.htm,LOW
2026-09-14T20:58:24+00:00,FORM_144,,"VENTURE GLOBAL, INC.",proposed sale $2.41M,2412028,,https://www.sec.gov/Archives/edgar/data/2050370/000195004726009415/0001950047-26-009415-index.htm,LOW
2026-09-14T20:58:24+00:00,FORM_144,,UNITED THERAPEUTICS CORPORATION,proposed sale $115K,115337,,https://www.sec.gov/Archives/edgar/data/1756697/000195004726009414/0001950047-26-009414-index.htm,LOW
2026-09-14T20:58:24+00:00,FORM_144,,COGNIZANT TECHNOLOGY SOLUTIONS CORPORATION,proposed sale $8K,8040,,https://www.sec.gov/Archives/edgar/data/2075228/000195004726009413/0001950047-26-009413-index.htm,LOW
2026-09-14T20:58:25+00:00,FORM_144,,"ROSS STORES, INC.",proposed sale $1.48M,1475303,,https://www.sec.gov/Archives/edgar/data/1997180/000195004726009411/0001950047-26-009411-index.htm,LOW
2026-09-14T20:58:25+00:00,FORM_144,,NEUROCRINE BIOSCIENCES INC,proposed sale $736K,736421,,https://www.sec.gov/Archives/edgar/data/1909817/000195004726009412/0001950047-26-009412-index.htm,LOW
2026-09-14T20:58:26+00:00,FORM_144,,"FASTLY, INC.",proposed sale $3.22M,3216808,,https://www.sec.gov/Archives/edgar/data/1769490/000195004726009410/0001950047-26-009410-index.htm,LOW
2026-09-14T20:58:37+00:00,FORM_144,,"THE HONEST COMPANY, INC.",proposed sale $137K,137032,,https://www.sec.gov/Archives/edgar/data/2016633/000195004726009409/0001950047-26-009409-index.htm,LOW
2026-09-14T20:58:38+00:00,FORM_144,,"Arteris, Inc.",proposed sale $277K,277249,,https://www.sec.gov/Archives/edgar/data/1888601/000195004726009408/0001950047-26-009408-index.htm,LOW
2026-09-14T20:58:38+00:00,FORM_144,,"Airbnb, Inc.",proposed sale $2.35M,2346729,,https://www.sec.gov/Archives/edgar/data/1834147/000195917326006951/0001959173-26-006951-index.htm,LOW
2026-09-14T20:58:38+00:00,FORM_144,,"XPO, Inc.",proposed sale $1.43M,1429202,,https://www.sec.gov/Archives/edgar/data/1534267/000195004726009407/0001950047-26-009407-index.htm,LOW
2026-09-14T20:58:39+00:00,FORM_144,,"Porch Group, Inc.",proposed sale $4.01M,4009736,,https://www.sec.gov/Archives/edgar/data/1837336/000195004726009406/0001950047-26-009406-index.htm,LOW
2026-09-14T20:58:39+00:00,FORM_144,,"XPO, Inc.",proposed sale $547K,546540,,https://www.sec.gov/Archives/edgar/data/1987257/000195004726009405/0001950047-26-009405-index.htm,LOW
2026-09-14T20:58:40+00:00,FORM_144,,SEAGATE TECHNOLOGY HOLDINGS PUBLIC LIMITED COMPANY,proposed sale $770K,770431,,https://www.sec.gov/Archives/edgar/data/1801425/000195004726009404/0001950047-26-009404-index.htm,LOW
2026-09-14T20:58:40+00:00,FORM_144,,"NETAPP, INC.",proposed sale $684K,684185,,https://www.sec.gov/Archives/edgar/data/1494732/000195004726009403/0001950047-26-009403-index.htm,LOW
2026-09-14T20:58:40+00:00,FORM_144,,"GUIDEWIRE SOFTWARE, INC.",proposed sale $175K,175044,,https://www.sec.gov/Archives/edgar/data/1784996/000195004726009402/0001950047-26-009402-index.htm,LOW
2026-09-14T20:58:41+00:00,FORM_144,,"HERITAGE INSURANCE HOLDINGS, INC.",proposed sale $88K,88135,,https://www.sec.gov/Archives/edgar/data/1607776/000195004726009401/0001950047-26-009401-index.htm,LOW
2026-09-14T20:58:41+00:00,FORM_144,,"BillionToOne, Inc.",proposed sale $2.51M,2507908,,https://www.sec.gov/Archives/edgar/data/2088549/000195917326006950/0001959173-26-006950-index.htm,LOW
2026-09-14T21:08:30+00:00,INSIDER_CLUSTER,DFH,"Dream Finders Homes, Inc.",BECKWITT RICHARD $121K,120700,4,https://www.sec.gov/Archives/edgar/data/1825088/000089706926001778/0000897069-26-001778-index.htm,HIGH
2026-09-14T21:08:55+00:00,FORM_144,,BANNER CORP,proposed sale $77K,76954,,https://www.sec.gov/Archives/edgar/data/1702210/000195917326006955/0001959173-26-006955-index.htm,LOW
2026-09-14T21:08:55+00:00,FORM_144,,"Groupon, Inc.",proposed sale $322K,321613,,https://www.sec.gov/Archives/edgar/data/1973423/000195917326006954/0001959173-26-006954-index.htm,LOW
2026-09-14T21:08:55+00:00,FORM_144,,"VERACYTE, INC.",proposed sale $205K,204747,,https://www.sec.gov/Archives/edgar/data/1819880/000195004726009444/0001950047-26-009444-index.htm,LOW
2026-09-14T21:08:56+00:00,FORM_144,,"Korro Bio, Inc.",proposed sale $440K,440373,,https://www.sec.gov/Archives/edgar/data/1708269/000162828026061898/0001628280-26-061898-index.htm,LOW
2026-09-14T21:08:56+00:00,FORM_144,,"Korro Bio, Inc.",proposed sale $91K,91173,,https://www.sec.gov/Archives/edgar/data/1885327/000162828026061897/0001628280-26-061897-index.htm,LOW
2026-09-14T21:08:57+00:00,FORM_144,,"Inhibrx Biosciences, Inc.",proposed sale $55K,55130,,https://www.sec.gov/Archives/edgar/data/2007919/000195917326006953/0001959173-26-006953-index.htm,LOW
2026-09-14T21:23:07+00:00,FORM_144,,TransUnion,proposed sale $99K,98837,,https://www.sec.gov/Archives/edgar/data/2058648/000195917326006956/0001959173-26-006956-index.htm,LOW
2026-09-14T21:23:07+00:00,FORM_144,,Neptune Insurance Holdings Inc.,proposed sale $1.58M,1580000,,https://www.sec.gov/Archives/edgar/data/2085255/000196858226000967/0001968582-26-000967-index.htm,LOW
2026-09-14T21:23:08+00:00,FORM_144,,CARVANA CO,proposed sale $1.16M,1161127,,https://www.sec.gov/Archives/edgar/data/1690820/000195004726009446/0001950047-26-009446-index.htm,LOW
2026-09-14T21:23:08+00:00,STAKE_13G,,Guardian Metal Resources PLC,Guardian Metal Resources PLC 0.0%,,,https://www.sec.gov/Archives/edgar/data/2039972/000089914026001058/0000899140-26-001058-index.htm,HIGH
2026-09-14T21:34:49+00:00,FORM_144,,Lamar Advertising Company,proposed sale $1.21M,1207400,,https://www.sec.gov/Archives/edgar/data/1107157/000196858226000968/0001968582-26-000968-index.htm,LOW
2026-09-14T21:46:59+00:00,FORM_144,,"CLOVER HEALTH INVESTMENTS, CORP.",proposed sale $103K,103100,,https://www.sec.gov/Archives/edgar/data/2128814/000195004726009449/0001950047-26-009449-index.htm,LOW
2026-09-14T21:47:00+00:00,FORM_144,,Webull Corp,proposed sale $494K,493746,,https://www.sec.gov/Archives/edgar/data/2093135/000209313526000003/0002093135-26-000003-index.htm,LOW
2026-09-14T21:47:00+00:00,FORM_144,,"PALO ALTO NETWORKS, INC.",proposed sale $940K,940075,,https://www.sec.gov/Archives/edgar/data/1772458/000195004726009448/0001950047-26-009448-index.htm,LOW
2026-09-14T21:47:00+00:00,FORM_144,,"SLIDE INSURANCE HOLDINGS, INC.",proposed sale $198K,198000,,https://www.sec.gov/Archives/edgar/data/1886428/000195004726009447/0001950047-26-009447-index.htm,LOW
2026-09-14T21:47:01+00:00,FORM_144,,WEX Inc.,proposed sale $668K,668485,,https://www.sec.gov/Archives/edgar/data/1724040/000162828026061917/0001628280-26-061917-index.htm,LOW
2026-09-14T21:47:01+00:00,FORM_144,,StoneX Group Inc.,proposed sale $2.09M,2086522,,https://www.sec.gov/Archives/edgar/data/1511110/000162828026061915/0001628280-26-061915-index.htm,LOW
2026-09-14T21:47:01+00:00,FORM_144,,StoneX Group Inc.,proposed sale $3.62M,3616214,,https://www.sec.gov/Archives/edgar/data/1662210/000162828026061913/0001628280-26-061913-index.htm,LOW
2026-09-14T21:57:11+00:00,FORM_144,,RingCentral Inc.,proposed sale $2.53M,2534707,,https://www.sec.gov/Archives/edgar/data/1586648/000162828026061924/0001628280-26-061924-index.htm,LOW
2026-09-14T21:57:12+00:00,FORM_144,,"MAGNITE, INC.",proposed sale $246K,246241,,https://www.sec.gov/Archives/edgar/data/1603808/000195004726009450/0001950047-26-009450-index.htm,LOW
2026-09-14T21:57:12+00:00,FORM_144,,Super Group (SGHC) Ltd,proposed sale $321K,321272,,https://www.sec.gov/Archives/edgar/data/2117552/000101143826000567/0001011438-26-000567-index.htm,LOW
2026-09-14T22:08:20+00:00,FORM_144,,"ROSS STORES, INC.",proposed sale $11.29M,11291774,,https://www.sec.gov/Archives/edgar/data/1623534/000195004726009452/0001950047-26-009452-index.htm,LOW
2026-09-14T22:08:20+00:00,FORM_144,,Marex Group Limited,proposed sale $5.34M,5343723,,https://www.sec.gov/Archives/edgar/data/2057618/000195824426000602/0001958244-26-000602-index.htm,LOW
2026-09-14T22:08:20+00:00,FORM_144,,"4D Molecular Therapeutics, Inc.",proposed sale $803K,802662,,https://www.sec.gov/Archives/edgar/data/1834021/000195824426000601/0001958244-26-000601-index.htm,LOW
2026-09-14T22:08:21+00:00,FORM_144,,"PC Connection, Inc.",proposed sale $7.35M,7349118,,https://www.sec.gov/Archives/edgar/data/1186630/000195824426000600/0001958244-26-000600-index.htm,LOW
2026-09-14T22:08:21+00:00,FORM_144,,Credo Technology Group Holding Ltd,proposed sale $5.00M,5003700,,https://www.sec.gov/Archives/edgar/data/1896237/000195824426000599/0001958244-26-000599-index.htm,LOW
2026-09-14T22:08:21+00:00,FORM_144,,Microsoft Corporation,proposed sale $28.45M,28446496,,https://www.sec.gov/Archives/edgar/data/1576843/000195824426000598/0001958244-26-000598-index.htm,LOW
2026-09-14T22:08:22+00:00,FORM_144,,"Castle Biosciences, Inc.",proposed sale $441K,440638,,https://www.sec.gov/Archives/edgar/data/1856542/000195824426000597/0001958244-26-000597-index.htm,LOW
2026-09-14T22:08:22+00:00,FORM_144,,Spotify Technology S.A.,proposed sale $46.53M,46531437,,https://www.sec.gov/Archives/edgar/data/1848565/000195824426000596/0001958244-26-000596-index.htm,LOW
2026-09-14T22:08:22+00:00,FORM_144,,CME GROUP INC.,proposed sale $140K,140052,,https://www.sec.gov/Archives/edgar/data/1643475/000195004726009451/0001950047-26-009451-index.htm,LOW
2026-09-14T22:23:36+00:00,FORM_144,,"Pediatrix Medical Group, Inc.",proposed sale $573K,572619,,https://www.sec.gov/Archives/edgar/data/1894731/000162828026061930/0001628280-26-061930-index.htm,LOW
2026-09-14T22:23:36+00:00,FORM_144,,"Pediatrix Medical Group, Inc.",proposed sale $246K,246365,,https://www.sec.gov/Archives/edgar/data/1894731/000162828026061929/0001628280-26-061929-index.htm,LOW
2026-09-14T22:23:36+00:00,FORM_144,,OPEN TEXT CORPORATION,proposed sale $47K,47044,,https://www.sec.gov/Archives/edgar/data/1983825/000195004726009454/0001950047-26-009454-index.htm,LOW
2026-09-14T22:23:37+00:00,FORM_144,,"COREWEAVE, INC.",proposed sale $5.57M,5572284,,https://www.sec.gov/Archives/edgar/data/2058038/000195004726009453/0001950047-26-009453-index.htm,LOW
2026-09-14T22:23:37+00:00,FORM_144,,KANZHUN LIMITED,proposed sale $283.47M,283473000,,https://www.sec.gov/Archives/edgar/data/1970144/000095010326013932/0000950103-26-013932-index.htm,LOW
2026-09-14T22:36:54+00:00,FORM_144,,PHARVARIS N.V.,proposed sale $1.02M,1023583,,https://www.sec.gov/Archives/edgar/data/1973529/000195004726009455/0001950047-26-009455-index.htm,LOW
2026-09-14T22:48:46+00:00,STAKE_13G,,Guardian Metal Resources PLC,Guardian Metal Resources PLC 0.0%,,,https://www.sec.gov/Archives/edgar/data/2039972/000089914026001060/0000899140-26-001060-index.htm,HIGH
2026-09-14T22:57:44+00:00,FORM_144,,Aura Minerals Inc.,proposed sale $231K,230997,,https://www.sec.gov/Archives/edgar/data/2126746/000212674626000002/0002126746-26-000002-index.htm,LOW
2026-09-14T22:57:44+00:00,FORM_144,,Aura Minerals Inc.,proposed sale $76K,75815,,https://www.sec.gov/Archives/edgar/data/2126753/000212675326000014/0002126753-26-000014-index.htm,LOW
2026-09-14T23:10:07+00:00,INSIDER_BUY,RSG,"REPUBLIC SERVICES, INC.","CASCADE INVESTMENT, L.L.C. $129.31M",129305616,4,https://www.sec.gov/Archives/edgar/data/1060391/000110465926107592/0001104659-26-107592-index.htm,HIGH
2026-09-14T23:21:58+00:00,INSIDER_CLUSTER,GPUS,"Hyperscale Data, Inc.",AULT MILTON C III $49K,48809,6,https://www.sec.gov/Archives/edgar/data/1734770/000121465926011678/0001214659-26-011678-index.htm,HIGH
2026-09-14T23:22:00+00:00,FORM_144,,Lightspeed Commerce Inc.,proposed sale $31K,30646,,https://www.sec.gov/Archives/edgar/data/2014620/000201462026000009/0002014620-26-000009-index.htm,LOW
2026-09-14T23:51:38+00:00,INSIDER_CLUSTER,PMTS,CPI Card Group Inc.,Riley H Sanford $300K,299989,0,https://www.sec.gov/Archives/edgar/data/1641614/000131740626000006/0001317406-26-000006-index.htm,HIGH
2026-09-14T23:51:39+00:00,INSIDER_CLUSTER,PMTS,CPI Card Group Inc.,Mallela Ravi $22K,21500,0,https://www.sec.gov/Archives/edgar/data/1751947/000175194726000004/0001751947-26-000004-index.htm,HIGH
2026-09-14T23:51:40+00:00,INSIDER_CLUSTER,PMTS,CPI Card Group Inc.,Peters Nicholas $250K,250002,0,https://www.sec.gov/Archives/edgar/data/1654770/000165477026000004/0001654770-26-000004-index.htm,HIGH
2026-09-14T23:51:41+00:00,FORM_144,,"Palo Alto Networks, Inc.",proposed sale $331K,330650,,https://www.sec.gov/Archives/edgar/data/1773301/000196858226000970/0001968582-26-000970-index.htm,LOW
2026-09-14T23:59:10+00:00,INSIDER_CLUSTER,PMTS,CPI Card Group Inc.,Tricor PMT25 Holdings Inc. $11.29M,11287500,0,https://www.sec.gov/Archives/edgar/data/2101417/000110465926107610/0001104659-26-107610-index.htm,HIGH
2026-09-14T23:59:11+00:00,FORM_144,,Dell Technologies Inc.,proposed sale $315K,314845,,https://www.sec.gov/Archives/edgar/data/1672565/000119312526391001/0001193125-26-391001-index.htm,LOW
2026-09-14T23:59:11+00:00,FORM_144,,Seagate Technology Holdings plc,proposed sale $1.53M,1533731,,https://www.sec.gov/Archives/edgar/data/1388390/000138839026000012/0001388390-26-000012-index.htm,LOW
2026-09-14T23:59:12+00:00,FORM_144,,Mission Produce Inc,proposed sale $1.30M,1301000,,https://www.sec.gov/Archives/edgar/data/1825803/000196858226000972/0001968582-26-000972-index.htm,LOW
2026-09-14T23:59:12+00:00,FORM_144,,Mission Produce Inc,proposed sale $1.30M,1301000,,https://www.sec.gov/Archives/edgar/data/1825803/000196858226000971/0001968582-26-000971-index.htm,LOW
2026-09-14T23:59:12+00:00,FORM_144,,Kinetik Holdings Inc.,proposed sale $56K,55913,,https://www.sec.gov/Archives/edgar/data/1904934/000090514826004192/0000905148-26-004192-index.htm,LOW
2026-09-14T23:59:13+00:00,FORM_144,,Dell Technologies Inc.,proposed sale $14.06M,14063686,,https://www.sec.gov/Archives/edgar/data/1767114/000119312526390999/0001193125-26-390999-index.htm,LOW
2026-09-14T23:59:13+00:00,FORM_144,,Dell Technologies Inc.,proposed sale $15.41M,15408163,,https://www.sec.gov/Archives/edgar/data/1571996/000119312526390998/0001193125-26-390998-index.htm,LOW
2026-09-15T00:20:33+00:00,FORM_144,,Dell Technologies Inc.,proposed sale $4.60M,4595049,,https://www.sec.gov/Archives/edgar/data/1651403/000119312526391021/0001193125-26-391021-index.htm,LOW
2026-09-15T00:20:34+00:00,FORM_144,,Seagate Technology Holdings plc,proposed sale $404K,404405,,https://www.sec.gov/Archives/edgar/data/1988271/000198827126000010/0001988271-26-000010-index.htm,LOW
2026-09-15T00:20:34+00:00,FORM_144,,Dell Technologies Inc.,proposed sale $142K,142389,,https://www.sec.gov/Archives/edgar/data/1735863/000119312526391008/0001193125-26-391008-index.htm,LOW
2026-09-15T00:20:35+00:00,FORM_144,,Seagate Technology Holdings plc,proposed sale $783K,783391,,https://www.sec.gov/Archives/edgar/data/1764650/000176465026000009/0001764650-26-000009-index.htm,LOW
2026-09-15T00:20:35+00:00,FORM_144,,Dell Technologies Inc.,proposed sale $8.08M,8079344,,https://www.sec.gov/Archives/edgar/data/1737659/000119312526391006/0001193125-26-391006-index.htm,LOW
2026-09-15T00:41:19+00:00,FORM_144,,GigaCloud Technology Inc,proposed sale $311K,311220,,https://www.sec.gov/Archives/edgar/data/2004135/000200413526000006/0002004135-26-000006-index.htm,LOW
2026-09-15T01:08:17+00:00,FORM_144,,GMR Solutions Inc.,proposed sale $314K,314089,,https://www.sec.gov/Archives/edgar/data/2133986/000110465926107629/0001104659-26-107629-index.htm,LOW
2026-09-15T01:25:19+00:00,INSIDER_CLUSTER,KDOZF,KIDOZ INC.,Ben Tora Eldad $255,254,3,https://www.sec.gov/Archives/edgar/data/1801365/000180136526000006/0001801365-26-000006-index.htm,HIGH
2026-09-15T01:25:21+00:00,FORM_144,,GMR Solutions Inc.,proposed sale $3.52M,3524428,,https://www.sec.gov/Archives/edgar/data/2126479/000110465926107636/0001104659-26-107636-index.htm,LOW
2026-09-15T01:25:21+00:00,FORM_144,,GMR Solutions Inc.,proposed sale $3.34M,3339955,,https://www.sec.gov/Archives/edgar/data/1898718/000110465926107635/0001104659-26-107635-index.htm,LOW
2026-09-15T01:25:22+00:00,FORM_144,,GMR Solutions Inc.,proposed sale $3.48M,3477806,,https://www.sec.gov/Archives/edgar/data/1898718/000110465926107633/0001104659-26-107633-index.htm,LOW
2026-09-15T01:25:22+00:00,FORM_144,,GMR Solutions Inc.,proposed sale $19.32M,19321172,,https://www.sec.gov/Archives/edgar/data/2126783/000110465926107632/0001104659-26-107632-index.htm,LOW
2026-09-15T01:25:23+00:00,FORM_144,,GMR Solutions Inc.,proposed sale $1.23M,1228936,,https://www.sec.gov/Archives/edgar/data/1898718/000110465926107631/0001104659-26-107631-index.htm,LOW
2026-09-15T10:38:31+00:00,INSIDER_CLUSTER,MAIA,"MAIA Biotechnology, Inc.",Vitoc Vlad $100K,100010,1,https://www.sec.gov/Archives/edgar/data/1913257/000187831326000087/0001878313-26-000087-index.htm,HIGH
2026-09-15T10:38:37+00:00,FORM_144,,ZIM Integrated Shipping Services Ltd.,proposed sale $785K,784906,,https://www.sec.gov/Archives/edgar/data/1966890/000197640826000842/0001976408-26-000842-index.htm,LOW
2026-09-15T10:38:38+00:00,FORM_144,,Nano Dimension Ltd.,proposed sale $26K,26054,,https://www.sec.gov/Archives/edgar/data/2103000/000197640826000841/0001976408-26-000841-index.htm,LOW
2026-09-15T10:58:28+00:00,FORM_144,,Fiverr International Ltd.,proposed sale $139K,138698,,https://www.sec.gov/Archives/edgar/data/1975805/000197640826000844/0001976408-26-000844-index.htm,LOW
2026-09-15T11:57:08+00:00,INSIDER_CLUSTER,UAVS,AgEagle Aerial Systems Inc.,Klavon Brent $5K,4999,4,https://www.sec.gov/Archives/edgar/data/2046493/000143774926030387/0001437749-26-030387-index.htm,HIGH
2026-09-15T12:10:57+00:00,INSIDER_CLUSTER,NNOX,Nano-X Imaging Ltd.,Suesskind Dan S $45K,45300,1,https://www.sec.gov/Archives/edgar/data/1795251/000121390026099887/0001213900-26-099887-index.htm,HIGH
2026-09-15T13:47:29+00:00,FORM_144,,"TERADYNE, INC",proposed sale $1.35M,1351320,,https://www.sec.gov/Archives/edgar/data/1666934/000195917326006957/0001959173-26-006957-index.htm,LOW
2026-09-15T13:47:30+00:00,FORM_144,,ALLIANCE RESOURCE PARTNERS LP,proposed sale $173K,172680,,https://www.sec.gov/Archives/edgar/data/2031263/000194984626000583/0001949846-26-000583-index.htm,LOW
2026-09-15T13:57:15+00:00,FORM_144,,DEXCOM INC,proposed sale $550K,549537,,https://www.sec.gov/Archives/edgar/data/1238485/000195917326006959/0001959173-26-006959-index.htm,LOW
2026-09-15T13:57:16+00:00,FORM_144,,BELDEN INC.,proposed sale $217K,217341,,https://www.sec.gov/Archives/edgar/data/1967061/000195917326006958/0001959173-26-006958-index.htm,LOW
2026-09-15T14:09:53+00:00,FORM_144,,VERIZON COMMUNICATIONS INC,proposed sale $56K,56309,,https://www.sec.gov/Archives/edgar/data/1760581/000195917326006961/0001959173-26-006961-index.htm,LOW
2026-09-15T14:09:54+00:00,FORM_144,,HUBSPOT INC,proposed sale $2.09M,2087940,,https://www.sec.gov/Archives/edgar/data/1603527/000195917326006960/0001959173-26-006960-index.htm,LOW
2026-09-15T14:25:34+00:00,FORM_144,,CORCEPT THERAPEUTICS INC,proposed sale $3.34M,3344400,,https://www.sec.gov/Archives/edgar/data/1236387/000194984626000585/0001949846-26-000585-index.htm,LOW
2026-09-15T14:25:34+00:00,FORM_144,,"Hims & Hers Health, Inc.",proposed sale $226K,225814,,https://www.sec.gov/Archives/edgar/data/2068597/000195917326006963/0001959173-26-006963-index.htm,LOW
2026-09-15T14:25:35+00:00,FORM_144,,"Hims & Hers Health, Inc.",proposed sale $398K,398226,,https://www.sec.gov/Archives/edgar/data/1965903/000195917326006962/0001959173-26-006962-index.htm,LOW
2026-09-15T14:25:35+00:00,FORM_144,,MGP INGREDIENTS INC,proposed sale $896K,896390,,https://www.sec.gov/Archives/edgar/data/1853885/000114036126036586/0001140361-26-036586-index.htm,LOW
2026-09-15T14:25:35+00:00,FORM_144,,FIRST BUSEY CORP /NV/,proposed sale $132K,131635,,https://www.sec.gov/Archives/edgar/data/1766116/000194984626000584/0001949846-26-000584-index.htm,LOW
2026-09-15T14:38:44+00:00,FORM_144,,"Academy Sports & Outdoors, Inc.",proposed sale $212K,212328,,https://www.sec.gov/Archives/edgar/data/1817358/000195917326006966/0001959173-26-006966-index.htm,LOW
2026-09-15T14:38:44+00:00,FORM_144,,"Airbnb, Inc.",proposed sale $252K,251536,,https://www.sec.gov/Archives/edgar/data/1559720/000195917326006965/0001959173-26-006965-index.htm,LOW
2026-09-15T14:38:44+00:00,FORM_144,,"CarGurus, Inc.",proposed sale $346K,346200,,https://www.sec.gov/Archives/edgar/data/1718790/000195917326006964/0001959173-26-006964-index.htm,LOW
2026-09-15T14:38:45+00:00,FORM_144,,"Academy Sports & Outdoors, Inc.",proposed sale $353K,352625,,https://www.sec.gov/Archives/edgar/data/1817358/000194984626000587/0001949846-26-000587-index.htm,LOW
2026-09-15T14:38:45+00:00,FORM_144,,EAST WEST BANCORP INC,proposed sale $1.40M,1395457,,https://www.sec.gov/Archives/edgar/data/1482107/000194984626000586/0001949846-26-000586-index.htm,LOW
2026-09-15T14:38:45+00:00,FORM_144,,MGP INGREDIENTS INC,proposed sale $896K,896390,,https://www.sec.gov/Archives/edgar/data/1854210/000114036126036591/0001140361-26-036591-index.htm,LOW
2026-09-15T14:51:14+00:00,FORM_144,,"Moderna, Inc.",proposed sale $5.88M,5883709,,https://www.sec.gov/Archives/edgar/data/1760669/000195917326006968/0001959173-26-006968-index.htm,LOW
2026-09-15T14:51:14+00:00,FORM_144,,"TERADYNE, INC",proposed sale $270K,270264,,https://www.sec.gov/Archives/edgar/data/1618274/000195917326006967/0001959173-26-006967-index.htm,LOW
2026-09-15T15:17:30+00:00,INSIDER_CLUSTER,NONE,"Fundrise Real Estate Interval Fund, LLC",Starr Gayle P $103,102,1,https://www.sec.gov/Archives/edgar/data/1836839/000121390026099973/0001213900-26-099973-index.htm,HIGH
2026-09-15T15:17:31+00:00,FORM_144,,"Hayward Holdings, Inc.",proposed sale $45K,44940,,https://www.sec.gov/Archives/edgar/data/1834622/000195917326006971/0001959173-26-006971-index.htm,LOW
2026-09-15T15:17:32+00:00,FORM_144,,"NLIGHT, INC.",proposed sale $171K,171179,,https://www.sec.gov/Archives/edgar/data/1247627/000195917326006970/0001959173-26-006970-index.htm,LOW
2026-09-15T15:17:32+00:00,FORM_144,,KLA CORP,proposed sale $12.38M,12378625,,https://www.sec.gov/Archives/edgar/data/1196898/000195917326006969/0001959173-26-006969-index.htm,LOW
2026-09-15T15:29:51+00:00,FORM_144,,PHINIA INC.,proposed sale $466K,465880,,https://www.sec.gov/Archives/edgar/data/1981384/000195917326006972/0001959173-26-006972-index.htm,LOW
2026-09-15T15:29:52+00:00,FORM_144,,First Citizens BancShares Inc /DE/,proposed sale $427K,426800,,https://www.sec.gov/Archives/edgar/data/2155190/000215519026000002/0002155190-26-000002-index.htm,LOW
2026-09-15T15:54:42+00:00,FORM_144,,"Ginkgo Bioworks Holdings, Inc.",proposed sale $35K,35405,,https://www.sec.gov/Archives/edgar/data/1830214/000195917326006973/0001959173-26-006973-index.htm,LOW
2026-09-15T16:21:17+00:00,INSIDER_CLUSTER,NONE,"Fundrise Income Real Estate Fund, LLC",Starr Gayle P $397,397,1,https://www.sec.gov/Archives/edgar/data/1885551/000121390026100005/0001213900-26-100005-index.htm,HIGH
2026-09-15T16:21:25+00:00,FORM_144,,"Par Pacific Holdings, Inc.",proposed sale $322K,322246,,https://www.sec.gov/Archives/edgar/data/2059514/000162828026061992/0001628280-26-061992-index.htm,LOW
2026-09-15T16:34:24+00:00,INSIDER_CLUSTER,GROV,"Grove Collaborative Holdings, Inc.",Landesberg Stuart $16K,15799,4,https://www.sec.gov/Archives/edgar/data/1930721/000184176126000100/0001841761-26-000100-index.htm,HIGH
2026-09-15T16:57:19+00:00,FORM_144,,Arthur J. Gallagher & Co.,proposed sale $3.80M,3799500,,https://www.sec.gov/Archives/edgar/data/1784277/000178427726000007/0001784277-26-000007-index.htm,LOW
2026-09-15T16:57:19+00:00,FORM_144,,TERADATA CORP /DE/,proposed sale $1.44M,1442310,,https://www.sec.gov/Archives/edgar/data/1904623/000195917326006974/0001959173-26-006974-index.htm,LOW
2026-09-15T17:21:59+00:00,FORM_144,,Avery Dennison Corp,proposed sale $663K,663264,,https://www.sec.gov/Archives/edgar/data/1565131/000195917326006975/0001959173-26-006975-index.htm,LOW
2026-09-15T17:44:03+00:00,FORM_144,,PLUG POWER INC,proposed sale $39K,38625,,https://www.sec.gov/Archives/edgar/data/2085249/000100027526000112/0001000275-26-000112-index.htm,LOW
2026-09-15T17:53:25+00:00,INSIDER_CLUSTER,RWT,REDWOOD TRUST INC,Abate Christopher J $384K,383900,0,https://www.sec.gov/Archives/edgar/data/1453409/000110465926107867/0001104659-26-107867-index.htm,HIGH
2026-09-15T18:20:25+00:00,FORM_144,,"PACS Group, Inc.",proposed sale $6.43M,6432859,,https://www.sec.gov/Archives/edgar/data/2014361/000201436126000033/0002014361-26-000033-index.htm,LOW
2026-09-15T18:34:17+00:00,INSIDER_CLUSTER,RWT,REDWOOD TRUST INC,KUBICEK GREG H $193K,192560,0,https://www.sec.gov/Archives/edgar/data/1233565/000123356526000006/0001233565-26-000006-index.htm,HIGH
2026-09-15T18:34:20+00:00,FORM_144,,"SCANSOURCE, INC.",proposed sale $1.11M,1109823,,https://www.sec.gov/Archives/edgar/data/1251456/000196430626000442/0001964306-26-000442-index.htm,LOW
2026-09-15T18:34:21+00:00,FORM_144,,GLOBUS MEDICAL INC,proposed sale $2.24M,2236000,,https://www.sec.gov/Archives/edgar/data/1237831/000197407826000355/0001974078-26-000355-index.htm,LOW
2026-09-15T18:34:21+00:00,FORM_144,,"SCANSOURCE, INC.",proposed sale $3.33M,3328776,,https://www.sec.gov/Archives/edgar/data/1251456/000196430626000441/0001964306-26-000441-index.htm,LOW
2026-09-15T18:34:21+00:00,FORM_144,,ACACIA RESEARCH CORP,proposed sale $110K,110000,,https://www.sec.gov/Archives/edgar/data/1776505/000177650526000012/0001776505-26-000012-index.htm,LOW
2026-09-15T18:58:24+00:00,FORM_144,,AVNET INC,proposed sale $635K,634781,,https://www.sec.gov/Archives/edgar/data/1715546/000195917326006977/0001959173-26-006977-index.htm,LOW
2026-09-15T18:58:24+00:00,FORM_144,,AGCO CORP /DE,proposed sale $200K,200480,,https://www.sec.gov/Archives/edgar/data/1864808/000195917326006976/0001959173-26-006976-index.htm,LOW
2026-09-15T19:11:42+00:00,FORM_144,,"CSW INDUSTRIALS, INC.",proposed sale $434K,434376,,https://www.sec.gov/Archives/edgar/data/1624794/000197372726000055/0001973727-26-000055-index.htm,LOW
2026-09-15T19:24:06+00:00,FORM_144,,"nCino, Inc.",proposed sale $134K,134049,,https://www.sec.gov/Archives/edgar/data/1928630/000195917326006979/0001959173-26-006979-index.htm,LOW
2026-09-15T19:24:06+00:00,FORM_144,,Arthur J. Gallagher & Co.,proposed sale $253K,252858,,https://www.sec.gov/Archives/edgar/data/1185998/000195917326006978/0001959173-26-006978-index.htm,LOW
2026-09-15T19:46:01+00:00,FORM_144,,SINO GREEN LAND CORPORATION,proposed sale $11.40M,11400000,,https://www.sec.gov/Archives/edgar/data/1878651/000149315226042736/0001493152-26-042736-index.htm,LOW
2026-09-15T20:05:36+00:00,FORM_144,,"GILEAD SCIENCES, INC.",proposed sale $436K,435870,,https://www.sec.gov/Archives/edgar/data/1310204/000195004726009467/0001950047-26-009467-index.htm,LOW
2026-09-15T20:05:37+00:00,FORM_144,,"DOXIMITY, INC.",proposed sale $54K,54043,,https://www.sec.gov/Archives/edgar/data/2111348/000195004726009466/0001950047-26-009466-index.htm,LOW
2026-09-15T20:05:37+00:00,FORM_144,,CAPITAL ONE FINANCIAL CORPORATION,proposed sale $426K,425947,,https://www.sec.gov/Archives/edgar/data/1741273/000195004726009465/0001950047-26-009465-index.htm,LOW
2026-09-15T20:05:38+00:00,FORM_144,,ARCBEST CORP /TX/,proposed sale $115K,115498,,https://www.sec.gov/Archives/edgar/data/1967606/000192109426001016/0001921094-26-001016-index.htm,LOW
2026-09-15T20:05:38+00:00,FORM_144,,"COHU, INC.",proposed sale $51K,51070,,https://www.sec.gov/Archives/edgar/data/1701398/000195004726009464/0001950047-26-009464-index.htm,LOW
2026-09-15T20:05:38+00:00,FORM_144,,"Arcutis Biotherapeutics, Inc.",proposed sale $114K,114371,,https://www.sec.gov/Archives/edgar/data/1801050/000162828026062042/0001628280-26-062042-index.htm,LOW
2026-09-15T20:05:39+00:00,FORM_144,,CIENA CORPORATION,proposed sale $390K,389832,,https://www.sec.gov/Archives/edgar/data/1998826/000195004726009463/0001950047-26-009463-index.htm,LOW
2026-09-15T20:05:39+00:00,FORM_144,,QUICKLOGIC CORPORATION,proposed sale $16K,15660,,https://www.sec.gov/Archives/edgar/data/1261838/000195004726009462/0001950047-26-009462-index.htm,LOW
2026-09-15T20:05:40+00:00,FORM_144,,"Inhibrx Biosciences, Inc.",proposed sale $53K,52525,,https://www.sec.gov/Archives/edgar/data/2007919/000195917326006980/0001959173-26-006980-index.htm,LOW
2026-09-15T20:05:44+00:00,FORM_144,,"DEXCOM, INC.",proposed sale $143K,142868,,https://www.sec.gov/Archives/edgar/data/1899922/000195004726009460/0001950047-26-009460-index.htm,LOW
2026-09-15T20:05:44+00:00,FORM_144,,LUMENTUM HOLDINGS INC.,proposed sale $421K,420755,,https://www.sec.gov/Archives/edgar/data/1633978/000195004726009459/0001950047-26-009459-index.htm,LOW
2026-09-15T20:05:44+00:00,FORM_144,,"CLOVER HEALTH INVESTMENTS, CORP. /DE",proposed sale $1.42M,1417021,,https://www.sec.gov/Archives/edgar/data/1971702/000162828026062033/0001628280-26-062033-index.htm,LOW
2026-09-15T20:21:21+00:00,INSIDER_CLUSTER,OXM,OXFORD INDUSTRIES INC,GRASSMYER SCOTT $30K,29730,0,https://www.sec.gov/Archives/edgar/data/1216099/000007528826000092/0000075288-26-000092-index.htm,HIGH
2026-09-15T20:21:22+00:00,INSIDER_CLUSTER,CELH,"Celsius Holdings, Inc.",DeSantis Damon $1.00M,1000200,1,https://www.sec.gov/Archives/edgar/data/1889279/000162828026062057/0001628280-26-062057-index.htm,HIGH
2026-09-15T20:21:35+00:00,FORM_144,,"ROKU, INC.",proposed sale $1.10M,1097670,,https://www.sec.gov/Archives/edgar/data/1834902/000195004726009481/0001950047-26-009481-index.htm,LOW
2026-09-15T20:21:35+00:00,FORM_144,,"CHIME FINANCIAL, INC.",proposed sale $1.81M,1812720,,https://www.sec.gov/Archives/edgar/data/1795586/000195004726009480/0001950047-26-009480-index.htm,LOW
2026-09-15T20:21:36+00:00,FORM_144,,NXP SEMICONDUCTORS N.V.,proposed sale $226K,226040,,https://www.sec.gov/Archives/edgar/data/1413447/000195004726009479/0001950047-26-009479-index.htm,LOW
2026-09-15T20:21:36+00:00,FORM_144,,"Mineralys Therapeutics, Inc.",proposed sale $86K,85740,,https://www.sec.gov/Archives/edgar/data/1933414/000196430626000445/0001964306-26-000445-index.htm,LOW
2026-09-15T20:21:36+00:00,FORM_144,,Bruker Corporation,proposed sale $106K,105740,,https://www.sec.gov/Archives/edgar/data/1544635/000195004726009478/0001950047-26-009478-index.htm,LOW
2026-09-15T20:21:37+00:00,FORM_144,,"MIRUM PHARMACEUTICALS, INC.",proposed sale $978K,978092,,https://www.sec.gov/Archives/edgar/data/1759425/000119735026000011/0001197350-26-000011-index.htm,LOW
2026-09-15T20:21:37+00:00,FORM_144,,CAPITAL ONE FINANCIAL CORPORATION,proposed sale $416K,415643,,https://www.sec.gov/Archives/edgar/data/1741344/000195004726009477/0001950047-26-009477-index.htm,LOW
2026-09-15T20:21:38+00:00,FORM_144,,CHEMUNG FINANCIAL CORP,proposed sale $433K,433440,,https://www.sec.gov/Archives/edgar/data/1762855/000085414226000006/0000854142-26-000006-index.htm,LOW
2026-09-15T20:21:38+00:00,FORM_144,,"CHIME FINANCIAL, INC.",proposed sale $3.17M,3167280,,https://www.sec.gov/Archives/edgar/data/1795586/000195004726009476/0001950047-26-009476-index.htm,LOW
2026-09-15T20:21:38+00:00,FORM_144,,IBEX LIMTED,"proposed sale $1,000K",999667,,https://www.sec.gov/Archives/edgar/data/1720420/000197449426000296/0001974494-26-000296-index.htm,LOW
2026-09-15T20:21:39+00:00,FORM_144,,Alliance Laundry Holdings Inc.,proposed sale $1.58M,1575013,,https://www.sec.gov/Archives/edgar/data/2086054/000197449426000295/0001974494-26-000295-index.htm,LOW
2026-09-15T20:21:39+00:00,FORM_144,,IBEX  LIMITED,proposed sale $706K,706064,,https://www.sec.gov/Archives/edgar/data/1974084/000197449426000294/0001974494-26-000294-index.htm,LOW
2026-09-15T20:21:39+00:00,FORM_144,,IBEX LIMTED,proposed sale $302K,302251,,https://www.sec.gov/Archives/edgar/data/1973684/000197449426000293/0001974494-26-000293-index.htm,LOW
2026-09-15T20:21:40+00:00,FORM_144,,"Verisk Analytics, Inc.",proposed sale $74K,73964,,https://www.sec.gov/Archives/edgar/data/1946842/000196430626000444/0001964306-26-000444-index.htm,LOW
2026-09-15T20:21:40+00:00,FORM_144,,United Parks & Resorts Inc.,proposed sale $41K,41071,,https://www.sec.gov/Archives/edgar/data/1962573/000196430626000443/0001964306-26-000443-index.htm,LOW
2026-09-15T20:21:40+00:00,FORM_144,,"MediaAlpha, Inc.",proposed sale $149K,149422,,https://www.sec.gov/Archives/edgar/data/1829989/000192109426001022/0001921094-26-001022-index.htm,LOW
2026-09-15T20:21:41+00:00,FORM_144,,"Groupon, Inc.",proposed sale $252K,251538,,https://www.sec.gov/Archives/edgar/data/1973423/000195917326006982/0001959173-26-006982-index.htm,LOW
2026-09-15T20:21:41+00:00,FORM_144,,Samsara Inc.,proposed sale $92K,92121,,https://www.sec.gov/Archives/edgar/data/2074298/000192109426001021/0001921094-26-001021-index.htm,LOW
2026-09-15T20:21:42+00:00,FORM_144,,"Guardant Health, Inc.",proposed sale $1.38M,1377364,,https://www.sec.gov/Archives/edgar/data/1977179/000192109426001020/0001921094-26-001020-index.htm,LOW
2026-09-15T20:21:42+00:00,FORM_144,,"BLOCK, INC.",proposed sale $476K,475860,,https://www.sec.gov/Archives/edgar/data/1933928/000195004726009475/0001950047-26-009475-index.htm,LOW
2026-09-15T20:21:42+00:00,FORM_144,,"Diamondback Energy, Inc.",proposed sale $1.05M,1050000,,https://www.sec.gov/Archives/edgar/data/1559931/000192109426001019/0001921094-26-001019-index.htm,LOW
2026-09-15T20:21:43+00:00,FORM_144,,"EverQuote, Inc.",proposed sale $501K,501445,,https://www.sec.gov/Archives/edgar/data/1744403/000196922326001023/0001969223-26-001023-index.htm,LOW
2026-09-15T20:21:43+00:00,FORM_144,,"Diamondback Energy, Inc.",proposed sale $282K,281848,,https://www.sec.gov/Archives/edgar/data/1767328/000192109426001018/0001921094-26-001018-index.htm,LOW
2026-09-15T20:21:43+00:00,FORM_144,,"Qorvo, Inc.",proposed sale $561K,560676,,https://www.sec.gov/Archives/edgar/data/1604778/000195917326006981/0001959173-26-006981-index.htm,LOW
2026-09-15T20:21:44+00:00,FORM_144,,"BRIDGEWATER BANCSHARES, INC.",proposed sale $9K,8500,,https://www.sec.gov/Archives/edgar/data/2080505/000195004726009474/0001950047-26-009474-index.htm,LOW
2026-09-15T20:21:44+00:00,FORM_144,,"BOX, INC.",proposed sale $216K,215530,,https://www.sec.gov/Archives/edgar/data/1372612/000195004726009473/0001950047-26-009473-index.htm,LOW
2026-09-15T20:21:44+00:00,FORM_144,,"THERAVANCE BIOPHARMA, INC.",proposed sale $227K,226793,,https://www.sec.gov/Archives/edgar/data/1898490/000195004726009472/0001950047-26-009472-index.htm,LOW
2026-09-15T20:21:45+00:00,FORM_144,,Maplebear Inc.,proposed sale $142K,142040,,https://www.sec.gov/Archives/edgar/data/1651687/000192109426001017/0001921094-26-001017-index.htm,LOW
2026-09-15T20:21:45+00:00,FORM_144,,INDEPENDENT BANK CORP /MI/,proposed sale $75K,74558,,https://www.sec.gov/Archives/edgar/data/1290904/000197248126000283/0001972481-26-000283-index.htm,LOW
2026-09-15T20:21:46+00:00,FORM_144,,FENNEC PHARMACEUTICALS INC.,proposed sale $160K,160069,,https://www.sec.gov/Archives/edgar/data/1589776/000195004726009471/0001950047-26-009471-index.htm,LOW
2026-09-15T20:21:46+00:00,FORM_144,,INCYTE CORPORATION,proposed sale $2.80M,2797571,,https://www.sec.gov/Archives/edgar/data/1205703/000195004726009470/0001950047-26-009470-index.htm,LOW
2026-09-15T20:21:46+00:00,FORM_144,,EGAIN CORPORATION,proposed sale $31K,30921,,https://www.sec.gov/Archives/edgar/data/2040340/000195004726009469/0001950047-26-009469-index.htm,LOW
2026-09-15T20:21:47+00:00,FORM_144,,"SYNOPSYS, INC.",proposed sale $5.47M,5474683,,https://www.sec.gov/Archives/edgar/data/1822289/000195004726009468/0001950047-26-009468-index.htm,LOW
2026-09-15T20:32:21+00:00,INSIDER_BUY,SNES,"SenesTech, Inc.",Edell Michael $840,840,1,https://www.sec.gov/Archives/edgar/data/1680378/000162828026062063/0001628280-26-062063-index.htm,HIGH
2026-09-15T20:32:26+00:00,FORM_144,,EverCommerce Inc.,proposed sale $4K,4266,,https://www.sec.gov/Archives/edgar/data/1856906/000195917326006984/0001959173-26-006984-index.htm,LOW
2026-09-15T20:32:27+00:00,FORM_144,,"PINTEREST, INC.",proposed sale $901K,900925,,https://www.sec.gov/Archives/edgar/data/1773914/000192109426001025/0001921094-26-001025-index.htm,LOW
2026-09-15T20:32:27+00:00,FORM_144,,"VIRTUS INVESTMENT PARTNERS, INC.",proposed sale $64K,64123,,https://www.sec.gov/Archives/edgar/data/1385266/000119312526391982/0001193125-26-391982-index.htm,LOW
2026-09-15T20:32:27+00:00,FORM_144,,"Ceribell, Inc.",proposed sale $522K,521773,,https://www.sec.gov/Archives/edgar/data/2035784/000195917326006983/0001959173-26-006983-index.htm,LOW
2026-09-15T20:32:27+00:00,FORM_144,,IMPINJ INC,proposed sale $139K,138608,,https://www.sec.gov/Archives/edgar/data/1969449/000192109426001024/0001921094-26-001024-index.htm,LOW
2026-09-15T20:32:28+00:00,FORM_144,,"ConnectM Technology Solutions, Inc.",proposed sale $592,591,,https://www.sec.gov/Archives/edgar/data/1904506/000195004726009493/0001950047-26-009493-index.htm,LOW
2026-09-15T20:32:28+00:00,FORM_144,,Scorpio Tankers Inc.,proposed sale $4.82M,4820015,,https://www.sec.gov/Archives/edgar/data/2009633/000200963326000002/0002009633-26-000002-index.htm,LOW
2026-09-15T20:32:28+00:00,FORM_144,,SAMSARA INC.,proposed sale $429K,429100,,https://www.sec.gov/Archives/edgar/data/1642896/000195004726009492/0001950047-26-009492-index.htm,LOW
2026-09-15T20:32:29+00:00,FORM_144,,"CLIMB BIO, INC.",proposed sale $1.46M,1456000,,https://www.sec.gov/Archives/edgar/data/2027962/000195004726009491/0001950047-26-009491-index.htm,LOW
2026-09-15T20:32:29+00:00,FORM_144,,"ROBINHOOD MKTS, INC.",proposed sale $1.31M,1311593,,https://www.sec.gov/Archives/edgar/data/2108589/000195004726009490/0001950047-26-009490-index.htm,LOW
2026-09-15T20:32:29+00:00,FORM_144,,"Meta Platforms, Inc.",proposed sale $13.50M,13504556,,https://www.sec.gov/Archives/edgar/data/1607459/000192109426001023/0001921094-26-001023-index.htm,LOW
2026-09-15T20:32:30+00:00,FORM_144,,DROPBOX INC,proposed sale $76K,75552,,https://www.sec.gov/Archives/edgar/data/2075704/000195004726009489/0001950047-26-009489-index.htm,LOW
2026-09-15T20:32:30+00:00,FORM_144,,"TRAVERE THERAPEUTICS, INC.",proposed sale $2.94M,2939102,,https://www.sec.gov/Archives/edgar/data/1902368/000195004726009488/0001950047-26-009488-index.htm,LOW
2026-09-15T20:32:30+00:00,FORM_144,,"ANI PHARMACEUTICALS, INC.",proposed sale $380K,380160,,https://www.sec.gov/Archives/edgar/data/1822629/000195004726009487/0001950047-26-009487-index.htm,LOW
2026-09-15T20:32:31+00:00,FORM_144,,Pegasystems Inc.,proposed sale $38K,38000,,https://www.sec.gov/Archives/edgar/data/1684701/000162828026062061/0001628280-26-062061-index.htm,LOW
2026-09-15T20:32:31+00:00,FORM_144,,CIENA CORPORATION,proposed sale $81K,80890,,https://www.sec.gov/Archives/edgar/data/1998460/000195004726009486/0001950047-26-009486-index.htm,LOW
2026-09-15T20:32:31+00:00,FORM_144,,SEAGATE TECHNOLOGY HOLDINGS PUBLIC LIMITED COMPANY,proposed sale $41.24M,41239128,,https://www.sec.gov/Archives/edgar/data/1801425/000195004726009485/0001950047-26-009485-index.htm,LOW
2026-09-15T20:32:32+00:00,FORM_144,,"CNO FINANCIAL GROUP, INC.",proposed sale $244K,244291,,https://www.sec.gov/Archives/edgar/data/2006641/000195004726009484/0001950047-26-009484-index.htm,LOW
2026-09-15T20:32:32+00:00,FORM_144,,EPLUS INC,proposed sale $44K,43763,,https://www.sec.gov/Archives/edgar/data/1736723/000196530126000142/0001965301-26-000142-index.htm,LOW
2026-09-15T20:32:32+00:00,FORM_144,,"ADVANCED MICRO DEVICES, INC.",proposed sale $8.68M,8683128,,https://www.sec.gov/Archives/edgar/data/1622864/000195004726009483/0001950047-26-009483-index.htm,LOW
2026-09-15T20:32:33+00:00,FORM_144,,"GILEAD SCIENCES, INC.",proposed sale $433K,432646,,https://www.sec.gov/Archives/edgar/data/1782135/000195004726009482/0001950047-26-009482-index.htm,LOW
2026-09-15T20:45:07+00:00,FORM_144,,Integer Holdings Corp,proposed sale $594K,593610,,https://www.sec.gov/Archives/edgar/data/1726955/000195917326006988/0001959173-26-006988-index.htm,LOW
2026-09-15T20:45:08+00:00,FORM_144,,"TRAVERE THERAPEUTICS, INC.",proposed sale $2.60M,2603705,,https://www.sec.gov/Archives/edgar/data/1438533/000195004726009520/0001950047-26-009520-index.htm,LOW
2026-09-15T20:45:08+00:00,FORM_144,,"NEONC TECHNOLOGIES HOLDINGS, INC.",proposed sale $19K,18900,,https://www.sec.gov/Archives/edgar/data/1997371/000195004726009519/0001950047-26-009519-index.htm,LOW
2026-09-15T20:45:08+00:00,FORM_144,,PHARVARIS N.V.,proposed sale $332K,331716,,https://www.sec.gov/Archives/edgar/data/1897890/000195004726009518/0001950047-26-009518-index.htm,LOW
2026-09-15T20:45:09+00:00,FORM_144,,NextNav Inc.,proposed sale $13K,13193,,https://www.sec.gov/Archives/edgar/data/2060247/000195004726009517/0001950047-26-009517-index.htm,LOW
2026-09-15T20:45:09+00:00,FORM_144,,PERDOCEO EDUCATION CORPORATION,proposed sale $1.52M,1519480,,https://www.sec.gov/Archives/edgar/data/1237505/000195004726009516/0001950047-26-009516-index.htm,LOW
2026-09-15T20:45:10+00:00,FORM_144,,"Intuitive Surgical, Inc.",proposed sale $823K,823153,,https://www.sec.gov/Archives/edgar/data/1897970/000195004726009515/0001950047-26-009515-index.htm,LOW
2026-09-15T20:45:12+00:00,FORM_144,,"CoreWeave, Inc.",proposed sale $16.60M,16596000,,https://www.sec.gov/Archives/edgar/data/2058037/000195004726009514/0001950047-26-009514-index.htm,LOW
2026-09-15T20:45:12+00:00,FORM_144,,"TRAVERE THERAPEUTICS, INC.",proposed sale $6.29M,6293866,,https://www.sec.gov/Archives/edgar/data/1763494/000195004726009513/0001950047-26-009513-index.htm,LOW
2026-09-15T20:45:13+00:00,FORM_144,,TREVI THERAPEUTICS INC,proposed sale $627K,627225,,https://www.sec.gov/Archives/edgar/data/1563880/000195004726009512/0001950047-26-009512-index.htm,LOW
2026-09-15T20:45:13+00:00,FORM_144,,"WORKDAY, INC.",proposed sale $18.75M,18750004,,https://www.sec.gov/Archives/edgar/data/1327811/000195004726009511/0001950047-26-009511-index.htm,LOW
2026-09-15T20:45:14+00:00,FORM_144,,"TRAVERE THERAPEUTICS, INC.",proposed sale $6.72M,6723080,,https://www.sec.gov/Archives/edgar/data/1789617/000195004726009510/0001950047-26-009510-index.htm,LOW
2026-09-15T20:45:14+00:00,FORM_144,,"CoreWeave, Inc.",proposed sale $8.94M,8936282,,https://www.sec.gov/Archives/edgar/data/2058037/000195004726009509/0001950047-26-009509-index.htm,LOW
2026-09-15T20:45:15+00:00,FORM_144,,LIMBACH HOLDINGS INC,proposed sale $261K,260710,,https://www.sec.gov/Archives/edgar/data/1965562/000195004726009508/0001950047-26-009508-index.htm,LOW
2026-09-15T20:45:15+00:00,FORM_144,,"INDIE SEMICONDUCTOR, INC",proposed sale $156K,156500,,https://www.sec.gov/Archives/edgar/data/1866018/000195004726009507/0001950047-26-009507-index.htm,LOW
2026-09-15T20:45:16+00:00,FORM_144,,ROIVANT SCIENCES LTD,proposed sale $931K,930661,,https://www.sec.gov/Archives/edgar/data/1807359/000195004726009506/0001950047-26-009506-index.htm,LOW
2026-09-15T20:45:16+00:00,FORM_144,,"Heartflow, Inc.",proposed sale $33K,33408,,https://www.sec.gov/Archives/edgar/data/2079946/000195917326006987/0001959173-26-006987-index.htm,LOW
2026-09-15T20:45:17+00:00,FORM_144,,"HORNBECK OFFSHORE SERVICES, INC.",proposed sale $2.24M,2237671,,https://www.sec.gov/Archives/edgar/data/1648839/000195917326006986/0001959173-26-006986-index.htm,LOW
2026-09-15T20:45:17+00:00,FORM_144,,"Ceribell, Inc.",proposed sale $21K,21150,,https://www.sec.gov/Archives/edgar/data/2035786/000195917326006985/0001959173-26-006985-index.htm,LOW
2026-09-15T20:45:18+00:00,FORM_144,,ADAPTIVE BIOTECHNOLOGIES CORPORATION,proposed sale $30K,29612,,https://www.sec.gov/Archives/edgar/data/1820885/000195004726009505/0001950047-26-009505-index.htm,LOW
2026-09-15T20:45:18+00:00,FORM_144,,908 Devices Inc.,proposed sale $269K,269092,,https://www.sec.gov/Archives/edgar/data/1836876/000195004726009504/0001950047-26-009504-index.htm,LOW
2026-09-15T20:45:19+00:00,FORM_144,,"TRAVERE THERAPEUTICS, INC.",proposed sale $6.33M,6328866,,https://www.sec.gov/Archives/edgar/data/1698262/000195004726009503/0001950047-26-009503-index.htm,LOW
2026-09-15T20:45:19+00:00,FORM_144,,"ICHOR HOLDINGS, LTD.",proposed sale $1.03M,1027600,,https://www.sec.gov/Archives/edgar/data/1652535/000195004726009502/0001950047-26-009502-index.htm,LOW
2026-09-15T20:45:20+00:00,FORM_144,,"Nextdoor Holdings, Inc.",proposed sale $369K,368645,,https://www.sec.gov/Archives/edgar/data/2083093/000195004726009501/0001950047-26-009501-index.htm,LOW
2026-09-15T20:45:23+00:00,FORM_144,,TERADATA CORPORATION,proposed sale $294K,293700,,https://www.sec.gov/Archives/edgar/data/1719723/000195004726009500/0001950047-26-009500-index.htm,LOW
2026-09-15T20:45:24+00:00,FORM_144,,SPRINKLR INC,proposed sale $232K,231600,,https://www.sec.gov/Archives/edgar/data/2018050/000195004726009499/0001950047-26-009499-index.htm,LOW
2026-09-15T20:45:24+00:00,FORM_144,,GCM GROSVENOR INC,proposed sale $506K,505600,,https://www.sec.gov/Archives/edgar/data/1819796/000195004726009498/0001950047-26-009498-index.htm,LOW
2026-09-15T20:45:24+00:00,FORM_144,,ULTRAGENYX PHARMACEUTICAL INC.,proposed sale $17K,17461,,https://www.sec.gov/Archives/edgar/data/1603347/000195004726009497/0001950047-26-009497-index.htm,LOW
2026-09-15T20:45:25+00:00,FORM_144,,Grab Holdings Limited,proposed sale $453K,453000,,https://www.sec.gov/Archives/edgar/data/1976718/000196858226000973/0001968582-26-000973-index.htm,LOW
2026-09-15T20:45:25+00:00,FORM_144,,"Chime Financial, Inc.",proposed sale $3.47M,3465007,,https://www.sec.gov/Archives/edgar/data/1795586/000195004726009496/0001950047-26-009496-index.htm,LOW
2026-09-15T20:45:26+00:00,FORM_144,,ROIVANT SCIENCES LTD,proposed sale $210K,209694,,https://www.sec.gov/Archives/edgar/data/1635088/000195004726009495/0001950047-26-009495-index.htm,LOW
2026-09-15T20:45:26+00:00,FORM_144,,Ciena Corporation,proposed sale $799K,799100,,https://www.sec.gov/Archives/edgar/data/1444157/000195004726009494/0001950047-26-009494-index.htm,LOW
2026-09-15T20:53:53+00:00,FORM_144,,TARSUS PHARMACEUTICALS INC,proposed sale $980K,979745,,https://www.sec.gov/Archives/edgar/data/1819790/000162828026062078/0001628280-26-062078-index.htm,LOW
2026-09-15T20:53:54+00:00,FORM_144,,Sea Limited,proposed sale $10.43M,10433280,,https://www.sec.gov/Archives/edgar/data/1968046/000196858226000975/0001968582-26-000975-index.htm,LOW
2026-09-15T20:53:54+00:00,FORM_144,,"Joby Aviation, Inc.",proposed sale $3.82M,3822002,,https://www.sec.gov/Archives/edgar/data/1877280/000195004726009532/0001950047-26-009532-index.htm,LOW
2026-09-15T20:53:55+00:00,FORM_144,,"SoFi Technologies, Inc.",proposed sale $48K,47638,,https://www.sec.gov/Archives/edgar/data/2034857/000195917326006990/0001959173-26-006990-index.htm,LOW
2026-09-15T20:53:55+00:00,FORM_144,,WEALTHFRONT CORPORATION,proposed sale $1.42M,1421829,,https://www.sec.gov/Archives/edgar/data/2082564/000208256426000012/0002082564-26-000012-index.htm,LOW
2026-09-15T20:53:55+00:00,FORM_144,,"ROCKET PHARMACEUTICALS, INC.",proposed sale $23K,22730,,https://www.sec.gov/Archives/edgar/data/1662170/000195917326006989/0001959173-26-006989-index.htm,LOW
2026-09-15T20:53:56+00:00,FORM_144,,"CADENCE DESIGN SYSTEMS, INC.",proposed sale $1.67M,1674360,,https://www.sec.gov/Archives/edgar/data/1847883/000195004726009531/0001950047-26-009531-index.htm,LOW
2026-09-15T20:53:56+00:00,FORM_144,,"Aquestive Therapeutics, Inc.",proposed sale $244K,244000,,https://www.sec.gov/Archives/edgar/data/1742266/000195004726009530/0001950047-26-009530-index.htm,LOW
2026-09-15T20:53:57+00:00,FORM_144,,"Reddit, Inc.",proposed sale $19.67M,19673311,,https://www.sec.gov/Archives/edgar/data/1827011/000195004726009529/0001950047-26-009529-index.htm,LOW
2026-09-15T20:53:57+00:00,FORM_144,,TransDigm Group Incorporated,proposed sale $8.89M,8889760,,https://www.sec.gov/Archives/edgar/data/1656109/000195004726009528/0001950047-26-009528-index.htm,LOW
2026-09-15T20:53:58+00:00,FORM_144,,Alamos Gold Inc.,proposed sale $369K,369473,,https://www.sec.gov/Archives/edgar/data/2119351/000119312526392040/0001193125-26-392040-index.htm,LOW
2026-09-15T20:53:58+00:00,FORM_144,,LATTICE SEMICONDUCTOR CORPORATION,proposed sale $456K,455713,,https://www.sec.gov/Archives/edgar/data/1992449/000195004726009527/0001950047-26-009527-index.htm,LOW
2026-09-15T20:53:58+00:00,FORM_144,,StoneX Group Inc.,proposed sale $3.39M,3385042,,https://www.sec.gov/Archives/edgar/data/1662210/000162828026062071/0001628280-26-062071-index.htm,LOW
2026-09-15T20:53:59+00:00,FORM_144,,"Erasca, Inc.",proposed sale $133K,133093,,https://www.sec.gov/Archives/edgar/data/1973524/000162828026062070/0001628280-26-062070-index.htm,LOW
2026-09-15T20:53:59+00:00,FORM_144,,ANGI INC.,proposed sale $16K,15872,,https://www.sec.gov/Archives/edgar/data/2041269/000195004726009526/0001950047-26-009526-index.htm,LOW
2026-09-15T20:54:00+00:00,FORM_144,,"ATN International, Inc",proposed sale $155K,155000,,https://www.sec.gov/Archives/edgar/data/1366518/000196922326001024/0001969223-26-001024-index.htm,LOW
2026-09-15T20:54:00+00:00,FORM_144,,SANDISK CORPORATION,proposed sale $4.66M,4655970,,https://www.sec.gov/Archives/edgar/data/2023554/000195004726009525/0001950047-26-009525-index.htm,LOW
2026-09-15T20:54:00+00:00,FORM_144,,WEALTHFRONT CORP,proposed sale $7K,6794,,https://www.sec.gov/Archives/edgar/data/1524566/000195004726009524/0001950047-26-009524-index.htm,LOW
2026-09-15T20:54:01+00:00,FORM_144,,"TRAVERE THERAPEUTICS, INC.",proposed sale $354K,353621,,https://www.sec.gov/Archives/edgar/data/1882909/000195004726009523/0001950047-26-009523-index.htm,LOW
2026-09-15T20:54:01+00:00,FORM_144,,NEBIUS GROUP N.V.,proposed sale $1.35M,1350377,,https://www.sec.gov/Archives/edgar/data/2096831/000195004726009522/0001950047-26-009522-index.htm,LOW
2026-09-15T20:54:02+00:00,FORM_144,,"TRAVERE THERAPEUTICS, INC.",proposed sale $3.32M,3322921,,https://www.sec.gov/Archives/edgar/data/1943192/000195004726009521/0001950047-26-009521-index.htm,LOW
2026-09-15T21:17:44+00:00,INSIDER_BUY,CARL,"CARLSMED, INC.","Presidio Management Group XII, L.L.C. $3.00M",3000000,418,https://www.sec.gov/Archives/edgar/data/1794546/000119312526392111/0001193125-26-392111-index.htm,MEDIUM
2026-09-15T21:17:51+00:00,FORM_144,,"Clover Health Investments, Corp.",proposed sale $41K,40500,,https://www.sec.gov/Archives/edgar/data/1839066/000183906626000043/0001839066-26-000043-index.htm,LOW
2026-09-15T21:17:52+00:00,FORM_144,,QuantumScape Corporation,proposed sale $1.21M,1212000,,https://www.sec.gov/Archives/edgar/data/1834249/000195824426000609/0001958244-26-000609-index.htm,LOW
2026-09-15T21:17:52+00:00,FORM_144,,"Circle Internet Group, Inc.",proposed sale $279K,278755,,https://www.sec.gov/Archives/edgar/data/1876042/000195824426000608/0001958244-26-000608-index.htm,LOW
2026-09-15T21:17:53+00:00,FORM_144,,"Circle Internet Group, Inc.",proposed sale $150K,150156,,https://www.sec.gov/Archives/edgar/data/1876042/000195824426000607/0001958244-26-000607-index.htm,LOW
2026-09-15T21:17:53+00:00,FORM_144,,"Circle Internet Group, Inc.",proposed sale $1.20M,1195300,,https://www.sec.gov/Archives/edgar/data/1876042/000195824426000606/0001958244-26-000606-index.htm,LOW
2026-09-15T21:17:53+00:00,FORM_144,,Amalgamated Financial Corp.,proposed sale $158K,158231,,https://www.sec.gov/Archives/edgar/data/1849127/000197407826000356/0001974078-26-000356-index.htm,LOW
2026-09-15T21:17:54+00:00,FORM_144,,"Circle Internet Group, Inc.",proposed sale $166K,166100,,https://www.sec.gov/Archives/edgar/data/1876042/000195824426000605/0001958244-26-000605-index.htm,LOW
2026-09-15T21:17:54+00:00,FORM_144,,"Circle Internet Group, Inc.",proposed sale $154K,153521,,https://www.sec.gov/Archives/edgar/data/1876042/000195824426000604/0001958244-26-000604-index.htm,LOW
2026-09-15T21:17:54+00:00,FORM_144,,"Circle Internet Group, Inc.",proposed sale $1.33M,1332480,,https://www.sec.gov/Archives/edgar/data/1876042/000195824426000603/0001958244-26-000603-index.htm,LOW
2026-09-15T21:17:55+00:00,FORM_144,,"CLOVER HEALTH INVESTMENTS, CORP.","proposed sale $1,000K",999574,,https://www.sec.gov/Archives/edgar/data/1938197/000195004726009537/0001950047-26-009537-index.htm,LOW
2026-09-15T21:17:55+00:00,FORM_144,,"SoFi Technologies, Inc.",proposed sale $205K,204548,,https://www.sec.gov/Archives/edgar/data/2012135/000195917326006994/0001959173-26-006994-index.htm,LOW
2026-09-15T21:17:55+00:00,FORM_144,,"WILLDAN GROUP, INC.",proposed sale $389K,389253,,https://www.sec.gov/Archives/edgar/data/1395188/000195004726009536/0001950047-26-009536-index.htm,LOW
2026-09-15T21:17:56+00:00,FORM_144,,"SoFi Technologies, Inc.",proposed sale $721K,721398,,https://www.sec.gov/Archives/edgar/data/1934200/000195917326006993/0001959173-26-006993-index.htm,LOW
2026-09-15T21:17:56+00:00,FORM_144,,"HawkEye 360, Inc.",proposed sale $151K,151154,,https://www.sec.gov/Archives/edgar/data/2127284/000175070426000025/0001750704-26-000025-index.htm,LOW
2026-09-15T21:17:57+00:00,FORM_144,,WEALTHFRONT CORPORATION,proposed sale $400K,399791,,https://www.sec.gov/Archives/edgar/data/2078580/000207858026000013/0002078580-26-000013-index.htm,LOW
2026-09-15T21:17:57+00:00,FORM_144,,"SoFi Technologies, Inc.",proposed sale $249K,249059,,https://www.sec.gov/Archives/edgar/data/1818874/000195917326006992/0001959173-26-006992-index.htm,LOW
2026-09-15T21:17:57+00:00,FORM_144,,"SoFi Technologies, Inc.",proposed sale $1.14M,1140984,,https://www.sec.gov/Archives/edgar/data/2032458/000195917326006991/0001959173-26-006991-index.htm,LOW
2026-09-15T21:17:58+00:00,FORM_144,,"HawkEye 360, Inc.",proposed sale $434K,434168,,https://www.sec.gov/Archives/edgar/data/1836524/000183652426000014/0001836524-26-000014-index.htm,LOW
2026-09-15T21:17:58+00:00,FORM_144,,WEALTHFRONT CORPORATION,proposed sale $246K,245632,,https://www.sec.gov/Archives/edgar/data/2082674/000208267426000009/0002082674-26-000009-index.htm,LOW
2026-09-15T21:17:59+00:00,FORM_144,,WEALTHFRONT CORPORATION,proposed sale $512K,511818,,https://www.sec.gov/Archives/edgar/data/1524566/000149748726000008/0001497487-26-000008-index.htm,LOW
2026-09-15T21:17:59+00:00,FORM_144,,"RINGCENTRAL, INC.",proposed sale $2.72M,2721513,,https://www.sec.gov/Archives/edgar/data/1599821/000195004726009534/0001950047-26-009534-index.htm,LOW
2026-09-15T21:17:59+00:00,FORM_144,,WEALTHFRONT CORPORATION,proposed sale $309K,309436,,https://www.sec.gov/Archives/edgar/data/2082642/000208264226000006/0002082642-26-000006-index.htm,LOW
2026-09-15T21:18:00+00:00,FORM_144,,"NATERA, INC.",proposed sale $700K,700014,,https://www.sec.gov/Archives/edgar/data/1646382/000195004726009533/0001950047-26-009533-index.htm,LOW
2026-09-15T21:29:20+00:00,INSIDER_CLUSTER,GPUS,"Hyperscale Data, Inc.",AULT MILTON C III $1K,1212,4,https://www.sec.gov/Archives/edgar/data/1212502/000121465926011723/0001214659-26-011723-index.htm,HIGH
2026-09-15T21:29:25+00:00,FORM_144,,MOHAWK INDUSTRIES INC,proposed sale $242K,241824,,https://www.sec.gov/Archives/edgar/data/925177/000001179026000033/0000011790-26-000033-index.htm,LOW
2026-09-15T21:29:26+00:00,FORM_144,,"Clover Health Investments, Corp.",proposed sale $30K,29898,,https://www.sec.gov/Archives/edgar/data/1999086/000199908626000028/0001999086-26-000028-index.htm,LOW
2026-09-15T21:29:35+00:00,FORM_144,,Kinetik Holdings Inc.,proposed sale $256K,256324,,https://www.sec.gov/Archives/edgar/data/1904934/000090514826004200/0000905148-26-004200-index.htm,LOW
2026-09-15T21:29:35+00:00,FORM_144,,TEEKAY TANKERS LTD.,proposed sale $739K,738916,,https://www.sec.gov/Archives/edgar/data/1977201/000195004726009538/0001950047-26-009538-index.htm,LOW
2026-09-15T21:29:36+00:00,FORM_144,,Sea Limited,proposed sale $137.84M,137843200,,https://www.sec.gov/Archives/edgar/data/1966565/000196858226000977/0001968582-26-000977-index.htm,LOW
2026-09-15T21:40:22+00:00,FORM_144,,"LiveWire Group, Inc.",proposed sale $12K,12309,,https://www.sec.gov/Archives/edgar/data/2134919/000195917326006995/0001959173-26-006995-index.htm,LOW
2026-09-15T21:40:23+00:00,FORM_144,,"Cricut, Inc.",proposed sale $1.02M,1017000,,https://www.sec.gov/Archives/edgar/data/1851564/000195824426000610/0001958244-26-000610-index.htm,LOW
2026-09-15T21:40:23+00:00,FORM_144,,IRIDIUM COMMUNICATIONS INC.,proposed sale $267K,267393,,https://www.sec.gov/Archives/edgar/data/2046045/000195004726009539/0001950047-26-009539-index.htm,LOW
2026-09-15T21:57:19+00:00,FORM_144,,MOHAWK INDUSTRIES INC,proposed sale $1.24M,1238139,,https://www.sec.gov/Archives/edgar/data/925177/000001179026000034/0000011790-26-000034-index.htm,LOW
2026-09-15T21:57:19+00:00,FORM_144,,"Cytokinetics, Inc.",proposed sale $7.09M,7094739,,https://www.sec.gov/Archives/edgar/data/1288859/000196858226000978/0001968582-26-000978-index.htm,LOW
2026-09-15T22:09:54+00:00,FORM_144,,"Revolution Medicines, Inc.",proposed sale $1.10M,1103414,,https://www.sec.gov/Archives/edgar/data/1628171/000146280826000008/0001462808-26-000008-index.htm,LOW
2026-09-15T22:09:55+00:00,FORM_144,,"Revolution Medicines, Inc.",proposed sale $984K,984209,,https://www.sec.gov/Archives/edgar/data/1628171/000129419226000005/0001294192-26-000005-index.htm,LOW
2026-09-15T22:09:55+00:00,FORM_144,,"Revolution Medicines, Inc.",proposed sale $2.77M,2771883,,https://www.sec.gov/Archives/edgar/data/1628171/000124684226000006/0001246842-26-000006-index.htm,LOW
2026-09-15T22:09:55+00:00,FORM_144,,"Revolution Medicines, Inc.",proposed sale $667K,666735,,https://www.sec.gov/Archives/edgar/data/1969082/000196908226000007/0001969082-26-000007-index.htm,LOW
2026-09-15T22:09:56+00:00,FORM_144,,PHARVARIS N.V.,proposed sale $1.77M,1771125,,https://www.sec.gov/Archives/edgar/data/2002390/000195004726009540/0001950047-26-009540-index.htm,LOW
2026-09-15T22:09:56+00:00,FORM_144,,"Revolution Medicines, Inc.",proposed sale $803K,802650,,https://www.sec.gov/Archives/edgar/data/1800668/000180066826000005/0001800668-26-000005-index.htm,LOW
2026-09-15T22:09:56+00:00,FORM_144,,"Rocket Companies, Inc.",proposed sale $12.10M,12096000,,https://www.sec.gov/Archives/edgar/data/1805284/000196858226000980/0001968582-26-000980-index.htm,LOW
2026-09-15T22:09:57+00:00,FORM_144,,"Joby Aviation, Inc.",proposed sale $36K,35904,,https://www.sec.gov/Archives/edgar/data/1877717/000181984826000459/0001819848-26-000459-index.htm,LOW
2026-09-15T22:23:14+00:00,FORM_144,,"Revolution Medicines, Inc.",proposed sale $67K,67447,,https://www.sec.gov/Archives/edgar/data/1835966/000183596626000004/0001835966-26-000004-index.htm,LOW
2026-09-15T22:23:14+00:00,FORM_144,,"Revolution Medicines, Inc.",proposed sale $484K,484361,,https://www.sec.gov/Archives/edgar/data/2124509/000212450926000006/0002124509-26-000006-index.htm,LOW
2026-09-15T22:33:39+00:00,FORM_144,,"Palo Alto Networks, Inc.",proposed sale $187K,186970,,https://www.sec.gov/Archives/edgar/data/1773301/000196858226000982/0001968582-26-000982-index.htm,LOW
2026-09-15T22:59:38+00:00,FORM_144,,Dell Technologies Inc.,proposed sale $25.11M,25105817,,https://www.sec.gov/Archives/edgar/data/1767114/000119312526392234/0001193125-26-392234-index.htm,LOW
2026-09-15T22:59:38+00:00,FORM_144,,Dell Technologies Inc.,proposed sale $2.54M,2537830,,https://www.sec.gov/Archives/edgar/data/1651403/000119312526392229/0001193125-26-392229-index.htm,LOW
2026-09-15T23:13:52+00:00,FORM_144,,Dell Technologies Inc.,proposed sale $14.42M,14419682,,https://www.sec.gov/Archives/edgar/data/1737659/000119312526392244/0001193125-26-392244-index.htm,LOW
2026-09-15T23:13:53+00:00,FORM_144,,"Amer Sports, Inc.",proposed sale $3.12M,3124039,,https://www.sec.gov/Archives/edgar/data/2065419/000197337926000338/0001973379-26-000338-index.htm,LOW
2026-09-15T23:13:53+00:00,FORM_144,,Dell Technologies Inc.,proposed sale $563K,562596,,https://www.sec.gov/Archives/edgar/data/1672565/000119312526392243/0001193125-26-392243-index.htm,LOW
2026-09-15T23:13:53+00:00,FORM_144,,Dell Technologies Inc.,proposed sale $27.51M,27512214,,https://www.sec.gov/Archives/edgar/data/1571996/000119312526392240/0001193125-26-392240-index.htm,LOW
2026-09-15T23:13:54+00:00,FORM_144,,Dell Technologies Inc.,proposed sale $253K,253248,,https://www.sec.gov/Archives/edgar/data/1735863/000119312526392237/0001193125-26-392237-index.htm,LOW
2026-09-15T23:25:13+00:00,FORM_144,,IBEX Limited,proposed sale $221K,221444,,https://www.sec.gov/Archives/edgar/data/2050174/000197449426000298/0001974494-26-000298-index.htm,LOW
2026-09-15T23:35:48+00:00,FORM_144,,"SOUNDHOUND AI, INC.",proposed sale $460K,460101,,https://www.sec.gov/Archives/edgar/data/1921640/000192164026000014/0001921640-26-000014-index.htm,LOW
2026-09-15T23:35:49+00:00,FORM_144,,"DHT Holdings, Inc.",proposed sale $664K,664500,,https://www.sec.gov/Archives/edgar/data/1331284/000095015726001017/0000950157-26-001017-index.htm,LOW
2026-09-15T23:44:08+00:00,FORM_144,,"SOUNDHOUND AI, INC.",proposed sale $251K,250583,,https://www.sec.gov/Archives/edgar/data/1920475/000192047526000018/0001920475-26-000018-index.htm,LOW
2026-09-15T23:52:12+00:00,FORM_144,,"SOUNDHOUND AI, INC.",proposed sale $888K,888266,,https://www.sec.gov/Archives/edgar/data/1917995/000191799526000014/0001917995-26-000014-index.htm,LOW
2026-09-15T23:52:13+00:00,FORM_144,,Seagate Technology Holdings plc,proposed sale $12.54M,12538789,,https://www.sec.gov/Archives/edgar/data/1988271/000198827126000012/0001988271-26-000012-index.htm,LOW
2026-09-15T23:52:13+00:00,FORM_144,,"SOUNDHOUND AI, INC.",proposed sale $251K,250583,,https://www.sec.gov/Archives/edgar/data/1920481/000192048126000013/0001920481-26-000013-index.htm,LOW
2026-09-16T00:21:26+00:00,FORM_144,,"PACS Group, Inc.",proposed sale $6.61M,6612032,,https://www.sec.gov/Archives/edgar/data/2014361/000201436126000036/0002014361-26-000036-index.htm,LOW
2026-09-16T00:21:26+00:00,FORM_144,,Seagate Technology Holdings plc,proposed sale $40.52M,40524880,,https://www.sec.gov/Archives/edgar/data/1764650/000176465026000011/0001764650-26-000011-index.htm,LOW
2026-09-16T00:21:27+00:00,FORM_144,,Seagate Technology Holdings plc,proposed sale $79.36M,79363744,,https://www.sec.gov/Archives/edgar/data/1388390/000138839026000014/0001388390-26-000014-index.htm,LOW
2026-09-16T00:52:58+00:00,INSIDER_CLUSTER,NTHI,"NEONC TECHNOLOGIES HOLDINGS, INC.",CHEN THOMAS C $40K,39999,4,https://www.sec.gov/Archives/edgar/data/1998682/000121390026100266/0001213900-26-100266-index.htm,HIGH
2026-09-16T00:53:00+00:00,INSIDER_CLUSTER,NTHI,"NEONC TECHNOLOGIES HOLDINGS, INC.",GARNETT KEITHLY $1K,1000,1,https://www.sec.gov/Archives/edgar/data/1997371/000121390026100265/0001213900-26-100265-index.htm,HIGH
2026-09-16T01:16:50+00:00,INSIDER_CLUSTER,STI,Solidion Technology Inc.,Winters Jaymes $7K,6996,6,https://www.sec.gov/Archives/edgar/data/1882772/000121390026100273/0001213900-26-100273-index.htm,HIGH
2026-09-16T01:40:53+00:00,INSIDER_CLUSTER,TENX,"TENAX THERAPEUTICS, INC.",Giordano Christopher Thomas $20K,20087,4,https://www.sec.gov/Archives/edgar/data/1871714/000187171426000002/0001871714-26-000002-index.htm,HIGH
2026-09-16T01:40:56+00:00,INSIDER_BUY,FTK,FLOTEK INDUSTRIES INC/CN/,Wilks Matthew $34.32M,34320012,4,https://www.sec.gov/Archives/edgar/data/1696102/000110465926108024/0001104659-26-108024-index.htm,HIGH
2026-09-16T01:40:58+00:00,INSIDER_CLUSTER,TENX,"TENAX THERAPEUTICS, INC.",STAAB THOMAS R II $11K,10981,4,https://www.sec.gov/Archives/edgar/data/1230708/000119312526392319/0001193125-26-392319-index.htm,HIGH
2026-09-16T10:23:17+00:00,INSIDER_CLUSTER,BZUN,Baozun Inc.,Qiu Wenbin $40K,39858,2,https://www.sec.gov/Archives/edgar/data/1975717/000110465926108060/0001104659-26-108060-index.htm,HIGH
2026-09-16T10:23:18+00:00,INSIDER_CLUSTER,NNOX,Nano-X Imaging Ltd.,Meltzer Erez $7K,6899,1,https://www.sec.gov/Archives/edgar/data/1795251/000121390026100307/0001213900-26-100307-index.htm,HIGH
2026-09-16T10:57:24+00:00,FORM_144,,ZIM Integrated Shipping Services Ltd.,proposed sale $140K,140486,,https://www.sec.gov/Archives/edgar/data/1966863/000197640826000848/0001976408-26-000848-index.htm,LOW
2026-09-16T10:57:25+00:00,FORM_144,,Nexxen International Ltd.,proposed sale $21K,21069,,https://www.sec.gov/Archives/edgar/data/1980184/000197640826000847/0001976408-26-000847-index.htm,LOW
2026-09-16T11:51:38+00:00,FORM_144,,TIDEWATER INC,proposed sale $47.64M,47643107,,https://www.sec.gov/Archives/edgar/data/1105838/000110583826000008/0001105838-26-000008-index.htm,LOW
2026-09-16T12:54:10+00:00,INSIDER_CLUSTER,AVBC,"Avidia Bancorp, Inc.",Murphy Michael Dennis $111K,110600,2,https://www.sec.gov/Archives/edgar/data/2077941/000143774926030507/0001437749-26-030507-index.htm,HIGH
2026-09-16T13:05:14+00:00,INSIDER_CLUSTER,CELH,"Celsius Holdings, Inc.",Kravitz Hal $336K,336000,1,https://www.sec.gov/Archives/edgar/data/1685649/000162828026062134/0001628280-26-062134-index.htm,HIGH
2026-09-16T13:22:47+00:00,FORM_144,,"CBL & ASSOCIATES PROPERTIES, INC.",proposed sale $2.72M,2721500,,https://www.sec.gov/Archives/edgar/data/1220925/000119312526392528/0001193125-26-392528-index.htm,LOW
2026-09-16T13:36:04+00:00,FORM_144,,"CrowdStrike Holdings, Inc.",proposed sale $29.10M,29098800,,https://www.sec.gov/Archives/edgar/data/1535527/000162828026062140/0001628280-26-062140-index.htm,LOW
2026-09-16T13:49:42+00:00,FORM_144,,"SmartStop Self Storage REIT, Inc.",proposed sale $14K,13621,,https://www.sec.gov/Archives/edgar/data/1672825/000195917326006998/0001959173-26-006998-index.htm,LOW
2026-09-16T13:49:43+00:00,FORM_144,,"Kodiak Gas Services, Inc.",proposed sale $213K,212966,,https://www.sec.gov/Archives/edgar/data/1814898/000195917326006997/0001959173-26-006997-index.htm,LOW
2026-09-16T13:49:43+00:00,FORM_144,,ORACLE CORP,proposed sale $1.52M,1522827,,https://www.sec.gov/Archives/edgar/data/2071965/000195917326006996/0001959173-26-006996-index.htm,LOW
2026-09-16T13:59:50+00:00,FORM_144,,"REVVITY, INC.",proposed sale $1.03M,1032650,,https://www.sec.gov/Archives/edgar/data/1408107/000195917326006999/0001959173-26-006999-index.htm,LOW
2026-09-16T13:59:50+00:00,FORM_144,,"ARRAY DIGITAL INFRASTRUCTURE, INC.",proposed sale $261K,260909,,https://www.sec.gov/Archives/edgar/data/1215333/000194984626000588/0001949846-26-000588-index.htm,LOW
2026-09-16T14:17:04+00:00,FORM_144,,Snowflake Inc.,proposed sale $951K,951070,,https://www.sec.gov/Archives/edgar/data/1979088/000195917326007003/0001959173-26-007003-index.htm,LOW
2026-09-16T14:17:04+00:00,FORM_144,,Snowflake Inc.,proposed sale $1.23M,1234544,,https://www.sec.gov/Archives/edgar/data/2038740/000195917326007002/0001959173-26-007002-index.htm,LOW
2026-09-16T14:17:04+00:00,FORM_144,,"Hims & Hers Health, Inc.",proposed sale $174K,173734,,https://www.sec.gov/Archives/edgar/data/1837817/000195917326007001/0001959173-26-007001-index.htm,LOW
2026-09-16T14:17:05+00:00,FORM_144,,Snowflake Inc.,proposed sale $2.61M,2608915,,https://www.sec.gov/Archives/edgar/data/1640147/000195917326007000/0001959173-26-007000-index.htm,LOW
2026-09-16T14:46:11+00:00,FORM_144,,Legence Corp.,proposed sale $227K,226835,,https://www.sec.gov/Archives/edgar/data/2082077/000195917326007004/0001959173-26-007004-index.htm,LOW
2026-09-16T15:24:15+00:00,INSIDER_CLUSTER,SBLK,Star Bulk Carriers Corp.,Karellis Nikolaos $57K,56540,1,https://www.sec.gov/Archives/edgar/data/2011929/000201192926000010/0002011929-26-000010-index.htm,HIGH
2026-09-16T15:36:40+00:00,INSIDER_BUY,ARDC,"Ares Dynamic Credit Allocation Fund, Inc.",THRIVENT FINANCIAL FOR LUTHERANS $6.00M,6000000,2,https://www.sec.gov/Archives/edgar/data/1515324/000031498426000042/0000314984-26-000042-index.htm,MEDIUM
2026-09-16T15:48:39+00:00,INSIDER_CLUSTER,SBLK,Star Bulk Carriers Corp.,Spyrou Symeon $424K,424050,1,https://www.sec.gov/Archives/edgar/data/1969701/000196970126000006/0001969701-26-000006-index.htm,HIGH
2026-09-16T15:48:42+00:00,FORM_144,,"Cencora, Inc.",proposed sale $411K,411282,,https://www.sec.gov/Archives/edgar/data/1234234/000162828026062161/0001628280-26-062161-index.htm,LOW
2026-09-16T15:58:41+00:00,FORM_144,,SEMTECH CORP,proposed sale $878K,877978,,https://www.sec.gov/Archives/edgar/data/1753689/000195917326007005/0001959173-26-007005-index.htm,LOW
2026-09-16T16:13:29+00:00,INSIDER_CLUSTER,NONE,Privacore VPC Asset Backed Credit Fund,BANKERS LIFE & CASUALTY CO $8.00M,7999999,2,https://www.sec.gov/Archives/edgar/data/2066579/000090393926000030/0000903939-26-000030-index.htm,HIGH
2026-09-16T16:13:31+00:00,FORM_144,,AFLAC INC,proposed sale $1.56M,1557895,,https://www.sec.gov/Archives/edgar/data/1705261/000195917326007006/0001959173-26-007006-index.htm,LOW
2026-09-16T16:13:31+00:00,FORM_144,,Designer Brands Inc.,proposed sale $156K,156267,,https://www.sec.gov/Archives/edgar/data/1319947/000194984626000589/0001949846-26-000589-index.htm,LOW
2026-09-16T16:40:59+00:00,FORM_144,,AVNET INC,proposed sale $1.22M,1218279,,https://www.sec.gov/Archives/edgar/data/1831638/000195917326007008/0001959173-26-007008-index.htm,LOW
2026-09-16T16:41:00+00:00,FORM_144,,Snowflake Inc.,proposed sale $4.13M,4131630,,https://www.sec.gov/Archives/edgar/data/2127025/000195917326007007/0001959173-26-007007-index.htm,LOW
2026-09-16T16:52:17+00:00,FORM_144,,Madison Square Garden Sports Corp.,proposed sale $247K,247289,,https://www.sec.gov/Archives/edgar/data/2041498/000195917326007009/0001959173-26-007009-index.htm,LOW
2026-09-16T17:27:24+00:00,FORM_144,,Stardust Power Inc.,proposed sale $16K,16292,,https://www.sec.gov/Archives/edgar/data/2028166/000197407826000357/0001974078-26-000357-index.htm,LOW
2026-09-16T17:38:57+00:00,FORM_144,,IBEX LIMTED,proposed sale $93K,93476,,https://www.sec.gov/Archives/edgar/data/1973684/000197449426000300/0001974494-26-000300-index.htm,LOW
2026-09-16T17:38:57+00:00,FORM_144,,"KINDER MORGAN, INC.",proposed sale $143K,143080,,https://www.sec.gov/Archives/edgar/data/2080127/000196530126000143/0001965301-26-000143-index.htm,LOW
2026-09-16T17:48:27+00:00,FORM_144,,C3 AI INC,proposed sale $221K,220960,,https://www.sec.gov/Archives/edgar/data/2014154/000162828026062193/0001628280-26-062193-index.htm,LOW
2026-09-16T18:10:15+00:00,FORM_144,,"AST SpaceMobile, Inc.",proposed sale $707K,706636,,https://www.sec.gov/Archives/edgar/data/1884187/000195917326007010/0001959173-26-007010-index.htm,LOW
2026-09-16T18:10:15+00:00,FORM_144,,"Diamondback Energy, Inc.",proposed sale $1.92B,1920623653,,https://www.sec.gov/Archives/edgar/data/2080063/000114036126036761/0001140361-26-036761-index.htm,LOW
2026-09-16T18:27:25+00:00,INSIDER_CLUSTER,RGCO,RGC RESOURCES INC,WILLIAMSON JOHN B III $2K,2374,1,https://www.sec.gov/Archives/edgar/data/1238836/000143774926030524/0001437749-26-030524-index.htm,HIGH
2026-09-16T18:27:26+00:00,FORM_144,,Stardust Power Inc.,proposed sale $531,530,,https://www.sec.gov/Archives/edgar/data/2028422/000197407826000358/0001974078-26-000358-index.htm,LOW
2026-09-16T18:43:11+00:00,INSIDER_CLUSTER,RWT,REDWOOD TRUST INC,Robinson Dashiell I $252K,251580,0,https://www.sec.gov/Archives/edgar/data/1716998/000171699826000004/0001716998-26-000004-index.htm,HIGH
2026-09-16T18:43:18+00:00,FORM_144,,Medtronic plc,proposed sale $139K,138888,,https://www.sec.gov/Archives/edgar/data/1708062/000195917326007011/0001959173-26-007011-index.htm,LOW
2026-09-16T18:54:30+00:00,INSIDER_CLUSTER,UMH,"UMH PROPERTIES, INC.",Miller Kevin S. $1K,1000,1,https://www.sec.gov/Archives/edgar/data/1559910/000075264226000097/0000752642-26-000097-index.htm,HIGH
2026-09-16T19:19:04+00:00,FORM_144,,"Crescent Biopharma, Inc.",proposed sale $15K,15115,,https://www.sec.gov/Archives/edgar/data/1824673/000162828026062213/0001628280-26-062213-index.htm,LOW
2026-09-16T19:19:05+00:00,FORM_144,,"Crescent Biopharma, Inc.",proposed sale $33K,33294,,https://www.sec.gov/Archives/edgar/data/1528826/000162828026062211/0001628280-26-062211-index.htm,LOW
2026-09-16T19:42:04+00:00,FORM_144,,"Savers Value Village, Inc.",proposed sale $241K,241170,,https://www.sec.gov/Archives/edgar/data/1883313/000195917326007012/0001959173-26-007012-index.htm,LOW
2026-09-16T19:50:52+00:00,FORM_144,,Adobe Inc.,proposed sale $31.44M,31437500,,https://www.sec.gov/Archives/edgar/data/1224154/000196922326001025/0001969223-26-001025-index.htm,LOW
2026-09-16T19:58:33+00:00,INSIDER_CLUSTER,CBKM,CONSUMERS BANCORP INC /OH/,Hudak Hillary A $4K,3708,1,https://www.sec.gov/Archives/edgar/data/1945449/000143774926030543/0001437749-26-030543-index.htm,HIGH
2026-09-16T20:13:37+00:00,INSIDER_BUY,USO,"United States Oil Fund, LP",HRT FINANCIAL LP $16.61M,16608540,5,https://www.sec.gov/Archives/edgar/data/1475597/000147559726000246/0001475597-26-000246-index.htm,MEDIUM
2026-09-16T20:13:44+00:00,INSIDER_CLUSTER,CTSO,Cytosorbents Corp,Capponi Vincent $13K,12536,2,https://www.sec.gov/Archives/edgar/data/1368151/000110465926108247/0001104659-26-108247-index.htm,HIGH
2026-09-16T20:13:46+00:00,FORM_144,,ICON PUBLIC LIMITED COMPANY,proposed sale $876K,875875,,https://www.sec.gov/Archives/edgar/data/1167476/000195004726009549/0001950047-26-009549-index.htm,LOW
2026-09-16T20:13:47+00:00,FORM_144,,"BLOCK, INC.",proposed sale $470K,470160,,https://www.sec.gov/Archives/edgar/data/1933928/000195004726009548/0001950047-26-009548-index.htm,LOW
2026-09-16T20:13:47+00:00,FORM_144,,"Eos Energy Enterprises, Inc.",proposed sale $454K,453906,,https://www.sec.gov/Archives/edgar/data/1813990/000196922326001030/0001969223-26-001030-index.htm,LOW
2026-09-16T20:13:47+00:00,FORM_144,,"Arcutis Biotherapeutics, Inc.",proposed sale $8.55M,8549500,,https://www.sec.gov/Archives/edgar/data/1994805/000162828026062242/0001628280-26-062242-index.htm,LOW
2026-09-16T20:13:48+00:00,FORM_144,,Snap Inc,proposed sale $40K,39576,,https://www.sec.gov/Archives/edgar/data/2062182/000192109426001031/0001921094-26-001031-index.htm,LOW
2026-09-16T20:13:48+00:00,FORM_144,,"Eos Energy Enterprises, Inc.",proposed sale $687K,687343,,https://www.sec.gov/Archives/edgar/data/1805077/000196922326001029/0001969223-26-001029-index.htm,LOW
2026-09-16T20:13:48+00:00,FORM_144,,"Eos Energy Enterprises, Inc.",proposed sale $1.04M,1037500,,https://www.sec.gov/Archives/edgar/data/1833309/000196922326001028/0001969223-26-001028-index.htm,LOW
2026-09-16T20:13:49+00:00,FORM_144,,"DOCUSIGN, INC.",proposed sale $77K,77377,,https://www.sec.gov/Archives/edgar/data/1261333/000195004726009547/0001950047-26-009547-index.htm,LOW
2026-09-16T20:13:49+00:00,FORM_144,,"PINTEREST, INC.",proposed sale $874K,873601,,https://www.sec.gov/Archives/edgar/data/1773914/000192109426001030/0001921094-26-001030-index.htm,LOW
2026-09-16T20:13:49+00:00,FORM_144,,PROSPERITY BANCSHARES INC,proposed sale $626K,625592,,https://www.sec.gov/Archives/edgar/data/1136856/000196922326001027/0001969223-26-001027-index.htm,LOW
2026-09-16T20:13:50+00:00,FORM_144,,"CHIME FINANCIAL, INC.",proposed sale $5.28M,5279797,,https://www.sec.gov/Archives/edgar/data/2047214/000195004726009546/0001950047-26-009546-index.htm,LOW
2026-09-16T20:13:50+00:00,FORM_144,,Ethos Technologies Inc.,proposed sale $929K,929169,,https://www.sec.gov/Archives/edgar/data/2089362/000192109426001029/0001921094-26-001029-index.htm,LOW
2026-09-16T20:13:50+00:00,FORM_144,,"Eos Energy Enterprises, Inc.",proposed sale $182K,181562,,https://www.sec.gov/Archives/edgar/data/1991521/000196922326001026/0001969223-26-001026-index.htm,LOW
2026-09-16T20:13:50+00:00,FORM_144,,IBEX Limited,proposed sale $100K,100164,,https://www.sec.gov/Archives/edgar/data/1974089/000197449426000302/0001974494-26-000302-index.htm,LOW
2026-09-16T20:13:51+00:00,FORM_144,,"Guardant Health, Inc.",proposed sale $20K,20300,,https://www.sec.gov/Archives/edgar/data/1968281/000192109426001028/0001921094-26-001028-index.htm,LOW
2026-09-16T20:13:51+00:00,FORM_144,,PEGASYSTEMS INC.,proposed sale $37K,36677,,https://www.sec.gov/Archives/edgar/data/1353196/000195004726009545/0001950047-26-009545-index.htm,LOW
2026-09-16T20:13:51+00:00,FORM_144,,"Guardant Health, Inc.",proposed sale $145K,144550,,https://www.sec.gov/Archives/edgar/data/1576280/000192109426001027/0001921094-26-001027-index.htm,LOW
2026-09-16T20:13:52+00:00,FORM_144,,"Guardant Health, Inc.",proposed sale $1.17M,1172886,,https://www.sec.gov/Archives/edgar/data/1666236/000192109426001026/0001921094-26-001026-index.htm,LOW
2026-09-16T20:28:17+00:00,INSIDER_CLUSTER,GABC,"GERMAN AMERICAN BANCORP, INC.",Seger Andrew M $8K,7500,1,https://www.sec.gov/Archives/edgar/data/2081604/000208160426000011/0002081604-26-000011-index.htm,HIGH
2026-09-16T20:28:24+00:00,INSIDER_CLUSTER,CBKM,CONSUMERS BANCORP INC /OH/,PADEN FRANK L $6K,6000,1,https://www.sec.gov/Archives/edgar/data/1193016/000143774926030548/0001437749-26-030548-index.htm,HIGH
2026-09-16T20:28:29+00:00,INSIDER_CLUSTER,NONE,Stellus Private Credit BDC,Ladd Robert T. $39K,38857,1,https://www.sec.gov/Archives/edgar/data/1901037/000110465926108263/0001104659-26-108263-index.htm,HIGH
2026-09-16T20:28:31+00:00,INSIDER_CLUSTER,NONE,Stellus Private Credit BDC,Huskinson W. Todd $6K,5764,1,https://www.sec.gov/Archives/edgar/data/1901037/000110465926108262/0001104659-26-108262-index.htm,HIGH
2026-09-16T20:28:34+00:00,INSIDER_CLUSTER,NONE,Stellus Private Credit BDC,D'Angelo Dean $32K,32391,1,https://www.sec.gov/Archives/edgar/data/1901037/000110465926108261/0001104659-26-108261-index.htm,HIGH
2026-09-16T20:28:37+00:00,FORM_144,,"CHIME FINANCIAL, INC.",proposed sale $3.03M,3025486,,https://www.sec.gov/Archives/edgar/data/1795586/000195004726009559/0001950047-26-009559-index.htm,LOW
2026-09-16T20:28:37+00:00,FORM_144,,EverCommerce Inc.,proposed sale $2K,2064,,https://www.sec.gov/Archives/edgar/data/1856906/000195917326007016/0001959173-26-007016-index.htm,LOW
2026-09-16T20:28:38+00:00,FORM_144,,"SPRINKLR, INC.",proposed sale $190K,189549,,https://www.sec.gov/Archives/edgar/data/1820664/000195004726009558/0001950047-26-009558-index.htm,LOW
2026-09-16T20:28:38+00:00,FORM_144,,"SPRINKLR, INC.",proposed sale $38K,38494,,https://www.sec.gov/Archives/edgar/data/1748979/000195004726009557/0001950047-26-009557-index.htm,LOW
2026-09-16T20:28:42+00:00,FORM_144,,HERSHEY CO,proposed sale $125.18M,125175582,,https://www.sec.gov/Archives/edgar/data/938543/000197372726000056/0001973727-26-000056-index.htm,LOW
2026-09-16T20:28:42+00:00,FORM_144,,"SPRINKLR, INC.",proposed sale $164K,164440,,https://www.sec.gov/Archives/edgar/data/2018050/000195004726009556/0001950047-26-009556-index.htm,LOW
2026-09-16T20:28:42+00:00,FORM_144,,"MapLight Therapeutics, Inc.",proposed sale $199K,199428,,https://www.sec.gov/Archives/edgar/data/1789970/000197415826000102/0001974158-26-000102-index.htm,LOW
2026-09-16T20:28:43+00:00,FORM_144,,"Groupon, Inc.",proposed sale $327K,326643,,https://www.sec.gov/Archives/edgar/data/1973423/000195917326007015/0001959173-26-007015-index.htm,LOW
2026-09-16T20:28:43+00:00,FORM_144,,EPLUS INC,proposed sale $13K,12979,,https://www.sec.gov/Archives/edgar/data/1736723/000196530126000144/0001965301-26-000144-index.htm,LOW
2026-09-16T20:28:43+00:00,FORM_144,,"SPRINKLR, INC.",proposed sale $810K,809550,,https://www.sec.gov/Archives/edgar/data/1569345/000195004726009555/0001950047-26-009555-index.htm,LOW
2026-09-16T20:28:44+00:00,FORM_144,,"SPRINKLR, INC.",proposed sale $145K,144821,,https://www.sec.gov/Archives/edgar/data/1967575/000195004726009554/0001950047-26-009554-index.htm,LOW
2026-09-16T20:28:44+00:00,FORM_144,,GLAUKOS Corp,proposed sale $243K,243207,,https://www.sec.gov/Archives/edgar/data/1920053/000195917326007014/0001959173-26-007014-index.htm,LOW
2026-09-16T20:28:44+00:00,FORM_144,,"ConnectM Technology Solutions, Inc.",proposed sale $436,436,,https://www.sec.gov/Archives/edgar/data/1904506/000195004726009553/0001950047-26-009553-index.htm,LOW
2026-09-16T20:28:45+00:00,FORM_144,,"SPRINKLR, INC.",proposed sale $30K,30286,,https://www.sec.gov/Archives/edgar/data/1866802/000195004726009552/0001950047-26-009552-index.htm,LOW
2026-09-16T20:28:45+00:00,FORM_144,,BLOOM ENERGY CORPORATION,proposed sale $616K,616031,,https://www.sec.gov/Archives/edgar/data/2067410/000195004726009551/0001950047-26-009551-index.htm,LOW
2026-09-16T20:28:46+00:00,FORM_144,,SEACOAST BANKING CORPORATION OF FLORIDA,proposed sale $410K,409744,,https://www.sec.gov/Archives/edgar/data/1078596/000195004726009550/0001950047-26-009550-index.htm,LOW
2026-09-16T20:28:46+00:00,FORM_144,,"HANOVER INSURANCE GROUP, INC.",proposed sale $2.28M,2280314,,https://www.sec.gov/Archives/edgar/data/1572984/000195917326007013/0001959173-26-007013-index.htm,LOW
2026-09-16T20:41:21+00:00,INSIDER_CLUSTER,EQPT,EquipmentShare.com Inc,Schlacks Jabbok $445K,444504,2,https://www.sec.gov/Archives/edgar/data/2091677/000162828026062285/0001628280-26-062285-index.htm,HIGH
2026-09-16T20:41:34+00:00,FORM_144,,BEST BUY CO INC,proposed sale $27.97M,27972000,,https://www.sec.gov/Archives/edgar/data/1006394/000196794026000052/0001967940-26-000052-index.htm,LOW
2026-09-16T20:41:34+00:00,FORM_144,,WILLIAM SONOMA INC,proposed sale $7.74M,7740578,,https://www.sec.gov/Archives/edgar/data/1225922/000162828026062283/0001628280-26-062283-index.htm,LOW
2026-09-16T20:41:35+00:00,FORM_144,,HARMONY BIOSCIENCES HLDGS INC,proposed sale $76K,75906,,https://www.sec.gov/Archives/edgar/data/2009762/000195004726009579/0001950047-26-009579-index.htm,LOW
2026-09-16T20:41:35+00:00,FORM_144,,GRINDR INC,proposed sale $5.12M,5120760,,https://www.sec.gov/Archives/edgar/data/1833678/000195004726009578/0001950047-26-009578-index.htm,LOW
2026-09-16T20:41:36+00:00,FORM_144,,TRAVERE THERAPEUTICS INC,proposed sale $7.05M,7054253,,https://www.sec.gov/Archives/edgar/data/1698262/000195004726009577/0001950047-26-009577-index.htm,LOW
2026-09-16T20:41:36+00:00,FORM_144,,TRAVERE THERAPEUTICS INC,proposed sale $10.80M,10796539,,https://www.sec.gov/Archives/edgar/data/1789617/000195004726009576/0001950047-26-009576-index.htm,LOW
2026-09-16T20:41:37+00:00,FORM_144,,NextNav Inc.,proposed sale $42K,42238,,https://www.sec.gov/Archives/edgar/data/1998558/000195004726009575/0001950047-26-009575-index.htm,LOW
2026-09-16T20:41:37+00:00,FORM_144,,"BLOOM ENERGY, CORP.",proposed sale $744K,744334,,https://www.sec.gov/Archives/edgar/data/1664703/000195004726009574/0001950047-26-009574-index.htm,LOW
2026-09-16T20:41:37+00:00,FORM_144,,"BLOOM ENERGY, CORP.",proposed sale $744K,744334,,https://www.sec.gov/Archives/edgar/data/2023038/000195004726009573/0001950047-26-009573-index.htm,LOW
2026-09-16T20:41:38+00:00,FORM_144,,"BLOOM ENERGY, CORP.",proposed sale $934K,933919,,https://www.sec.gov/Archives/edgar/data/2007932/000195004726009572/0001950047-26-009572-index.htm,LOW
2026-09-16T20:41:38+00:00,FORM_144,,BETA BIONICS INC,proposed sale $541K,540728,,https://www.sec.gov/Archives/edgar/data/2048497/000195004726009571/0001950047-26-009571-index.htm,LOW
2026-09-16T20:41:39+00:00,FORM_144,,"Proto Labs, Inc.",proposed sale $8K,7909,,https://www.sec.gov/Archives/edgar/data/1894753/000195004726009570/0001950047-26-009570-index.htm,LOW
2026-09-16T20:41:39+00:00,FORM_144,,"PALVELLA THERAPEUTICS, INC.",proposed sale $651K,650548,,https://www.sec.gov/Archives/edgar/data/1912570/000196794026000051/0001967940-26-000051-index.htm,LOW
2026-09-16T20:41:39+00:00,FORM_144,,"Tempus AI, Inc.",proposed sale $48K,48195,,https://www.sec.gov/Archives/edgar/data/2024250/000195004726009569/0001950047-26-009569-index.htm,LOW
2026-09-16T20:41:40+00:00,FORM_144,,NextNav Inc.,proposed sale $6K,6415,,https://www.sec.gov/Archives/edgar/data/1881628/000195004726009568/0001950047-26-009568-index.htm,LOW
2026-09-16T20:41:40+00:00,FORM_144,,GCM Grosvenor Inc.,proposed sale $128K,127600,,https://www.sec.gov/Archives/edgar/data/1819796/000195004726009567/0001950047-26-009567-index.htm,LOW
2026-09-16T20:41:40+00:00,FORM_144,,TRAVERE THERAPEUTICS INC,proposed sale $12.24M,12242020,,https://www.sec.gov/Archives/edgar/data/1763494/000195004726009566/0001950047-26-009566-index.htm,LOW
2026-09-16T20:41:41+00:00,FORM_144,,"Joby Aviation, Inc.",proposed sale $13K,12597,,https://www.sec.gov/Archives/edgar/data/1877717/000195004726009565/0001950047-26-009565-index.htm,LOW
2026-09-16T20:41:41+00:00,FORM_144,,"Marqeta, Inc.",proposed sale $11K,11472,,https://www.sec.gov/Archives/edgar/data/1863056/000195004726009564/0001950047-26-009564-index.htm,LOW
2026-09-16T20:41:42+00:00,FORM_144,,"Duolingo, Inc.",proposed sale $4.35M,4354704,,https://www.sec.gov/Archives/edgar/data/1829259/000195004726009563/0001950047-26-009563-index.htm,LOW
2026-09-16T20:41:42+00:00,FORM_144,,"Duolingo, Inc.",proposed sale $2.93M,2925711,,https://www.sec.gov/Archives/edgar/data/1966358/000195004726009562/0001950047-26-009562-index.htm,LOW
2026-09-16T20:41:42+00:00,FORM_144,,"Miami International Holdings, Inc.",proposed sale $838K,838283,,https://www.sec.gov/Archives/edgar/data/2080506/000195004726009561/0001950047-26-009561-index.htm,LOW
2026-09-16T20:41:43+00:00,FORM_144,,"CHIME FINANCIAL, INC.",proposed sale $1.73M,1731568,,https://www.sec.gov/Archives/edgar/data/1795586/000195004726009560/0001950047-26-009560-index.htm,LOW
2026-09-16T20:52:46+00:00,FORM_144,,MOHAWK INDUSTRIES INC,proposed sale $240K,240406,,https://www.sec.gov/Archives/edgar/data/925177/000001179026000035/0000011790-26-000035-index.htm,LOW
2026-09-16T20:52:47+00:00,FORM_144,,"Swarmer, Inc",proposed sale $576K,576193,,https://www.sec.gov/Archives/edgar/data/2092574/000162828026062291/0001628280-26-062291-index.htm,LOW
2026-09-16T20:52:47+00:00,FORM_144,,MONARCH CASINO & RESORT INC,proposed sale $617K,617345,,https://www.sec.gov/Archives/edgar/data/937318/000195779926000175/0001957799-26-000175-index.htm,LOW
2026-09-16T20:52:47+00:00,FORM_144,,VTEX,proposed sale $33K,33030,,https://www.sec.gov/Archives/edgar/data/1968917/000195004726009590/0001950047-26-009590-index.htm,LOW
2026-09-16T20:52:48+00:00,FORM_144,,VTEX,proposed sale $33K,33030,,https://www.sec.gov/Archives/edgar/data/1968955/000195004726009589/0001950047-26-009589-index.htm,LOW
2026-09-16T20:52:48+00:00,FORM_144,,"FORMFACTOR, INC.",proposed sale $1.83M,1833790,,https://www.sec.gov/Archives/edgar/data/1590177/000195004726009588/0001950047-26-009588-index.htm,LOW
2026-09-16T20:52:48+00:00,FORM_144,,HALOZYME THERAPEUTICS INC,proposed sale $3.64M,3636512,,https://www.sec.gov/Archives/edgar/data/1543792/000195004726009587/0001950047-26-009587-index.htm,LOW
2026-09-16T20:52:49+00:00,FORM_144,,"CNO FINANCIAL GROUP, INC.",proposed sale $243K,243029,,https://www.sec.gov/Archives/edgar/data/2006641/000195004726009586/0001950047-26-009586-index.htm,LOW
2026-09-16T20:52:49+00:00,FORM_144,,"PUBMATIC, INC.",proposed sale $386K,385940,,https://www.sec.gov/Archives/edgar/data/1833462/000195004726009585/0001950047-26-009585-index.htm,LOW
2026-09-16T20:52:49+00:00,FORM_144,,CIENA CORPORATION,proposed sale $87K,87150,,https://www.sec.gov/Archives/edgar/data/1998460/000195004726009584/0001950047-26-009584-index.htm,LOW
2026-09-16T20:52:50+00:00,FORM_144,,CME GROUP INC.,proposed sale $106K,106102,,https://www.sec.gov/Archives/edgar/data/1952996/000195004726009583/0001950047-26-009583-index.htm,LOW
2026-09-16T20:52:50+00:00,FORM_144,,Adaptive Biotechnologies Corp,proposed sale $3.79M,3793842,,https://www.sec.gov/Archives/edgar/data/1780660/000195004726009582/0001950047-26-009582-index.htm,LOW
2026-09-16T20:52:50+00:00,FORM_144,,LUMENTUM HOLDINGS INC.,proposed sale $428K,428415,,https://www.sec.gov/Archives/edgar/data/1633978/000195004726009581/0001950047-26-009581-index.htm,LOW
2026-09-16T20:52:51+00:00,FORM_144,,"BETA BIONICS, INC.",proposed sale $102K,101919,,https://www.sec.gov/Archives/edgar/data/2048500/000195004726009580/0001950047-26-009580-index.htm,LOW
2026-09-16T21:17:54+00:00,FORM_144,,DAVE INC.,proposed sale $20.26M,20263544,,https://www.sec.gov/Archives/edgar/data/1921268/000195004726009594/0001950047-26-009594-index.htm,LOW
2026-09-16T21:17:54+00:00,FORM_144,,UIPATH INC,proposed sale $1.98M,1976447,,https://www.sec.gov/Archives/edgar/data/2127293/000195004726009593/0001950047-26-009593-index.htm,LOW
2026-09-16T21:17:55+00:00,FORM_144,,StoneX Group Inc.,proposed sale $1.36M,1364634,,https://www.sec.gov/Archives/edgar/data/1511110/000162828026062306/0001628280-26-062306-index.htm,LOW
2026-09-16T21:17:55+00:00,FORM_144,,MOHAWK INDUSTRIES INC,proposed sale $1.22M,1221263,,https://www.sec.gov/Archives/edgar/data/925177/000001179026000036/0000011790-26-000036-index.htm,LOW
2026-09-16T21:31:13+00:00,FORM_144,,"Clover Health Investments, Corp.",proposed sale $15K,14708,,https://www.sec.gov/Archives/edgar/data/2128814/000180117026000220/0001801170-26-000220-index.htm,LOW
2026-09-16T21:31:13+00:00,FORM_144,,Viant Technology Inc.,proposed sale $904K,903826,,https://www.sec.gov/Archives/edgar/data/1828791/000195824426000613/0001958244-26-000613-index.htm,LOW
2026-09-16T21:31:13+00:00,FORM_144,,"Williams-Sonoma, Inc.",proposed sale $664K,664419,,https://www.sec.gov/Archives/edgar/data/1946355/000195824426000612/0001958244-26-000612-index.htm,LOW
2026-09-16T21:31:14+00:00,FORM_144,,Phibro Animal Health Corporation,proposed sale $12.36M,12355000,,https://www.sec.gov/Archives/edgar/data/1601607/000195824426000611/0001958244-26-000611-index.htm,LOW
2026-09-16T21:44:27+00:00,INSIDER_CLUSTER,CTSO,Cytosorbents Corp,Chan Phillip P. $23K,22644,1,https://www.sec.gov/Archives/edgar/data/1442786/000110465926108326/0001104659-26-108326-index.htm,HIGH
2026-09-16T22:16:39+00:00,INSIDER_CLUSTER,KWY,KINGSWAY Corp,Fitzgerald John Taylor Maloney $2K,2494,1,https://www.sec.gov/Archives/edgar/data/1584349/000107262726000053/0001072627-26-000053-index.htm,HIGH
2026-09-16T22:16:47+00:00,INSIDER_CLUSTER,CROX,"Crocs, Inc.",KAPLAN BETH J $99K,99227,1,https://www.sec.gov/Archives/edgar/data/1334036/000124715426000005/0001247154-26-000005-index.htm,HIGH
2026-09-16T22:16:48+00:00,FORM_144,,"AST SpaceMobile, Inc.",proposed sale $2.36M,2357400,,https://www.sec.gov/Archives/edgar/data/2027976/000121390026100619/0001213900-26-100619-index.htm,LOW
2026-09-16T22:16:49+00:00,FORM_144,,"Alignment Healthcare, Inc.",proposed sale $226K,226460,,https://www.sec.gov/Archives/edgar/data/1832466/000162828026062327/0001628280-26-062327-index.htm,LOW
2026-09-16T22:50:35+00:00,FORM_144,,Dell Technologies Inc.,proposed sale $258K,258167,,https://www.sec.gov/Archives/edgar/data/1735863/000119312526393359/0001193125-26-393359-index.htm,LOW
2026-09-16T22:50:35+00:00,FORM_144,,Dell Technologies Inc.,proposed sale $14.67M,14666617,,https://www.sec.gov/Archives/edgar/data/1737659/000119312526393350/0001193125-26-393350-index.htm,LOW
2026-09-16T22:58:02+00:00,FORM_144,,Dell Technologies Inc.,proposed sale $572K,572316,,https://www.sec.gov/Archives/edgar/data/1672565/000119312526393376/0001193125-26-393376-index.htm,LOW
2026-09-16T22:58:03+00:00,FORM_144,,Dell Technologies Inc.,proposed sale $25.54M,25541708,,https://www.sec.gov/Archives/edgar/data/1767114/000119312526393372/0001193125-26-393372-index.htm,LOW
2026-09-16T22:58:03+00:00,FORM_144,,Phillips 66,proposed sale $6.20M,6201539,,https://www.sec.gov/Archives/edgar/data/1641265/000162828026062335/0001628280-26-062335-index.htm,LOW
2026-09-16T22:58:03+00:00,FORM_144,,Dell Technologies Inc.,proposed sale $27.99M,27986960,,https://www.sec.gov/Archives/edgar/data/1571996/000119312526393369/0001193125-26-393369-index.htm,LOW
2026-09-16T23:11:03+00:00,INSIDER_CLUSTER,BUKS,BUTLER NATIONAL CORP,Loh Michael Anthony $39K,39100,1,https://www.sec.gov/Archives/edgar/data/2033348/000203334826000012/0002033348-26-000012-index.htm,HIGH
2026-09-16T23:44:49+00:00,FORM_144,,"Zscaler, Inc.",proposed sale $448K,448173,,https://www.sec.gov/Archives/edgar/data/1713683/000171368326000162/0001713683-26-000162-index.htm,LOW
2026-09-16T23:44:49+00:00,FORM_144,,"Zscaler, Inc.",proposed sale $550K,549759,,https://www.sec.gov/Archives/edgar/data/1713683/000171368326000160/0001713683-26-000160-index.htm,LOW
2026-09-16T23:52:10+00:00,FORM_144,,"Zscaler, Inc.",proposed sale $1.08M,1075231,,https://www.sec.gov/Archives/edgar/data/2040014/000171368326000164/0001713683-26-000164-index.htm,LOW
2026-09-16T23:52:10+00:00,FORM_144,,Aura Minerals Inc.,proposed sale $491,490,,https://www.sec.gov/Archives/edgar/data/2126752/000212675226000020/0002126752-26-000020-index.htm,LOW
2026-09-16T23:59:57+00:00,FORM_144,,"Zscaler, Inc.",proposed sale $792K,791869,,https://www.sec.gov/Archives/edgar/data/2009289/000171368326000166/0001713683-26-000166-index.htm,LOW
2026-09-16T23:59:57+00:00,FORM_144,,Aura Minerals Inc.,proposed sale $29,28,,https://www.sec.gov/Archives/edgar/data/2126744/000212674426000011/0002126744-26-000011-index.htm,LOW
2026-09-17T00:21:03+00:00,FORM_144,,"Zscaler, Inc.",proposed sale $1.15M,1148288,,https://www.sec.gov/Archives/edgar/data/1713683/000171368326000168/0001713683-26-000168-index.htm,LOW
2026-09-17T00:21:03+00:00,FORM_144,,Dell Technologies Inc.,proposed sale $2.88M,2880603,,https://www.sec.gov/Archives/edgar/data/1651403/000119312526393424/0001193125-26-393424-index.htm,LOW
2026-09-17T00:39:37+00:00,FORM_144,,Kinetik Holdings Inc.,proposed sale $472K,472284,,https://www.sec.gov/Archives/edgar/data/1904934/000090514826004207/0000905148-26-004207-index.htm,LOW
2026-09-17T01:18:57+00:00,INSIDER_CLUSTER,FLNT,"Fluent, Inc.",GLOBAL VALUE INVESTMENT CORP. $42K,41830,2,https://www.sec.gov/Archives/edgar/data/2007274/000119312526393468/0001193125-26-393468-index.htm,HIGH
2026-09-17T01:18:58+00:00,INSIDER_CLUSTER,FLNT,"Fluent, Inc.",GEYGAN JAMES $42K,41830,2,https://www.sec.gov/Archives/edgar/data/1734726/000119312526393467/0001193125-26-393467-index.htm,HIGH
2026-09-17T01:44:44+00:00,INSIDER_CLUSTER,STI,Solidion Technology Inc.,Prantsevich Vlad $7K,7343,2,https://www.sec.gov/Archives/edgar/data/1883233/000121390026100677/0001213900-26-100677-index.htm,HIGH
2026-09-17T10:16:49+00:00,INSIDER_CLUSTER,BZUN,Baozun Inc.,Wu Junhua $38K,37947,2,https://www.sec.gov/Archives/edgar/data/1964084/000110465926108384/0001104659-26-108384-index.htm,HIGH
2026-09-17T11:20:16+00:00,INSIDER_CLUSTER,ADC,AGREE REALTY CORP,Agree Joey $501K,500921,1,https://www.sec.gov/Archives/edgar/data/1348490/000134849026000006/0001348490-26-000006-index.htm,HIGH
2026-09-17T12:05:29+00:00,FORM_144,,Kanzhun Ltd,proposed sale $465K,465310,,https://www.sec.gov/Archives/edgar/data/2116220/000110465926108425/0001104659-26-108425-index.htm,LOW
2026-09-17T12:43:25+00:00,INSIDER_CLUSTER,SBLK,Star Bulk Carriers Corp.,Reskos Nikolaos $283K,282700,2,https://www.sec.gov/Archives/edgar/data/1969292/000196929226000010/0001969292-26-000010-index.htm,HIGH
2026-09-17T13:11:21+00:00,FORM_144,,Texas Pacific Land Corp,proposed sale $75K,74880,,https://www.sec.gov/Archives/edgar/data/1811074/000143774926030608/0001437749-26-030608-index.htm,LOW
2026-09-17T13:59:57+00:00,FORM_144,,Snowflake Inc.,proposed sale $315K,314932,,https://www.sec.gov/Archives/edgar/data/1640147/000195917326007018/0001959173-26-007018-index.htm,LOW
2026-09-17T13:59:57+00:00,FORM_144,,"Ginkgo Bioworks Holdings, Inc.",proposed sale $16K,16038,,https://www.sec.gov/Archives/edgar/data/1882820/000195917326007017/0001959173-26-007017-index.htm,LOW
2026-09-17T14:16:35+00:00,INSIDER_CLUSTER,SBLK,Star Bulk Carriers Corp.,Pappa Milena Maria $2.10M,2103288,2,https://www.sec.gov/Archives/edgar/data/2113812/000211381226000003/0002113812-26-000003-index.htm,HIGH
2026-09-17T14:16:39+00:00,INSIDER_CLUSTER,SBLK,Star Bulk Carriers Corp.,Pappas Alexandros $2.10M,2103288,2,https://www.sec.gov/Archives/edgar/data/2107497/000210749726000002/0002107497-26-000002-index.htm,HIGH
2026-09-17T14:16:43+00:00,FORM_144,,"Vir Biotechnology, Inc.",proposed sale $213K,212927,,https://www.sec.gov/Archives/edgar/data/1871145/000195917326007020/0001959173-26-007020-index.htm,LOW
2026-09-17T14:16:43+00:00,FORM_144,,Scorpio Tankers Inc.,proposed sale $595K,595173,,https://www.sec.gov/Archives/edgar/data/2089844/000208984426000002/0002089844-26-000002-index.htm,LOW
2026-09-17T14:16:43+00:00,FORM_144,,"MARA Holdings, Inc.",proposed sale $183K,183200,,https://www.sec.gov/Archives/edgar/data/1907413/000195917326007019/0001959173-26-007019-index.htm,LOW
2026-09-17T14:45:52+00:00,INSIDER_CLUSTER,SBLK,Star Bulk Carriers Corp.,Plakantonaki Charis $85K,84810,2,https://www.sec.gov/Archives/edgar/data/1978604/000197860426000008/0001978604-26-000008-index.htm,HIGH
2026-09-17T14:56:14+00:00,INSIDER_CLUSTER,RVSB,RIVERVIEW BANCORP INC,Wills Bessie Ross $11K,11170,2,https://www.sec.gov/Archives/edgar/data/1508267/000150826726000004/0001508267-26-000004-index.htm,HIGH
2026-09-17T15:08:33+00:00,INSIDER_CLUSTER,SBLK,Star Bulk Carriers Corp.,Zagari Raffaele $1.70M,1696200,2,https://www.sec.gov/Archives/edgar/data/2005037/000200503726000014/0002005037-26-000014-index.htm,HIGH
2026-09-17T15:23:53+00:00,FORM_144,,ROCKWELL AUTOMATION INC,proposed sale $474K,474484,,https://www.sec.gov/Archives/edgar/data/1570660/000162828026062436/0001628280-26-062436-index.htm,LOW
2026-09-17T15:35:37+00:00,FORM_144,,GENERAC HOLDINGS INC.,proposed sale $138K,138388,,https://www.sec.gov/Archives/edgar/data/1851000/000195917326007021/0001959173-26-007021-index.htm,LOW
2026-09-17T15:35:37+00:00,FORM_144,,Walmart Inc.,proposed sale $4.23M,4229269,,https://www.sec.gov/Archives/edgar/data/1696737/000194984626000590/0001949846-26-000590-index.htm,LOW
2026-09-17T15:47:29+00:00,FORM_144,,"TERADYNE, INC",proposed sale $140K,140444,,https://www.sec.gov/Archives/edgar/data/1618274/000195917326007022/0001959173-26-007022-index.htm,LOW
2026-09-17T16:10:08+00:00,FORM_144,,Dell Technologies Inc.,proposed sale $2.33M,2333456,,https://www.sec.gov/Archives/edgar/data/1680902/000195917326007023/0001959173-26-007023-index.htm,LOW
2026-09-17T16:38:21+00:00,FORM_144,,GENERAC HOLDINGS INC.,proposed sale $34K,34425,,https://www.sec.gov/Archives/edgar/data/1474735/000195917326007024/0001959173-26-007024-index.htm,LOW
2026-09-17T16:49:14+00:00,FORM_144,,INNSUITES HOSPITALITY TRUST,proposed sale $23K,22560,,https://www.sec.gov/Archives/edgar/data/1248349/000194984626000591/0001949846-26-000591-index.htm,LOW
2026-09-17T17:32:50+00:00,FORM_144,,"MARA Holdings, Inc.",proposed sale $315K,314932,,https://www.sec.gov/Archives/edgar/data/1567383/000195917326007026/0001959173-26-007026-index.htm,LOW
2026-09-17T18:23:48+00:00,FORM_144,,Genius Sports Ltd,proposed sale $326K,325564,,https://www.sec.gov/Archives/edgar/data/1977490/000195917326007027/0001959173-26-007027-index.htm,LOW
2026-09-17T18:38:08+00:00,INSIDER_BUY,USO,"United States Oil Fund, LP",HRT FINANCIAL LP $6.78M,6776820,1,https://www.sec.gov/Archives/edgar/data/1475597/000147559726000248/0001475597-26-000248-index.htm,MEDIUM
2026-09-17T18:52:09+00:00,INSIDER_CLUSTER,RVSB,RIVERVIEW BANCORP INC,Graham Stacey $10K,9974,1,https://www.sec.gov/Archives/edgar/data/1833500/000183350026000002/0001833500-26-000002-index.htm,HIGH
2026-09-17T19:14:37+00:00,FORM_144,,Better Home & Finance Holding Company,proposed sale $132K,132418,,https://www.sec.gov/Archives/edgar/data/2022869/000196922326001031/0001969223-26-001031-index.htm,LOW
2026-09-17T19:14:37+00:00,FORM_144,,Better Home & Finance Holding Company,proposed sale $38K,38411,,https://www.sec.gov/Archives/edgar/data/1989210/000196922326001032/0001969223-26-001032-index.htm,LOW
2026-09-17T19:37:06+00:00,FORM_144,,3D SYSTEMS CORP,proposed sale $151K,151456,,https://www.sec.gov/Archives/edgar/data/1251036/000197337926000340/0001973379-26-000340-index.htm,LOW
2026-09-17T19:37:06+00:00,FORM_144,,3D SYSTEMS CORP,proposed sale $107K,107351,,https://www.sec.gov/Archives/edgar/data/1879982/000197337926000339/0001973379-26-000339-index.htm,LOW
2026-09-17T19:53:47+00:00,FORM_144,,Dell Technologies Inc.,proposed sale $13.98M,13979517,,https://www.sec.gov/Archives/edgar/data/2086800/000195917326007028/0001959173-26-007028-index.htm,LOW
2026-09-17T20:20:38+00:00,INSIDER_CLUSTER,BENF,Beneficient,Silk James G. $10K,10000,2,https://www.sec.gov/Archives/edgar/data/1978946/000149315226043124/0001493152-26-043124-index.htm,HIGH
2026-09-17T20:20:40+00:00,INSIDER_CLUSTER,BENF,Beneficient,CANGANY PETER T JR $20K,20000,2,https://www.sec.gov/Archives/edgar/data/1776266/000149315226043126/0001493152-26-043126-index.htm,HIGH
2026-09-17T20:20:43+00:00,INSIDER_CLUSTER,GPUS,"Hyperscale Data, Inc.",AULT MILTON C III $30K,30159,2,https://www.sec.gov/Archives/edgar/data/1734770/000121465926011758/0001214659-26-011758-index.htm,HIGH
2026-09-17T20:20:44+00:00,INSIDER_CLUSTER,RVSB,RIVERVIEW BANCORP INC,Lightheart Charmaine $568,568,0,https://www.sec.gov/Archives/edgar/data/2050978/000205097826000008/0002050978-26-000008-index.htm,HIGH
2026-09-17T20:20:49+00:00,FORM_144,,UNITED THERAPEUTICS CORPORATION,proposed sale $4.13M,4129607,,https://www.sec.gov/Archives/edgar/data/1231589/000195004726009611/0001950047-26-009611-index.htm,LOW
2026-09-17T20:20:49+00:00,FORM_144,,"ZSCALER, INC.",proposed sale $34K,33985,,https://www.sec.gov/Archives/edgar/data/1713683/000195004726009610/0001950047-26-009610-index.htm,LOW
2026-09-17T20:20:49+00:00,FORM_144,,Nano Dimension Ltd.,proposed sale $386K,385558,,https://www.sec.gov/Archives/edgar/data/1643303/000196858226000984/0001968582-26-000984-index.htm,LOW
2026-09-17T20:20:50+00:00,FORM_144,,"Vistance Networks, Inc.",proposed sale $209K,208864,,https://www.sec.gov/Archives/edgar/data/1965783/000196430626000449/0001964306-26-000449-index.htm,LOW
2026-09-17T20:20:50+00:00,FORM_144,,"Groupon, Inc.",proposed sale $294K,294163,,https://www.sec.gov/Archives/edgar/data/1973423/000195917326007031/0001959173-26-007031-index.htm,LOW
2026-09-17T20:20:50+00:00,FORM_144,,"DOCUSIGN, INC.",proposed sale $1.02M,1018716,,https://www.sec.gov/Archives/edgar/data/1968977/000195004726009609/0001950047-26-009609-index.htm,LOW
2026-09-17T20:20:51+00:00,FORM_144,,SANMINA CORPORATION,proposed sale $24K,24055,,https://www.sec.gov/Archives/edgar/data/1899654/000195004726009608/0001950047-26-009608-index.htm,LOW
2026-09-17T20:20:51+00:00,FORM_144,,"ConnectM Technology Solutions, Inc.",proposed sale $215,214,,https://www.sec.gov/Archives/edgar/data/1904506/000195004726009607/0001950047-26-009607-index.htm,LOW
2026-09-17T20:20:52+00:00,FORM_144,,"PALO ALTO NETWORKS, INC.",proposed sale $7.53M,7533686,,https://www.sec.gov/Archives/edgar/data/1327567/000195004726009606/0001950047-26-009606-index.htm,LOW
2026-09-17T20:20:52+00:00,FORM_144,,LUMENTUM HOLDINGS INC.,proposed sale $467K,466725,,https://www.sec.gov/Archives/edgar/data/1633978/000195004726009605/0001950047-26-009605-index.htm,LOW
2026-09-17T20:20:52+00:00,FORM_144,,CRISPR THERAPEUTICS AG,proposed sale $781K,780935,,https://www.sec.gov/Archives/edgar/data/1674416/000195004726009604/0001950047-26-009604-index.htm,LOW
2026-09-17T20:20:53+00:00,FORM_144,,ICON PUBLIC LIMITED COMPANY,proposed sale $570K,569625,,https://www.sec.gov/Archives/edgar/data/1973720/000195004726009603/0001950047-26-009603-index.htm,LOW
2026-09-17T20:20:53+00:00,FORM_144,,Ethos Technologies Inc.,proposed sale $4.61M,4610321,,https://www.sec.gov/Archives/edgar/data/2089263/000192109426001033/0001921094-26-001033-index.htm,LOW
2026-09-17T20:20:54+00:00,FORM_144,,"Mineralys Therapeutics, Inc.",proposed sale $12K,11655,,https://www.sec.gov/Archives/edgar/data/1933414/000196430626000448/0001964306-26-000448-index.htm,LOW
2026-09-17T20:20:54+00:00,FORM_144,,ICON PUBLIC LIMITED COMPANY,proposed sale $876K,875875,,https://www.sec.gov/Archives/edgar/data/1974743/000195004726009602/0001950047-26-009602-index.htm,LOW
2026-09-17T20:20:54+00:00,FORM_144,,"BLACKSTONE MORTGAGE TRUST, INC.",proposed sale $15K,15128,,https://www.sec.gov/Archives/edgar/data/2089544/000196430626000447/0001964306-26-000447-index.htm,LOW
2026-09-17T20:20:55+00:00,FORM_144,,Ethos Technologies Inc.,proposed sale $906K,906400,,https://www.sec.gov/Archives/edgar/data/2089362/000192109426001032/0001921094-26-001032-index.htm,LOW
2026-09-17T20:20:55+00:00,FORM_144,,"EQUITABLE HOLDINGS, INC.",proposed sale $109K,108550,,https://www.sec.gov/Archives/edgar/data/1720170/000195004726009601/0001950047-26-009601-index.htm,LOW
2026-09-17T20:20:56+00:00,FORM_144,,SCORPIO TANKERS INC.,proposed sale $11.13M,11128225,,https://www.sec.gov/Archives/edgar/data/1979195/000195004726009600/0001950047-26-009600-index.htm,LOW
2026-09-17T20:20:56+00:00,FORM_144,,"BLACKSTONE MORTGAGE TRUST, INC.",proposed sale $12K,11597,,https://www.sec.gov/Archives/edgar/data/1707300/000196430626000446/0001964306-26-000446-index.htm,LOW
2026-09-17T20:20:56+00:00,FORM_144,,Flowco Holdings Inc.,proposed sale $10K,10492,,https://www.sec.gov/Archives/edgar/data/2049797/000195779926000176/0001957799-26-000176-index.htm,LOW
2026-09-17T20:20:57+00:00,FORM_144,,BARFRESH FOOD GROUP INC.,proposed sale $28K,27937,,https://www.sec.gov/Archives/edgar/data/1905960/000195004726009598/0001950047-26-009598-index.htm,LOW
2026-09-17T20:20:57+00:00,FORM_144,,Metropolitan Bank Holding Corp.,proposed sale $179K,178640,,https://www.sec.gov/Archives/edgar/data/1476034/000195917326007030/0001959173-26-007030-index.htm,LOW
2026-09-17T20:20:58+00:00,FORM_144,,"Hims & Hers Health, Inc.",proposed sale $355K,354860,,https://www.sec.gov/Archives/edgar/data/1907056/000195917326007029/0001959173-26-007029-index.htm,LOW
2026-09-17T20:33:06+00:00,FORM_144,,Wealthfront Corporation,proposed sale $47K,46517,,https://www.sec.gov/Archives/edgar/data/2082674/000195004726009633/0001950047-26-009633-index.htm,LOW
2026-09-17T20:33:06+00:00,FORM_144,,"Cloudflare, Inc.",proposed sale $3.25M,3246500,,https://www.sec.gov/Archives/edgar/data/1477333/000195004726009632/0001950047-26-009632-index.htm,LOW
2026-09-17T20:33:07+00:00,FORM_144,,PLANET LABS PBC,proposed sale $892K,891721,,https://www.sec.gov/Archives/edgar/data/1836833/000195004726009631/0001950047-26-009631-index.htm,LOW
2026-09-17T20:33:08+00:00,FORM_144,,"Tempus AI, Inc.",proposed sale $651K,651490,,https://www.sec.gov/Archives/edgar/data/1754464/000195004726009630/0001950047-26-009630-index.htm,LOW
2026-09-17T20:33:08+00:00,FORM_144,,"DOORDASH, INC.",proposed sale $430K,429723,,https://www.sec.gov/Archives/edgar/data/1833552/000195004726009629/0001950047-26-009629-index.htm,LOW
2026-09-17T20:33:08+00:00,FORM_144,,"Five9, Inc.",proposed sale $238K,238082,,https://www.sec.gov/Archives/edgar/data/2000932/000195004726009628/0001950047-26-009628-index.htm,LOW
2026-09-17T20:33:09+00:00,FORM_144,,"FASTLY, INC.",proposed sale $1.08M,1078885,,https://www.sec.gov/Archives/edgar/data/1993556/000195004726009627/0001950047-26-009627-index.htm,LOW
2026-09-17T20:33:10+00:00,FORM_144,,Sandisk Corporation,proposed sale $51.44M,51437304,,https://www.sec.gov/Archives/edgar/data/2023554/000195004726009626/0001950047-26-009626-index.htm,LOW
2026-09-17T20:33:10+00:00,FORM_144,,TRAVERE THERAPEUTICS INC,proposed sale $526K,525741,,https://www.sec.gov/Archives/edgar/data/1789617/000195004726009625/0001950047-26-009625-index.htm,LOW
2026-09-17T20:33:10+00:00,FORM_144,,GRINDR INC,proposed sale $2.58M,2584192,,https://www.sec.gov/Archives/edgar/data/1833678/000195004726009624/0001950047-26-009624-index.htm,LOW
2026-09-17T20:33:11+00:00,FORM_144,,"FASTLY, INC.",proposed sale $984K,984325,,https://www.sec.gov/Archives/edgar/data/2024441/000195004726009623/0001950047-26-009623-index.htm,LOW
2026-09-17T20:33:11+00:00,FORM_144,,"Clover Health Investments, Corp.",proposed sale $9K,8759,,https://www.sec.gov/Archives/edgar/data/1839066/000195004726009622/0001950047-26-009622-index.htm,LOW
2026-09-17T20:33:12+00:00,FORM_144,,"Tempus AI, Inc.",proposed sale $206K,206481,,https://www.sec.gov/Archives/edgar/data/2024169/000195004726009621/0001950047-26-009621-index.htm,LOW
2026-09-17T20:33:12+00:00,FORM_144,,WEALTHFRONT CORPORATION,proposed sale $508K,508500,,https://www.sec.gov/Archives/edgar/data/2082564/000195004726009620/0001950047-26-009620-index.htm,LOW
2026-09-17T20:33:13+00:00,FORM_144,,"Dianthus Therapeutics, Inc.",proposed sale $2.05M,2049800,,https://www.sec.gov/Archives/edgar/data/1690585/000195004726009619/0001950047-26-009619-index.htm,LOW
2026-09-17T20:33:13+00:00,FORM_144,,"Proto Labs, Inc.",proposed sale $408K,407876,,https://www.sec.gov/Archives/edgar/data/1894753/000195004726009618/0001950047-26-009618-index.htm,LOW
2026-09-17T20:33:14+00:00,FORM_144,,PHARVARIS N.V.,proposed sale $765K,765466,,https://www.sec.gov/Archives/edgar/data/1973705/000195004726009617/0001950047-26-009617-index.htm,LOW
2026-09-17T20:33:14+00:00,FORM_144,,"Schrodinger, Inc.",proposed sale $756K,756164,,https://www.sec.gov/Archives/edgar/data/1797672/000195004726009616/0001950047-26-009616-index.htm,LOW
2026-09-17T20:33:15+00:00,FORM_144,,"ZSCALER, INC.",proposed sale $880K,880173,,https://www.sec.gov/Archives/edgar/data/2040014/000195004726009615/0001950047-26-009615-index.htm,LOW
2026-09-17T20:33:15+00:00,FORM_144,,Repay Holdings Corp,proposed sale $98K,97867,,https://www.sec.gov/Archives/edgar/data/1787173/000196530126000145/0001965301-26-000145-index.htm,LOW
2026-09-17T20:33:16+00:00,FORM_144,,"NUTANIX, INC.",proposed sale $2.67M,2669809,,https://www.sec.gov/Archives/edgar/data/1924910/000195004726009614/0001950047-26-009614-index.htm,LOW
2026-09-17T20:33:16+00:00,FORM_144,,"BLOCK, INC.",proposed sale $468K,467820,,https://www.sec.gov/Archives/edgar/data/1933928/000195004726009613/0001950047-26-009613-index.htm,LOW
2026-09-17T20:33:17+00:00,FORM_144,,"BillionToOne, Inc.",proposed sale $3.87M,3873965,,https://www.sec.gov/Archives/edgar/data/2070849/000195917326007032/0001959173-26-007032-index.htm,LOW
2026-09-17T20:33:17+00:00,FORM_144,,PHARVARIS N.V.,proposed sale $559K,558812,,https://www.sec.gov/Archives/edgar/data/1897890/000195004726009612/0001950047-26-009612-index.htm,LOW
2026-09-17T20:43:45+00:00,INSIDER_CLUSTER,BUKS,BUTLER NATIONAL CORP,Daly Joseph Patrick $6K,5994,2,https://www.sec.gov/Archives/edgar/data/1332596/000133259626000006/0001332596-26-000006-index.htm,HIGH
2026-09-17T20:43:59+00:00,FORM_144,,THE REAL BROKERAGE INC.,proposed sale $1.01M,1010930,,https://www.sec.gov/Archives/edgar/data/2136387/000195004726009646/0001950047-26-009646-index.htm,LOW
2026-09-17T20:43:59+00:00,FORM_144,,"Heartflow, Inc.",proposed sale $380K,379815,,https://www.sec.gov/Archives/edgar/data/2079946/000195917326007034/0001959173-26-007034-index.htm,LOW
2026-09-17T20:43:59+00:00,FORM_144,,Wealthfront Corporation,proposed sale $778K,778411,,https://www.sec.gov/Archives/edgar/data/2082642/000195004726009645/0001950047-26-009645-index.htm,LOW
2026-09-17T20:44:00+00:00,FORM_144,,NextNav Inc.,proposed sale $23K,23041,,https://www.sec.gov/Archives/edgar/data/1881628/000195004726009644/0001950047-26-009644-index.htm,LOW
2026-09-17T20:44:00+00:00,FORM_144,,"MAGNITE, INC.",proposed sale $888K,887873,,https://www.sec.gov/Archives/edgar/data/1595974/000195004726009643/0001950047-26-009643-index.htm,LOW
2026-09-17T20:44:00+00:00,FORM_144,,TRAVERE THERAPEUTICS INC,proposed sale $6.89M,6887135,,https://www.sec.gov/Archives/edgar/data/1763494/000195004726009642/0001950047-26-009642-index.htm,LOW
2026-09-17T20:44:01+00:00,FORM_144,,HARMONY BIOSCIENCES HLDGS INC,proposed sale $34K,33768,,https://www.sec.gov/Archives/edgar/data/2009762/000195004726009641/0001950047-26-009641-index.htm,LOW
2026-09-17T20:44:01+00:00,FORM_144,,Twist Bioscience Corp,proposed sale $9.31M,9314307,,https://www.sec.gov/Archives/edgar/data/1753655/000195917326007033/0001959173-26-007033-index.htm,LOW
2026-09-17T20:44:01+00:00,FORM_144,,"CARIS LIFE SCIENCES, INC.",proposed sale $12.13M,12132080,,https://www.sec.gov/Archives/edgar/data/2071959/000195004726009640/0001950047-26-009640-index.htm,LOW
2026-09-17T20:44:02+00:00,FORM_144,,"CG ONCOLOGY, INC.",proposed sale $500K,499698,,https://www.sec.gov/Archives/edgar/data/2007090/000195004726009639/0001950047-26-009639-index.htm,LOW
2026-09-17T20:44:02+00:00,FORM_144,,"Enliven Therapeutics, Inc.",proposed sale $591K,591208,,https://www.sec.gov/Archives/edgar/data/1882764/000197415826000103/0001974158-26-000103-index.htm,LOW
2026-09-17T20:44:02+00:00,FORM_144,,PLANET LABS PBC,proposed sale $837K,836884,,https://www.sec.gov/Archives/edgar/data/1897636/000195004726009638/0001950047-26-009638-index.htm,LOW
2026-09-17T20:44:03+00:00,FORM_144,,"Crescent Biopharma, Inc.",proposed sale $155K,154843,,https://www.sec.gov/Archives/edgar/data/1528826/000162828026062529/0001628280-26-062529-index.htm,LOW
2026-09-17T20:44:03+00:00,FORM_144,,"Klaviyo, Inc",proposed sale $682K,681660,,https://www.sec.gov/Archives/edgar/data/1991131/000195004726009637/0001950047-26-009637-index.htm,LOW
2026-09-17T20:44:03+00:00,FORM_144,,"SOUNDHOUND AI, INC.",proposed sale $9K,9203,,https://www.sec.gov/Archives/edgar/data/1920484/000195004726009636/0001950047-26-009636-index.htm,LOW
2026-09-17T20:44:04+00:00,FORM_144,,"Tandem Diabetes Care, Inc.",proposed sale $6K,6310,,https://www.sec.gov/Archives/edgar/data/2000342/000195004726009635/0001950047-26-009635-index.htm,LOW
2026-09-17T20:44:04+00:00,FORM_144,,"Crescent Biopharma, Inc.",proposed sale $76K,75849,,https://www.sec.gov/Archives/edgar/data/1824673/000162828026062526/0001628280-26-062526-index.htm,LOW
2026-09-17T20:44:04+00:00,FORM_144,,"VENTURE GLOBAL, INC.",proposed sale $3.26M,3255552,,https://www.sec.gov/Archives/edgar/data/2007855/000195004726009634/0001950047-26-009634-index.htm,LOW
2026-09-17T20:52:15+00:00,FORM_144,,WEALTHFRONT CORP,proposed sale $266K,265823,,https://www.sec.gov/Archives/edgar/data/2078580/000195004726009648/0001950047-26-009648-index.htm,LOW
2026-09-17T20:52:15+00:00,FORM_144,,PHARVARIS N.V.,proposed sale $1.99M,1989408,,https://www.sec.gov/Archives/edgar/data/1830487/000195004726009647/0001950047-26-009647-index.htm,LOW
2026-09-17T20:52:15+00:00,FORM_144,,"Ulta Beauty, Inc.",proposed sale $1.09M,1091766,,https://www.sec.gov/Archives/edgar/data/1866021/000192109426001034/0001921094-26-001034-index.htm,LOW
2026-09-17T20:52:16+00:00,FORM_144,,Twist Bioscience Corp,proposed sale $44.68M,44677452,,https://www.sec.gov/Archives/edgar/data/1753655/000195917326007035/0001959173-26-007035-index.htm,LOW
2026-09-17T20:59:26+00:00,INSIDER_CLUSTER,BWMX,"BETTERWARE DE MEXICO, S.A.P.I. DE C.V",Campos Luis $1.31M,1307102,2,https://www.sec.gov/Archives/edgar/data/1834688/000121390026101014/0001213900-26-101014-index.htm,HIGH
2026-09-17T20:59:28+00:00,INSIDER_CLUSTER,BWMX,"BETTERWARE DE MEXICO, S.A.P.I. DE C.V",CHEVALLIER ANDRES CAMPOS $740K,739785,2,https://www.sec.gov/Archives/edgar/data/2120042/000121390026101012/0001213900-26-101012-index.htm,HIGH
2026-09-17T20:59:35+00:00,FORM_144,,"Crowdstrike Holdings, Inc.",proposed sale $7.23M,7226318,,https://www.sec.gov/Archives/edgar/data/1535527/000196858226000985/0001968582-26-000985-index.htm,LOW
2026-09-17T20:59:36+00:00,FORM_144,,"MAGNITE, INC.",proposed sale $476K,475600,,https://www.sec.gov/Archives/edgar/data/1595974/000195004726009650/0001950047-26-009650-index.htm,LOW
2026-09-17T20:59:36+00:00,FORM_144,,Wealthfront Corporation,proposed sale $272K,271925,,https://www.sec.gov/Archives/edgar/data/1524566/000195004726009649/0001950047-26-009649-index.htm,LOW
2026-09-17T21:14:13+00:00,INSIDER_CLUSTER,MNR,MACH NATURAL RESOURCES LP,McMullen William Wallace $389K,388902,2,https://www.sec.gov/Archives/edgar/data/1980088/000121390026101024/0001213900-26-101024-index.htm,HIGH
2026-09-17T21:14:28+00:00,FORM_144,,"SIONNA THERAPEUTICS, INC.",proposed sale $21.83M,21834318,,https://www.sec.gov/Archives/edgar/data/2036042/000131508226000002/0001315082-26-000002-index.htm,LOW
2026-09-17T21:14:28+00:00,FORM_144,,WEALTHFRONT CORPORATION,proposed sale $508K,508500,,https://www.sec.gov/Archives/edgar/data/2082564/000195004726009652/0001950047-26-009652-index.htm,LOW
2026-09-17T21:14:29+00:00,FORM_144,,"Tempus AI, Inc.",proposed sale $13.99M,13994000,,https://www.sec.gov/Archives/edgar/data/1717115/000196858226000987/0001968582-26-000987-index.htm,LOW
2026-09-17T21:14:29+00:00,FORM_144,,Kinetic Seas Inc.,proposed sale $10K,9750,,https://www.sec.gov/Archives/edgar/data/2016329/000201632926000007/0002016329-26-000007-index.htm,LOW
2026-09-17T21:26:45+00:00,INSIDER_CLUSTER,RVSB,RIVERVIEW BANCORP INC,Sherman Nicole $10K,10042,0,https://www.sec.gov/Archives/edgar/data/1322325/000132232526000004/0001322325-26-000004-index.htm,HIGH
2026-09-17T21:26:51+00:00,FORM_144,,Enova International,proposed sale $5.36M,5364399,,https://www.sec.gov/Archives/edgar/data/1529864/000162828026062583/0001628280-26-062583-index.htm,LOW
2026-09-17T21:37:45+00:00,FORM_144,,"Arista Networks, Inc.",proposed sale $59.86M,59859000,,https://www.sec.gov/Archives/edgar/data/1596532/000195824426000616/0001958244-26-000616-index.htm,LOW
2026-09-17T21:37:45+00:00,FORM_144,,NVIDIA Corporation,proposed sale $7.66M,7658914,,https://www.sec.gov/Archives/edgar/data/1588670/000195824426000615/0001958244-26-000615-index.htm,LOW
2026-09-17T21:37:46+00:00,FORM_144,,MINISO Group Holding Limited,proposed sale $47.36M,47358000,,https://www.sec.gov/Archives/edgar/data/1842281/000195824426000614/0001958244-26-000614-index.htm,LOW
2026-09-17T21:37:46+00:00,FORM_144,,PHARVARIS N.V.,proposed sale $7.00M,7000000,,https://www.sec.gov/Archives/edgar/data/2014983/000195004726009654/0001950047-26-009654-index.htm,LOW
2026-09-17T21:37:46+00:00,FORM_144,,PHARVARIS N.V.,proposed sale $10.50M,10500000,,https://www.sec.gov/Archives/edgar/data/1830487/000195004726009653/0001950047-26-009653-index.htm,LOW
2026-09-17T21:45:09+00:00,FORM_144,,MDxHealth SA,proposed sale $1.06M,1056900,,https://www.sec.gov/Archives/edgar/data/1872529/000117893726000045/0001178937-26-000045-index.htm,LOW
2026-09-17T22:17:33+00:00,FORM_144,,Constellation Energy Corporation,proposed sale $2.60M,2604085,,https://www.sec.gov/Archives/edgar/data/1868275/000195824426000618/0001958244-26-000618-index.htm,LOW
2026-09-17T22:17:33+00:00,FORM_144,,Constellation Energy Corporation,proposed sale $5.41M,5409846,,https://www.sec.gov/Archives/edgar/data/1868275/000195824426000617/0001958244-26-000617-index.htm,LOW
2026-09-17T22:27:45+00:00,INSIDER_CLUSTER,ALP,Alpha Compute Corp,Villani Fiorenzo $109K,108987,3,https://www.sec.gov/Archives/edgar/data/1889272/000117184326006099/0001171843-26-006099-index.htm,HIGH
2026-09-17T22:53:10+00:00,INSIDER_CLUSTER,XBP,"XBP Global Holdings, Inc.",CHADHA PAR $580K,579997,2,https://www.sec.gov/Archives/edgar/data/1839530/000110465926108653/0001104659-26-108653-index.htm,HIGH
2026-09-17T22:53:12+00:00,INSIDER_CLUSTER,XBP,"XBP Global Holdings, Inc.",Avramovic Dejan $25K,24997,2,https://www.sec.gov/Archives/edgar/data/1996868/000110465926108652/0001104659-26-108652-index.htm,HIGH
2026-09-17T22:53:13+00:00,FORM_144,,"Guidewire Software, Inc.",proposed sale $275K,275218,,https://www.sec.gov/Archives/edgar/data/1528396/000149615226000016/0001496152-26-000016-index.htm,LOW
2026-09-17T22:53:13+00:00,FORM_144,,"Guidewire Software, Inc.",proposed sale $5.73M,5733074,,https://www.sec.gov/Archives/edgar/data/1917389/000191738926000021/0001917389-26-000021-index.htm,LOW
2026-09-17T22:53:14+00:00,FORM_144,,"Guidewire Software, Inc.",proposed sale $1.71M,1706784,,https://www.sec.gov/Archives/edgar/data/1586253/000158625326000018/0001586253-26-000018-index.htm,LOW
2026-09-17T22:53:14+00:00,FORM_144,,Dell Technologies Inc.,proposed sale $1.01M,1013922,,https://www.sec.gov/Archives/edgar/data/1651403/000119312526394676/0001193125-26-394676-index.htm,LOW
2026-09-17T22:53:15+00:00,FORM_144,,"Guidewire Software, Inc.",proposed sale $3.36M,3356657,,https://www.sec.gov/Archives/edgar/data/1805719/000180571926000024/0001805719-26-000024-index.htm,LOW
2026-09-17T22:53:15+00:00,FORM_144,,"Guidewire Software, Inc.",proposed sale $10.44M,10443866,,https://www.sec.gov/Archives/edgar/data/1784996/000178499626000093/0001784996-26-000093-index.htm,LOW
2026-09-17T23:24:00+00:00,FORM_144,,Dell Technologies Inc.,proposed sale $584K,584131,,https://www.sec.gov/Archives/edgar/data/1672565/000119312526394725/0001193125-26-394725-index.htm,LOW
2026-09-17T23:24:01+00:00,FORM_144,,Dell Technologies Inc.,proposed sale $28.55M,28552043,,https://www.sec.gov/Archives/edgar/data/1571996/000119312526394724/0001193125-26-394724-index.htm,LOW
2026-09-17T23:24:01+00:00,FORM_144,,Dell Technologies Inc.,proposed sale $264K,263619,,https://www.sec.gov/Archives/edgar/data/1735863/000119312526394722/0001193125-26-394722-index.htm,LOW
2026-09-17T23:24:01+00:00,FORM_144,,Dell Technologies Inc.,proposed sale $26.05M,26053852,,https://www.sec.gov/Archives/edgar/data/1767114/000119312526394720/0001193125-26-394720-index.htm,LOW
2026-09-17T23:31:49+00:00,FORM_144,,Aura Minerals Inc.,proposed sale $360K,360349,,https://www.sec.gov/Archives/edgar/data/2135137/000213513726000018/0002135137-26-000018-index.htm,LOW
2026-09-17T23:31:49+00:00,FORM_144,,Aura Minerals Inc.,proposed sale $1.19M,1192940,,https://www.sec.gov/Archives/edgar/data/2135147/000213514726000014/0002135147-26-000014-index.htm,LOW
2026-09-17T23:31:49+00:00,FORM_144,,Dell Technologies Inc.,proposed sale $14.96M,14957602,,https://www.sec.gov/Archives/edgar/data/1737659/000119312526394730/0001193125-26-394730-index.htm,LOW
2026-09-17T23:31:50+00:00,FORM_144,,PHARVARIS N.V.,proposed sale $3.50M,3500000,,https://www.sec.gov/Archives/edgar/data/1972159/000195004726009655/0001950047-26-009655-index.htm,LOW
2026-09-17T23:40:57+00:00,FORM_144,,Aura Minerals Inc.,proposed sale $134K,134345,,https://www.sec.gov/Archives/edgar/data/2135151/000213515126000011/0002135151-26-000011-index.htm,LOW
2026-09-17T23:40:58+00:00,FORM_144,,Aura Minerals Inc.,proposed sale $5.14M,5142830,,https://www.sec.gov/Archives/edgar/data/2135135/000213513526000012/0002135135-26-000012-index.htm,LOW
2026-09-17T23:49:44+00:00,FORM_144,,Aura Minerals Inc.,proposed sale $12K,11869,,https://www.sec.gov/Archives/edgar/data/2126752/000212675226000021/0002126752-26-000021-index.htm,LOW
2026-09-17T23:49:44+00:00,FORM_144,,Aura Minerals Inc.,proposed sale $5K,4834,,https://www.sec.gov/Archives/edgar/data/2126755/000212675526000015/0002126755-26-000015-index.htm,LOW
2026-09-17T23:58:01+00:00,FORM_144,,Aura Minerals Inc.,proposed sale $3K,2727,,https://www.sec.gov/Archives/edgar/data/2126751/000212675126000010/0002126751-26-000010-index.htm,LOW
2026-09-17T23:58:01+00:00,FORM_144,,Aura Minerals Inc.,proposed sale $88,88,,https://www.sec.gov/Archives/edgar/data/2126752/000212675226000022/0002126752-26-000022-index.htm,LOW
2026-09-18T00:14:44+00:00,FORM_144,,Aura Minerals Inc.,proposed sale $124,123,,https://www.sec.gov/Archives/edgar/data/2152878/000215287826000002/0002152878-26-000002-index.htm,LOW
2026-09-18T00:14:44+00:00,FORM_144,,Aura Minerals Inc.,proposed sale $29,29,,https://www.sec.gov/Archives/edgar/data/2126751/000212675126000011/0002126751-26-000011-index.htm,LOW
2026-09-18T00:59:29+00:00,FORM_144,,Kinetik Holdings Inc.,proposed sale $5.85M,5849885,,https://www.sec.gov/Archives/edgar/data/1904934/000090514826004216/0000905148-26-004216-index.htm,LOW
2026-09-18T01:25:26+00:00,FORM_144,,"ServiceTitan, Inc.",proposed sale $180K,179656,,https://www.sec.gov/Archives/edgar/data/1908788/000163882626000100/0001638826-26-000100-index.htm,LOW
2026-09-18T01:25:26+00:00,FORM_144,,"ServiceTitan, Inc.",proposed sale $1.33M,1326592,,https://www.sec.gov/Archives/edgar/data/2045642/000163882626000098/0001638826-26-000098-index.htm,LOW
2026-09-18T01:25:27+00:00,FORM_144,,"ServiceTitan, Inc.",proposed sale $180K,179656,,https://www.sec.gov/Archives/edgar/data/1908757/000163882626000097/0001638826-26-000097-index.htm,LOW
2026-09-18T01:35:17+00:00,INSIDER_CLUSTER,TENX,"TENAX THERAPEUTICS, INC.",Doogan Declan $102K,101760,1,https://www.sec.gov/Archives/edgar/data/1704234/000119312526394831/0001193125-26-394831-index.htm,HIGH
2026-09-18T01:46:04+00:00,FORM_144,,TEEKAY CORP LTD,proposed sale $6K,5972,,https://www.sec.gov/Archives/edgar/data/1977117/000197711726000010/0001977117-26-000010-index.htm,LOW
2026-09-18T01:54:42+00:00,FORM_144,,XP Inc.,proposed sale $2.41M,2413885,,https://www.sec.gov/Archives/edgar/data/2117047/000095010326014162/0000950103-26-014162-index.htm,LOW
2026-09-18T10:18:11+00:00,FORM_144,,RADWARE LTD,proposed sale $442K,441750,,https://www.sec.gov/Archives/edgar/data/2077793/000197640826000855/0001976408-26-000855-index.htm,LOW
2026-09-18T10:52:52+00:00,INSIDER_CLUSTER,BZUN,Baozun Inc.,Qiu Wenbin $40K,40166,2,https://www.sec.gov/Archives/edgar/data/1975717/000110465926108719/0001104659-26-108719-index.htm,HIGH
2026-09-18T11:16:55+00:00,FORM_144,,"JD.com, Inc.",proposed sale $3.73M,3729600,,https://www.sec.gov/Archives/edgar/data/1971883/000173839626000013/0001738396-26-000013-index.htm,LOW
2026-09-18T11:57:44+00:00,INSIDER_BUY,TFC,TRUIST FINANCIAL CORP,Lyons Michael P. $1.02M,1015576,1,https://www.sec.gov/Archives/edgar/data/1534574/000153457426000016/0001534574-26-000016-index.htm,MEDIUM
2026-09-18T12:47:42+00:00,INSIDER_CLUSTER,KRMN,Karman Holdings Inc.,Petryszyn Mary D $19K,18719,2,https://www.sec.gov/Archives/edgar/data/2040127/000119312526395097/0001193125-26-395097-index.htm,HIGH
2026-09-18T12:47:43+00:00,INSIDER_CLUSTER,KRMN,Karman Holdings Inc.,Twitty Stephen $10K,10117,2,https://www.sec.gov/Archives/edgar/data/2054316/000119312526395095/0001193125-26-395095-index.htm,HIGH
2026-09-18T12:47:44+00:00,FORM_144,,Stardust Power Inc.,proposed sale $8K,8334,,https://www.sec.gov/Archives/edgar/data/2027948/000197407826000359/0001974078-26-000359-index.htm,LOW
2026-09-18T13:46:51+00:00,FORM_144,,Legence Corp.,proposed sale $58K,58200,,https://www.sec.gov/Archives/edgar/data/2082077/000195917326007036/0001959173-26-007036-index.htm,LOW
2026-09-18T13:55:52+00:00,FORM_144,,PARK OHIO HOLDINGS CORP,proposed sale $230K,230000,,https://www.sec.gov/Archives/edgar/data/1206686/000120668626000002/0001206686-26-000002-index.htm,LOW
2026-09-18T14:06:42+00:00,FORM_144,,"Heartflow, Inc.",proposed sale $987K,987052,,https://www.sec.gov/Archives/edgar/data/1585724/000195917326007037/0001959173-26-007037-index.htm,LOW
2026-09-18T14:22:05+00:00,FORM_144,,"Heartflow, Inc.",proposed sale $283K,283497,,https://www.sec.gov/Archives/edgar/data/1585724/000195917326007038/0001959173-26-007038-index.htm,LOW
2026-09-18T14:33:40+00:00,INSIDER_CLUSTER,GAM,GENERAL AMERICAN INVESTORS CO INC,Jin Samantha X. $71K,71040,1,https://www.sec.gov/Archives/edgar/data/1764659/000004041726000048/0000040417-26-000048-index.htm,HIGH
2026-09-18T14:33:46+00:00,FORM_144,,Blue Bird Corp,proposed sale $250K,249600,,https://www.sec.gov/Archives/edgar/data/2094766/000209476626000004/0002094766-26-000004-index.htm,LOW
2026-09-18T15:22:00+00:00,FORM_144,,PLUG POWER INC,proposed sale $428K,428300,,https://www.sec.gov/Archives/edgar/data/2085249/000100027526000113/0001000275-26-000113-index.htm,LOW
2026-09-18T15:22:01+00:00,FORM_144,,Adlai Nortye Group Ltd.,proposed sale $1.22M,1222400,,https://www.sec.gov/Archives/edgar/data/2129331/000212933126000004/0002129331-26-000004-index.htm,LOW
2026-09-18T15:46:22+00:00,FORM_144,,TSAKOS ENERGY NAVIGATION LTD,proposed sale $530K,530013,,https://www.sec.gov/Archives/edgar/data/2120925/000212092526000001/0002120925-26-000001-index.htm,LOW
2026-09-18T16:05:18+00:00,FORM_144,,NovaBridge Biosciences,proposed sale $6K,5798,,https://www.sec.gov/Archives/edgar/data/2089237/000197337926000341/0001973379-26-000341-index.htm,LOW
2026-09-18T16:32:27+00:00,FORM_144,,URBAN OUTFITTERS INC,proposed sale $266K,265828,,https://www.sec.gov/Archives/edgar/data/1557023/000195917326007039/0001959173-26-007039-index.htm,LOW
2026-09-18T17:13:51+00:00,FORM_144,,BRADY CORP,proposed sale $482K,482069,,https://www.sec.gov/Archives/edgar/data/2025977/000195917326007040/0001959173-26-007040-index.htm,LOW
2026-09-18T17:32:36+00:00,FORM_144,,"Rent the Runway, Inc.",proposed sale $145K,144750,,https://www.sec.gov/Archives/edgar/data/1468327/000146026126000005/0001460261-26-000005-index.htm,LOW
2026-09-18T17:32:37+00:00,FORM_144,,"MARA Holdings, Inc.",proposed sale $101K,100868,,https://www.sec.gov/Archives/edgar/data/1837940/000195779926000177/0001957799-26-000177-index.htm,LOW
2026-09-18T18:41:31+00:00,FORM_144,,IBEX Ltd,proposed sale $60K,60436,,https://www.sec.gov/Archives/edgar/data/1973685/000197368526000008/0001973685-26-000008-index.htm,LOW
2026-09-18T18:41:31+00:00,FORM_144,,Star Bulk Carriers Corp.,proposed sale $316K,315500,,https://www.sec.gov/Archives/edgar/data/1624829/000195917326007041/0001959173-26-007041-index.htm,LOW
2026-09-18T19:41:38+00:00,FORM_144,,"Esquire Financial Holdings, Inc.",proposed sale $127K,127303,,https://www.sec.gov/Archives/edgar/data/1709867/000170986726000001/0001709867-26-000001-index.htm,LOW
2026-09-18T20:10:01+00:00,FORM_144,,Snowflake Inc.,proposed sale $65.89M,65888271,,https://www.sec.gov/Archives/edgar/data/1640147/000195917326007042/0001959173-26-007042-index.htm,LOW
2026-09-18T20:10:01+00:00,FORM_144,,Ethos Technologies Inc.,proposed sale $860K,859862,,https://www.sec.gov/Archives/edgar/data/2089362/000192109426001036/0001921094-26-001036-index.htm,LOW
2026-09-18T20:10:02+00:00,FORM_144,,METLIFE INC,proposed sale $26K,25895,,https://www.sec.gov/Archives/edgar/data/2027739/000162828026062719/0001628280-26-062719-index.htm,LOW
2026-09-18T20:10:02+00:00,FORM_144,,"Dynatrace, Inc.",proposed sale $2.86M,2860500,,https://www.sec.gov/Archives/edgar/data/1783507/000196922326001033/0001969223-26-001033-index.htm,LOW
2026-09-18T20:10:02+00:00,FORM_144,,"Smartbird, Inc.",proposed sale $45K,44797,,https://www.sec.gov/Archives/edgar/data/1971623/000192109426001035/0001921094-26-001035-index.htm,LOW
2026-09-18T20:10:03+00:00,FORM_144,,Blackstone Inc.,proposed sale $12.38M,12379954,,https://www.sec.gov/Archives/edgar/data/1574706/000196430626000451/0001964306-26-000451-index.htm,LOW
2026-09-18T20:10:03+00:00,FORM_144,,"Oscar Health, Inc.",proposed sale $806K,806000,,https://www.sec.gov/Archives/edgar/data/1568651/000196430626000450/0001964306-26-000450-index.htm,LOW
2026-09-18T20:23:35+00:00,FORM_144,,OKTA INC,proposed sale $468K,467829,,https://www.sec.gov/Archives/edgar/data/1968125/000195004726009674/0001950047-26-009674-index.htm,LOW
2026-09-18T20:23:35+00:00,FORM_144,,GITLAB INC.,proposed sale $147K,147492,,https://www.sec.gov/Archives/edgar/data/2087405/000195004726009673/0001950047-26-009673-index.htm,LOW
2026-09-18T20:23:35+00:00,FORM_144,,"Heartflow, Inc.",proposed sale $851K,850926,,https://www.sec.gov/Archives/edgar/data/2079946/000195917326007044/0001959173-26-007044-index.htm,LOW
2026-09-18T20:23:36+00:00,FORM_144,,SYNAPTICS INCORPORATED,proposed sale $6K,5740,,https://www.sec.gov/Archives/edgar/data/2014632/000195004726009672/0001950047-26-009672-index.htm,LOW
2026-09-18T20:23:36+00:00,FORM_144,,METLIFE INC,proposed sale $22K,21806,,https://www.sec.gov/Archives/edgar/data/1099219/000162828026062735/0001628280-26-062735-index.htm,LOW
2026-09-18T20:23:36+00:00,FORM_144,,LuxExperience B.V.,proposed sale $715K,714905,,https://www.sec.gov/Archives/edgar/data/1986276/000195004726009671/0001950047-26-009671-index.htm,LOW
2026-09-18T20:23:37+00:00,FORM_144,,"HARMONY BIOSCIENCES HOLDINGS, INC.",proposed sale $1.53M,1532314,,https://www.sec.gov/Archives/edgar/data/2009762/000195004726009670/0001950047-26-009670-index.htm,LOW
2026-09-18T20:23:37+00:00,FORM_144,,HERITAGE INSURANCE HOLDINGS INC,proposed sale $124K,123970,,https://www.sec.gov/Archives/edgar/data/1598665/000195004726009669/0001950047-26-009669-index.htm,LOW
2026-09-18T20:23:38+00:00,FORM_144,,OKTA INC,proposed sale $1.22M,1215177,,https://www.sec.gov/Archives/edgar/data/2053652/000195004726009668/0001950047-26-009668-index.htm,LOW
2026-09-18T20:23:38+00:00,FORM_144,,"AMBARELLA, INC.",proposed sale $127K,126861,,https://www.sec.gov/Archives/edgar/data/2009866/000195004726009667/0001950047-26-009667-index.htm,LOW
2026-09-18T20:23:38+00:00,FORM_144,,"WORKDAY, INC.",proposed sale $18.75M,18750055,,https://www.sec.gov/Archives/edgar/data/1327811/000195004726009666/0001950047-26-009666-index.htm,LOW
2026-09-18T20:23:39+00:00,FORM_144,,Pagaya Technologies Ltd.,proposed sale $175K,174842,,https://www.sec.gov/Archives/edgar/data/1970282/000195004726009665/0001950047-26-009665-index.htm,LOW
2026-09-18T20:23:39+00:00,FORM_144,,"Revolution Medicines, Inc.",proposed sale $347K,347402,,https://www.sec.gov/Archives/edgar/data/2124509/000195004726009664/0001950047-26-009664-index.htm,LOW
2026-09-18T20:23:39+00:00,FORM_144,,SYNAPTICS INCORPORATED,proposed sale $30K,30434,,https://www.sec.gov/Archives/edgar/data/1213272/000195004726009663/0001950047-26-009663-index.htm,LOW
2026-09-18T20:23:40+00:00,FORM_144,,METLIFE INC,proposed sale $4K,4380,,https://www.sec.gov/Archives/edgar/data/1099219/000162828026062731/0001628280-26-062731-index.htm,LOW
2026-09-18T20:23:40+00:00,FORM_144,,"Groupon, Inc.",proposed sale $318K,317554,,https://www.sec.gov/Archives/edgar/data/1973423/000195917326007043/0001959173-26-007043-index.htm,LOW
2026-09-18T20:23:40+00:00,FORM_144,,"Intuitive Machines, Inc.",proposed sale $2.22M,2218500,,https://www.sec.gov/Archives/edgar/data/1963498/000196858226000989/0001968582-26-000989-index.htm,LOW
2026-09-18T20:23:41+00:00,FORM_144,,METLIFE INC,proposed sale $2K,2433,,https://www.sec.gov/Archives/edgar/data/1099219/000162828026062728/0001628280-26-062728-index.htm,LOW
2026-09-18T20:23:41+00:00,FORM_144,,SOUTHERN FIRST BANCSHARES INC,proposed sale $494K,494162,,https://www.sec.gov/Archives/edgar/data/1243366/000124336626000001/0001243366-26-000001-index.htm,LOW
2026-09-18T20:23:41+00:00,FORM_144,,Shopify Inc.,proposed sale $198K,197953,,https://www.sec.gov/Archives/edgar/data/2093214/000159480526000058/0001594805-26-000058-index.htm,LOW
2026-09-18T20:23:42+00:00,FORM_144,,"GUIDEWIRE SOFTWARE, INC.",proposed sale $1.42M,1417731,,https://www.sec.gov/Archives/edgar/data/1805719/000195004726009662/0001950047-26-009662-index.htm,LOW
2026-09-18T20:23:42+00:00,FORM_144,,LUMENTUM HOLDINGS INC.,proposed sale $460K,460000,,https://www.sec.gov/Archives/edgar/data/1633978/000195004726009661/0001950047-26-009661-index.htm,LOW
2026-09-18T20:23:42+00:00,FORM_144,,Shopify Inc.,proposed sale $678K,678481,,https://www.sec.gov/Archives/edgar/data/1962730/000159480526000057/0001594805-26-000057-index.htm,LOW
2026-09-18T20:23:43+00:00,FORM_144,,UPWORK INC.,proposed sale $386K,386476,,https://www.sec.gov/Archives/edgar/data/1860481/000195004726009660/0001950047-26-009660-index.htm,LOW
2026-09-18T20:23:43+00:00,FORM_144,,Shopify Inc.,proposed sale $1.44M,1438737,,https://www.sec.gov/Archives/edgar/data/1962731/000159480526000056/0001594805-26-000056-index.htm,LOW
2026-09-18T20:23:44+00:00,FORM_144,,Samsara Inc.,proposed sale $31K,31123,,https://www.sec.gov/Archives/edgar/data/2074298/000192109426001037/0001921094-26-001037-index.htm,LOW
2026-09-18T20:34:19+00:00,INSIDER_CLUSTER,GPUS,"Hyperscale Data, Inc.",Horne William B. $18K,18000,2,https://www.sec.gov/Archives/edgar/data/1333268/000121465926011803/0001214659-26-011803-index.htm,HIGH
2026-09-18T20:34:25+00:00,FORM_144,,"BLOCK, INC.",proposed sale $459K,459300,,https://www.sec.gov/Archives/edgar/data/1933928/000195004726009678/0001950047-26-009678-index.htm,LOW
2026-09-18T20:34:26+00:00,FORM_144,,"GUIDEWIRE SOFTWARE, INC.",proposed sale $200K,200217,,https://www.sec.gov/Archives/edgar/data/1586253/000195004726009677/0001950047-26-009677-index.htm,LOW
2026-09-18T20:34:26+00:00,FORM_144,,"Abacus Global Management, Inc.",proposed sale $4.54M,4535000,,https://www.sec.gov/Archives/edgar/data/1983263/000196858226000991/0001968582-26-000991-index.htm,LOW
2026-09-18T20:34:26+00:00,FORM_144,,UPWORK INC.,proposed sale $79K,78897,,https://www.sec.gov/Archives/edgar/data/1975669/000195004726009676/0001950047-26-009676-index.htm,LOW
2026-09-18T20:34:27+00:00,FORM_144,,"Abacus Global Management, Inc.",proposed sale $4.54M,4535000,,https://www.sec.gov/Archives/edgar/data/1982989/000196858226000990/0001968582-26-000990-index.htm,LOW
2026-09-18T20:34:27+00:00,FORM_144,,UPWORK INC.,proposed sale $202K,201917,,https://www.sec.gov/Archives/edgar/data/1753662/000195004726009675/0001950047-26-009675-index.htm,LOW
2026-09-18T20:44:51+00:00,FORM_144,,DORIAN LPG LTD.,proposed sale $1.45M,1447750,,https://www.sec.gov/Archives/edgar/data/1596993/000091957426006397/0000919574-26-006397-index.htm,LOW
2026-09-18T20:44:51+00:00,FORM_144,,"Abacus Global Management, Inc.",proposed sale $4.54M,4535000,,https://www.sec.gov/Archives/edgar/data/1984139/000196858226000994/0001968582-26-000994-index.htm,LOW
2026-09-18T20:44:52+00:00,FORM_144,,"Patterson-UTI Energy, Inc.",proposed sale $3.01M,3007500,,https://www.sec.gov/Archives/edgar/data/1546374/000196858226000993/0001968582-26-000993-index.htm,LOW
2026-09-18T20:53:09+00:00,FORM_144,,"Smartbird, Inc.",proposed sale $118K,117795,,https://www.sec.gov/Archives/edgar/data/1653909/000196858226000995/0001968582-26-000995-index.htm,LOW
2026-09-18T20:53:09+00:00,FORM_144,,"KORSANA BIOSCIENCES, INC.",proposed sale $75K,74843,,https://www.sec.gov/Archives/edgar/data/1755237/000195004726009679/0001950047-26-009679-index.htm,LOW
2026-09-18T20:53:10+00:00,FORM_144,,"Expensify, Inc.",proposed sale $6K,6112,,https://www.sec.gov/Archives/edgar/data/1892682/000189268226000031/0001892682-26-000031-index.htm,LOW
2026-09-18T20:53:10+00:00,FORM_144,,"Expensify, Inc.",proposed sale $16K,16132,,https://www.sec.gov/Archives/edgar/data/1891197/000189119726000016/0001891197-26-000016-index.htm,LOW
2026-09-18T20:53:10+00:00,FORM_144,,"Expensify, Inc.",proposed sale $8K,7733,,https://www.sec.gov/Archives/edgar/data/1891061/000189106126000019/0001891061-26-000019-index.htm,LOW
2026-09-18T20:53:11+00:00,FORM_144,,"Expensify, Inc.",proposed sale $15K,14624,,https://www.sec.gov/Archives/edgar/data/1891862/000189186226000018/0001891862-26-000018-index.htm,LOW
2026-09-18T20:53:11+00:00,FORM_144,,"Expensify, Inc.",proposed sale $23K,23457,,https://www.sec.gov/Archives/edgar/data/2104456/000210445626000025/0002104456-26-000025-index.htm,LOW
2026-09-18T21:16:54+00:00,INSIDER_CLUSTER,NONE,5C Lending Partners Corp.,LIBERTY MUTUAL HOLDING Co INC. $9.76M,9761987,1,https://www.sec.gov/Archives/edgar/data/1142872/000119312526395720/0001193125-26-395720-index.htm,HIGH
2026-09-18T21:17:12+00:00,FORM_144,,"ZipRecruiter, Inc.",proposed sale $91K,91408,,https://www.sec.gov/Archives/edgar/data/1859449/000195824426000620/0001958244-26-000620-index.htm,LOW
2026-09-18T21:17:13+00:00,FORM_144,,"ZipRecruiter, Inc.",proposed sale $417K,417189,,https://www.sec.gov/Archives/edgar/data/1859448/000195824426000619/0001958244-26-000619-index.htm,LOW
2026-09-18T21:17:13+00:00,FORM_144,,TEVA PHARMACEUTICAL INDUSTRIES LTD,proposed sale $14.41M,14406244,,https://www.sec.gov/Archives/edgar/data/1166309/000091957426006400/0000919574-26-006400-index.htm,LOW
2026-09-18T21:17:13+00:00,FORM_144,,MOHAWK INDUSTRIES INC,proposed sale $100K,100495,,https://www.sec.gov/Archives/edgar/data/1271373/000001179026000037/0000011790-26-000037-index.htm,LOW
2026-09-18T21:46:47+00:00,INSIDER_CLUSTER,GAM,GENERAL AMERICAN INVESTORS CO INC,Priest Jeffrey W $94K,93840,0,https://www.sec.gov/Archives/edgar/data/1317435/000004041726000049/0000040417-26-000049-index.htm,HIGH
2026-09-18T22:19:16+00:00,INSIDER_BUY,CV,"CapsoVision, Inc",Shen Ching Hang $5.00M,4999996,3,https://www.sec.gov/Archives/edgar/data/2102304/000210230426000003/0002102304-26-000003-index.htm,MEDIUM
2026-09-19T00:36:51+00:00,INSIDER_CLUSTER,RWT,REDWOOD TRUST INC,Abate Christopher J $384K,383900,3,https://www.sec.gov/Archives/edgar/data/1453409/000110465926109010/0001104659-26-109010-index.htm,HIGH
2026-09-19T00:36:54+00:00,FORM_144,,Kinetik Holdings Inc.,proposed sale $7.23M,7226994,,https://www.sec.gov/Archives/edgar/data/1904934/000090514826004223/0000905148-26-004223-index.htm,LOW
2026-09-21T10:44:21+00:00,FORM_144,,TEVA PHARMACEUTICAL INDUSTRIES LTD,proposed sale $273K,273062,,https://www.sec.gov/Archives/edgar/data/2112339/000197337926000342/0001973379-26-000342-index.htm,LOW
2026-09-21T11:18:24+00:00,INSIDER_CLUSTER,BORR,Borr Drilling Ltd,Morand De Oliveira Bruno $200K,200200,3,https://www.sec.gov/Archives/edgar/data/2117088/000162828026062804/0001628280-26-062804-index.htm,HIGH
2026-09-21T11:18:26+00:00,FORM_144,,TSAKOS ENERGY NAVIGATION LTD,proposed sale $530K,530013,,https://www.sec.gov/Archives/edgar/data/2120925/000212092526000002/0002120925-26-000002-index.htm,LOW
2026-09-21T12:51:25+00:00,INSIDER_CLUSTER,CBKM,CONSUMERS BANCORP INC /OH/,Lober Ralph J II $2K,2281,4,https://www.sec.gov/Archives/edgar/data/1401124/000143774926030775/0001437749-26-030775-index.htm,HIGH
2026-09-21T13:14:28+00:00,FORM_144,,STAR BULK CARRIERS CORP,proposed sale $114K,113680,,https://www.sec.gov/Archives/edgar/data/2117770/000211777026000004/0002117770-26-000004-index.htm,LOW
2026-09-21T14:54:59+00:00,FORM_144,,"REVVITY, INC.",proposed sale $236K,235728,,https://www.sec.gov/Archives/edgar/data/1943549/000195917326007045/0001959173-26-007045-index.htm,LOW
2026-09-21T15:19:15+00:00,FORM_144,,"Phreesia, Inc.",proposed sale $67K,67152,,https://www.sec.gov/Archives/edgar/data/1564521/000195917326007046/0001959173-26-007046-index.htm,LOW
2026-09-21T15:31:16+00:00,FORM_144,,TechnipFMC plc,proposed sale $431K,431100,,https://www.sec.gov/Archives/edgar/data/1928417/000195917326007047/0001959173-26-007047-index.htm,LOW
2026-09-21T15:54:25+00:00,FORM_144,,ARM HOLDINGS PLC /UK,proposed sale $3.12M,3120000,,https://www.sec.gov/Archives/edgar/data/1973239/000195917326007048/0001959173-26-007048-index.htm,LOW
2026-09-21T16:20:44+00:00,FORM_144,,Archer Aviation Inc.,proposed sale $246K,246299,,https://www.sec.gov/Archives/edgar/data/1870608/000195917326007050/0001959173-26-007050-index.htm,LOW
2026-09-21T16:20:45+00:00,FORM_144,,"SoFi Technologies, Inc.",proposed sale $326K,325920,,https://www.sec.gov/Archives/edgar/data/1934200/000195917326007049/0001959173-26-007049-index.htm,LOW
2026-09-21T16:33:23+00:00,FORM_144,,ALAMO GROUP INC,proposed sale $242K,241696,,https://www.sec.gov/Archives/edgar/data/1546251/000195917326007051/0001959173-26-007051-index.htm,LOW
2026-09-21T16:33:24+00:00,FORM_144,,Innovative Eyewear Inc,proposed sale $3K,3376,,https://www.sec.gov/Archives/edgar/data/2008020/000197407826000360/0001974078-26-000360-index.htm,LOW
2026-09-21T16:46:04+00:00,FORM_144,,MERCURY SYSTEMS INC,proposed sale $87K,86520,,https://www.sec.gov/Archives/edgar/data/1289593/000195917326007052/0001959173-26-007052-index.htm,LOW
2026-09-21T17:19:03+00:00,FORM_144,,"DigitalOcean Holdings, Inc.",proposed sale $1.60M,1595160,,https://www.sec.gov/Archives/edgar/data/1761862/000195917326007053/0001959173-26-007053-index.htm,LOW
2026-09-21T17:29:51+00:00,FORM_144,,ATI INC,proposed sale $1.73M,1726380,,https://www.sec.gov/Archives/edgar/data/1776844/000195917326007054/0001959173-26-007054-index.htm,LOW
2026-09-21T17:58:40+00:00,FORM_144,,GigaCloud Technology Inc,proposed sale $2.84M,2842483,,https://www.sec.gov/Archives/edgar/data/2045034/000194984626000592/0001949846-26-000592-index.htm,LOW
2026-09-21T18:47:38+00:00,FORM_144,,PEAPACK GLADSTONE FINANCIAL CORP,proposed sale $104K,104109,,https://www.sec.gov/Archives/edgar/data/1786533/000195917326007055/0001959173-26-007055-index.htm,LOW
2026-09-21T18:57:47+00:00,FORM_144,,"Keysight Technologies, Inc.",proposed sale $682K,681570,,https://www.sec.gov/Archives/edgar/data/1621383/000195917326007056/0001959173-26-007056-index.htm,LOW
2026-09-21T19:09:56+00:00,FORM_144,,REPLIGEN CORP,proposed sale $977K,976680,,https://www.sec.gov/Archives/edgar/data/1995525/000195917326007059/0001959173-26-007059-index.htm,LOW
2026-09-21T19:09:56+00:00,FORM_144,,"BillionToOne, Inc.",proposed sale $151K,150959,,https://www.sec.gov/Archives/edgar/data/2087126/000195917326007058/0001959173-26-007058-index.htm,LOW
2026-09-21T19:09:56+00:00,FORM_144,,"CrowdStrike Holdings, Inc.",proposed sale $8.07M,8070014,,https://www.sec.gov/Archives/edgar/data/1778610/000195917326007057/0001959173-26-007057-index.htm,LOW
2026-09-21T19:22:58+00:00,FORM_144,,"Coinbase Global, Inc.",proposed sale $8.01M,8010631,,https://www.sec.gov/Archives/edgar/data/1679788/000162828026062867/0001628280-26-062867-index.htm,LOW
2026-09-21T20:16:01+00:00,FORM_144,,"EQUITABLE HOLDINGS, INC.",proposed sale $151K,151093,,https://www.sec.gov/Archives/edgar/data/1333986/000195004726009696/0001950047-26-009696-index.htm,LOW
2026-09-21T20:16:01+00:00,FORM_144,,"Verisk Analytics, Inc.",proposed sale $180K,179702,,https://www.sec.gov/Archives/edgar/data/1803783/000196430626000454/0001964306-26-000454-index.htm,LOW
2026-09-21T20:16:02+00:00,FORM_144,,PHARVARIS N.V.,proposed sale $219K,218800,,https://www.sec.gov/Archives/edgar/data/1830487/000195004726009695/0001950047-26-009695-index.htm,LOW
2026-09-21T20:16:02+00:00,FORM_144,,CREDO TECHNOLOGY GROUP HOLDING LTD,proposed sale $925K,925001,,https://www.sec.gov/Archives/edgar/data/1807794/000195004726009694/0001950047-26-009694-index.htm,LOW
2026-09-21T20:16:02+00:00,FORM_144,,"Mineralys Therapeutics, Inc.",proposed sale $209K,209135,,https://www.sec.gov/Archives/edgar/data/1933414/000196430626000453/0001964306-26-000453-index.htm,LOW
2026-09-21T20:16:03+00:00,FORM_144,,"COHU, INC.",proposed sale $3.35M,3347640,,https://www.sec.gov/Archives/edgar/data/1509513/000195004726009693/0001950047-26-009693-index.htm,LOW
2026-09-21T20:16:03+00:00,FORM_144,,"VIASAT, INC.",proposed sale $308K,307646,,https://www.sec.gov/Archives/edgar/data/1832377/000195004726009692/0001950047-26-009692-index.htm,LOW
2026-09-21T20:16:04+00:00,FORM_144,,"CG ONCOLOGY, INC.",proposed sale $2.34M,2340024,,https://www.sec.gov/Archives/edgar/data/2007090/000195004726009691/0001950047-26-009691-index.htm,LOW
2026-09-21T20:16:04+00:00,FORM_144,,"BLOCK, INC.",proposed sale $465K,465240,,https://www.sec.gov/Archives/edgar/data/1933928/000195004726009690/0001950047-26-009690-index.htm,LOW
2026-09-21T20:16:04+00:00,FORM_144,,"ZSCALER, INC.",proposed sale $132K,132200,,https://www.sec.gov/Archives/edgar/data/2040014/000195004726009689/0001950047-26-009689-index.htm,LOW
2026-09-21T20:16:05+00:00,FORM_144,,"NETAPP, INC.",proposed sale $690K,690000,,https://www.sec.gov/Archives/edgar/data/1494732/000195004726009688/0001950047-26-009688-index.htm,LOW
2026-09-21T20:16:05+00:00,FORM_144,,"GUIDEWIRE SOFTWARE, INC.",proposed sale $175K,175104,,https://www.sec.gov/Archives/edgar/data/1784996/000195004726009687/0001950047-26-009687-index.htm,LOW
2026-09-21T20:16:06+00:00,FORM_144,,ANTERIX INC.,proposed sale $1.20M,1200000,,https://www.sec.gov/Archives/edgar/data/1571601/000195004726009685/0001950047-26-009685-index.htm,LOW
2026-09-21T20:16:06+00:00,FORM_144,,LUMENTUM HOLDINGS INC.,proposed sale $480K,479635,,https://www.sec.gov/Archives/edgar/data/1633978/000195004726009684/0001950047-26-009684-index.htm,LOW
2026-09-21T20:16:06+00:00,FORM_144,,"KESTRA MEDICAL TECHNOLOGIES, LTD.",proposed sale $97K,97267,,https://www.sec.gov/Archives/edgar/data/1877184/000196430626000452/0001964306-26-000452-index.htm,LOW
2026-09-21T20:16:07+00:00,FORM_144,,Snowflake Inc.,proposed sale $34.46M,34457272,,https://www.sec.gov/Archives/edgar/data/1640147/000195917326007060/0001959173-26-007060-index.htm,LOW
2026-09-21T20:28:23+00:00,INSIDER_CLUSTER,RWT,REDWOOD TRUST INC,Macomber Sasha G. $20K,19967,0,https://www.sec.gov/Archives/edgar/data/1758710/000175871026000004/0001758710-26-000004-index.htm,HIGH
2026-09-21T20:28:27+00:00,INSIDER_BUY,BBD,BANK BRADESCO,Panico Alexandre $784K,784287,3,https://www.sec.gov/Archives/edgar/data/2125974/000129281426004619/0001292814-26-004619-index.htm,MEDIUM
2026-09-21T20:28:34+00:00,INSIDER_CLUSTER,BBD,BANK BRADESCO,de Souza Cintia Scovine Barcelos $1.08M,1080472,3,https://www.sec.gov/Archives/edgar/data/2126545/000129281426004617/0001292814-26-004617-index.htm,HIGH
2026-09-21T20:28:36+00:00,INSIDER_CLUSTER,RWT,REDWOOD TRUST INC,Stone Andrew P $21K,20593,0,https://www.sec.gov/Archives/edgar/data/1487805/000148780526000004/0001487805-26-000004-index.htm,HIGH
2026-09-21T20:28:37+00:00,INSIDER_CLUSTER,BBD,BANK BRADESCO,Pedras Carlos Henrique Villela $1.00M,1004183,3,https://www.sec.gov/Archives/edgar/data/2125970/000129281426004615/0001292814-26-004615-index.htm,HIGH
2026-09-21T20:28:44+00:00,FORM_144,,"Meta Platforms, Inc.",proposed sale $28.51M,28510259,,https://www.sec.gov/Archives/edgar/data/1607459/000192109426001039/0001921094-26-001039-index.htm,LOW
2026-09-21T20:28:44+00:00,FORM_144,,Strategy Inc,proposed sale $238K,238442,,https://www.sec.gov/Archives/edgar/data/1309191/000195917326007061/0001959173-26-007061-index.htm,LOW
2026-09-21T20:28:45+00:00,FORM_144,,"Blend Labs, Inc.",proposed sale $25K,25024,,https://www.sec.gov/Archives/edgar/data/1870974/000192109426001038/0001921094-26-001038-index.htm,LOW
2026-09-21T20:28:45+00:00,FORM_144,,"Coinbase Global, Inc.",proposed sale $1.40M,1401790,,https://www.sec.gov/Archives/edgar/data/1679788/000197407826000361/0001974078-26-000361-index.htm,LOW
2026-09-21T20:28:45+00:00,FORM_144,,MACROGENICS INC.,proposed sale $66K,65530,,https://www.sec.gov/Archives/edgar/data/1675464/000162828026062884/0001628280-26-062884-index.htm,LOW
2026-09-21T20:28:46+00:00,FORM_144,,BRISTOW GROUP INC.,proposed sale $42K,41540,,https://www.sec.gov/Archives/edgar/data/1792626/000195004726009697/0001950047-26-009697-index.htm,LOW
2026-09-21T20:39:21+00:00,INSIDER_CLUSTER,SKIL,Skillsoft Corp.,HOVSEPIAN RONALD W $100K,99865,4,https://www.sec.gov/Archives/edgar/data/1774675/000109148226000015/0001091482-26-000015-index.htm,HIGH
2026-09-21T20:39:28+00:00,INSIDER_CLUSTER,GPUS,"Hyperscale Data, Inc.",AULT MILTON C III $7K,6842,4,https://www.sec.gov/Archives/edgar/data/1734770/000121465926011836/0001214659-26-011836-index.htm,HIGH
2026-09-21T20:48:11+00:00,INSIDER_BUY,GSAT,"Globalstar, Inc.",Monroe James III $29.84M,29839232,3,https://www.sec.gov/Archives/edgar/data/1379664/000137966426000002/0001379664-26-000002-index.htm,MEDIUM
2026-09-21T20:48:24+00:00,FORM_144,,Qualcomm,proposed sale $1.95M,1950000,,https://www.sec.gov/Archives/edgar/data/1559665/000162828026062919/0001628280-26-062919-index.htm,LOW
2026-09-21T20:48:24+00:00,FORM_144,,"Nextdoor Holdings, Inc.",proposed sale $100K,99600,,https://www.sec.gov/Archives/edgar/data/2083093/000195004726009723/0001950047-26-009723-index.htm,LOW
2026-09-21T20:48:25+00:00,FORM_144,,Structure Therapeutics Inc.,proposed sale $140K,140280,,https://www.sec.gov/Archives/edgar/data/2037144/000195004726009722/0001950047-26-009722-index.htm,LOW
2026-09-21T20:48:25+00:00,FORM_144,,"Datadog, Inc.",proposed sale $690K,689760,,https://www.sec.gov/Archives/edgar/data/1561550/000195004726009721/0001950047-26-009721-index.htm,LOW
2026-09-21T20:48:26+00:00,FORM_144,,"Datadog, Inc.",proposed sale $690K,689760,,https://www.sec.gov/Archives/edgar/data/1561550/000195004726009720/0001950047-26-009720-index.htm,LOW
2026-09-21T20:48:26+00:00,FORM_144,,Kanzhun Limited,proposed sale $88.31M,88308640,,https://www.sec.gov/Archives/edgar/data/1982580/000110465926109340/0001104659-26-109340-index.htm,LOW
2026-09-21T20:48:26+00:00,FORM_144,,"Datadog, Inc.",proposed sale $2.30M,2299200,,https://www.sec.gov/Archives/edgar/data/1561550/000195004726009719/0001950047-26-009719-index.htm,LOW
2026-09-21T20:48:27+00:00,FORM_144,,SEAGATE TECHNOLOGY HOLDINGS PUBLIC LIMITED COMPANY,proposed sale $12.75M,12752172,,https://www.sec.gov/Archives/edgar/data/1988271/000195004726009718/0001950047-26-009718-index.htm,LOW
2026-09-21T20:48:27+00:00,FORM_144,,"GRAIL, Inc.",proposed sale $5.77M,5771178,,https://www.sec.gov/Archives/edgar/data/1822088/000195004726009717/0001950047-26-009717-index.htm,LOW
2026-09-21T20:48:28+00:00,FORM_144,,"ZSCALER, INC.",proposed sale $1.06M,1064290,,https://www.sec.gov/Archives/edgar/data/1713683/000195004726009716/0001950047-26-009716-index.htm,LOW
2026-09-21T20:48:28+00:00,FORM_144,,"Meta Platforms, Inc.",proposed sale $1.07M,1071425,,https://www.sec.gov/Archives/edgar/data/1564475/000192109426001042/0001921094-26-001042-index.htm,LOW
2026-09-21T20:48:28+00:00,FORM_144,,"KRATOS DEFENSE & SECURITY SOLUTIONS, INC.",proposed sale $977K,976916,,https://www.sec.gov/Archives/edgar/data/1094718/000195004726009715/0001950047-26-009715-index.htm,LOW
2026-09-21T20:48:29+00:00,FORM_144,,"Duolingo, Inc.",proposed sale $4.97M,4965364,,https://www.sec.gov/Archives/edgar/data/1966358/000195004726009714/0001950047-26-009714-index.htm,LOW
2026-09-21T20:48:29+00:00,FORM_144,,"INDIE SEMICONDUCTOR, INC.",proposed sale $12K,11512,,https://www.sec.gov/Archives/edgar/data/2095553/000195004726009713/0001950047-26-009713-index.htm,LOW
2026-09-21T20:48:29+00:00,FORM_144,,"Duolingo, Inc.",proposed sale $5.30M,5302235,,https://www.sec.gov/Archives/edgar/data/1829259/000195004726009712/0001950047-26-009712-index.htm,LOW
2026-09-21T20:48:30+00:00,FORM_144,,"VERACYTE, INC.",proposed sale $160K,159776,,https://www.sec.gov/Archives/edgar/data/1991536/000195004726009711/0001950047-26-009711-index.htm,LOW
2026-09-21T20:48:30+00:00,FORM_144,,SOPHIA GENETICS SA,proposed sale $6K,6339,,https://www.sec.gov/Archives/edgar/data/1840706/000195004726009710/0001950047-26-009710-index.htm,LOW
2026-09-21T20:48:31+00:00,FORM_144,,JOBY AVIATION INC,proposed sale $38K,37564,,https://www.sec.gov/Archives/edgar/data/1877894/000195004726009709/0001950047-26-009709-index.htm,LOW
2026-09-21T20:48:31+00:00,FORM_144,,"Palomar Holdings, Inc.",proposed sale $476K,476000,,https://www.sec.gov/Archives/edgar/data/1772383/000195004726009708/0001950047-26-009708-index.htm,LOW
2026-09-21T20:48:31+00:00,FORM_144,,"Everpure, Inc.",proposed sale $10.41M,10414000,,https://www.sec.gov/Archives/edgar/data/1651902/000195004726009707/0001950047-26-009707-index.htm,LOW
2026-09-21T20:48:32+00:00,FORM_144,,"CIRRUS LOGIC, INC.",proposed sale $416K,415632,,https://www.sec.gov/Archives/edgar/data/1777830/000195004726009706/0001950047-26-009706-index.htm,LOW
2026-09-21T20:48:32+00:00,FORM_144,,BLACKSKY TECHNOLOGY INC,proposed sale $390K,390060,,https://www.sec.gov/Archives/edgar/data/1753539/000195004726009705/0001950047-26-009705-index.htm,LOW
2026-09-21T20:48:32+00:00,FORM_144,,Kanzhun Ltd,proposed sale $3.09M,3085440,,https://www.sec.gov/Archives/edgar/data/1982580/000110465926109326/0001104659-26-109326-index.htm,LOW
2026-09-21T20:48:33+00:00,FORM_144,,"AELUMA, INC",proposed sale $1.27M,1272500,,https://www.sec.gov/Archives/edgar/data/1869626/000195004726009704/0001950047-26-009704-index.htm,LOW
2026-09-21T20:48:33+00:00,FORM_144,,"Hinge Health, Inc.",proposed sale $3.13M,3131700,,https://www.sec.gov/Archives/edgar/data/1783108/000195004726009703/0001950047-26-009703-index.htm,LOW
2026-09-21T20:48:34+00:00,FORM_144,,"Robinhood Markets, Inc.",proposed sale $31.05M,31053270,,https://www.sec.gov/Archives/edgar/data/1871006/000195004726009702/0001950047-26-009702-index.htm,LOW
2026-09-21T20:48:34+00:00,FORM_144,,"Oruka Therapeutics, Inc.",proposed sale $51K,50613,,https://www.sec.gov/Archives/edgar/data/2033974/000195004726009701/0001950047-26-009701-index.htm,LOW
2026-09-21T20:48:34+00:00,FORM_144,,SOPHIA GENETICS SA,proposed sale $3K,3456,,https://www.sec.gov/Archives/edgar/data/2005463/000195004726009700/0001950047-26-009700-index.htm,LOW
2026-09-21T20:48:35+00:00,FORM_144,,CLARITEV CORPORATION,proposed sale $278K,278060,,https://www.sec.gov/Archives/edgar/data/2032799/000195004726009699/0001950047-26-009699-index.htm,LOW
2026-09-21T20:48:35+00:00,FORM_144,,"ZIPRECRUITER, INC.",proposed sale $29K,28996,,https://www.sec.gov/Archives/edgar/data/1861460/000195004726009698/0001950047-26-009698-index.htm,LOW
2026-09-21T20:48:35+00:00,FORM_144,,"NWPX Infrastructure, Inc.",proposed sale $102K,102309,,https://www.sec.gov/Archives/edgar/data/1401658/000195917326007064/0001959173-26-007064-index.htm,LOW
2026-09-21T20:48:36+00:00,FORM_144,,"Life360, Inc.",proposed sale $2.04M,2044284,,https://www.sec.gov/Archives/edgar/data/1932626/000195917326007063/0001959173-26-007063-index.htm,LOW
2026-09-21T20:48:36+00:00,FORM_144,,"Stitch Fix, Inc.",proposed sale $116K,115609,,https://www.sec.gov/Archives/edgar/data/2004694/000192109426001041/0001921094-26-001041-index.htm,LOW
2026-09-21T20:48:37+00:00,FORM_144,,Interface Inc.,proposed sale $136K,136213,,https://www.sec.gov/Archives/edgar/data/1094629/000162828026062901/0001628280-26-062901-index.htm,LOW
2026-09-21T20:48:37+00:00,FORM_144,,NVIDIA CORP,proposed sale $6.79M,6786532,,https://www.sec.gov/Archives/edgar/data/1696841/000192109426001040/0001921094-26-001040-index.htm,LOW
2026-09-21T20:48:38+00:00,FORM_144,,"Groupon, Inc.",proposed sale $526K,526213,,https://www.sec.gov/Archives/edgar/data/1973423/000195917326007062/0001959173-26-007062-index.htm,LOW
2026-09-21T21:07:10+00:00,INSIDER_CLUSTER,GME,GameStop Corp.,Cohen Ryan $26.39M,26393722,0,https://www.sec.gov/Archives/edgar/data/1767470/000092189526002608/0000921895-26-002608-index.htm,HIGH
2026-09-21T21:07:13+00:00,INSIDER_CLUSTER,FBDT,"First Breach, Inc.",LEITH CHARLES KENNETH $45K,45330,3,https://www.sec.gov/Archives/edgar/data/2153915/000121390026101846/0001213900-26-101846-index.htm,HIGH
2026-09-21T21:07:18+00:00,FORM_144,,Bullish,proposed sale $9.97M,9968400,,https://www.sec.gov/Archives/edgar/data/2043628/000196858226000996/0001968582-26-000996-index.htm,LOW
2026-09-21T21:07:18+00:00,FORM_144,,Twist Bioscience Corp,proposed sale $279K,279183,,https://www.sec.gov/Archives/edgar/data/1753655/000195917326007067/0001959173-26-007067-index.htm,LOW
2026-09-21T21:07:18+00:00,FORM_144,,Twist Bioscience Corp,proposed sale $49K,48654,,https://www.sec.gov/Archives/edgar/data/1753672/000195917326007066/0001959173-26-007066-index.htm,LOW
2026-09-21T21:07:19+00:00,FORM_144,,Twist Bioscience Corp,proposed sale $58K,57591,,https://www.sec.gov/Archives/edgar/data/1883451/000195917326007065/0001959173-26-007065-index.htm,LOW
2026-09-21T21:07:19+00:00,FORM_144,,"NETAPP, INC.",proposed sale $2.60M,2600161,,https://www.sec.gov/Archives/edgar/data/1586813/000195004726009724/0001950047-26-009724-index.htm,LOW
2026-09-21T21:21:15+00:00,INSIDER_CLUSTER,CYBN,CYBIN INC.,Halstead Michael $1.35M,1347050,0,https://www.sec.gov/Archives/edgar/data/1833141/000091228226001293/0000912282-26-001293-index.htm,HIGH
2026-09-21T21:21:18+00:00,FORM_144,,"SoFi Technologies, Inc.",proposed sale $524K,524369,,https://www.sec.gov/Archives/edgar/data/2032458/000196858226000998/0001968582-26-000998-index.htm,LOW
2026-09-21T21:42:53+00:00,INSIDER_CLUSTER,BBD,BANK BRADESCO,da Cunha Paulo Roberto Simoes $843K,842794,3,https://www.sec.gov/Archives/edgar/data/2126534/000129281426004625/0001292814-26-004625-index.htm,HIGH
2026-09-21T21:52:16+00:00,FORM_144,,"J.Jill, Inc.",proposed sale $718K,718500,,https://www.sec.gov/Archives/edgar/data/1774998/000195824426000622/0001958244-26-000622-index.htm,LOW
2026-09-21T21:52:16+00:00,FORM_144,,KE Holdings Inc.,proposed sale $18.37M,18374307,,https://www.sec.gov/Archives/edgar/data/1976835/000195824426000621/0001958244-26-000621-index.htm,LOW
2026-09-21T22:15:47+00:00,INSIDER_CLUSTER,BOLT,"Bolt Biotherapeutics, Inc.",Quinn William P. $2K,2469,108,https://www.sec.gov/Archives/edgar/data/1724190/000119312526396890/0001193125-26-396890-index.htm,HIGH
2026-09-21T22:15:54+00:00,FORM_144,,"Crowdstrike Holdings, Inc.",proposed sale $17.71M,17708490,,https://www.sec.gov/Archives/edgar/data/1778564/000196858226000999/0001968582-26-000999-index.htm,LOW
2026-09-21T22:15:54+00:00,FORM_144,,Lightspeed Commerce Inc.,proposed sale $146K,145942,,https://www.sec.gov/Archives/edgar/data/2137087/000213708726000001/0002137087-26-000001-index.htm,LOW
2026-09-21T22:28:42+00:00,INSIDER_BUY,CRM,"Salesforce, Inc.",Kirk David Blair $999K,999450,3,https://www.sec.gov/Archives/edgar/data/2077892/000110852426000212/0001108524-26-000212-index.htm,MEDIUM
2026-09-21T22:28:45+00:00,FORM_144,,Dell Technologies Inc.,proposed sale $2.72M,2719871,,https://www.sec.gov/Archives/edgar/data/1571996/000119312526396929/0001193125-26-396929-index.htm,LOW
2026-09-21T22:28:45+00:00,FORM_144,,Telos Corporation,proposed sale $387K,387030,,https://www.sec.gov/Archives/edgar/data/1356849/000135684926000015/0001356849-26-000015-index.htm,LOW
2026-09-21T22:40:34+00:00,FORM_144,,"Amphastar Pharmaceuticals, Inc.",proposed sale $103K,103475,,https://www.sec.gov/Archives/edgar/data/1297184/000196922326001034/0001969223-26-001034-index.htm,LOW
2026-09-21T22:40:34+00:00,FORM_144,,Dell Technologies Inc.,proposed sale $355K,355037,,https://www.sec.gov/Archives/edgar/data/1972002/000119312526396939/0001193125-26-396939-index.htm,LOW
2026-09-21T22:40:35+00:00,FORM_144,,Dell Technologies Inc.,proposed sale $1.05M,1050911,,https://www.sec.gov/Archives/edgar/data/1972001/000119312526396937/0001193125-26-396937-index.htm,LOW
2026-09-21T22:40:35+00:00,FORM_144,,Dell Technologies Inc.,proposed sale $358K,357877,,https://www.sec.gov/Archives/edgar/data/1972013/000119312526396933/0001193125-26-396933-index.htm,LOW
2026-09-21T22:40:35+00:00,FORM_144,,Dell Technologies Inc.,proposed sale $57K,57374,,https://www.sec.gov/Archives/edgar/data/1571996/000119312526396931/0001193125-26-396931-index.htm,LOW
