timestamp,trade_date,ticker,company,insider,role,shares,price,value_usd,holding_change_pct,accession
2026-08-28T22:10:05+00:00,2026-08-26,JCTC,JEWETT CAMERON TRADING CO LTD,"AJB Investment Fund II, LP",10% owner,2536,2.90,7354,0.5,0001536588-26-000029
2026-08-28T22:10:14+00:00,2026-08-26,SITE,"SiteOne Landscape Supply, Inc.",BLACK DOUG,"Director, CEO",5000,96.13,480650,62.5,0001104659-26-103314
2026-08-28T22:18:20+00:00,2026-08-05,ATTO,"Attovia Therapeutics, Inc.",WALSH COLIN,Director,585000,17.58,10285000,24.0,0001866174-26-000011
2026-08-28T22:18:22+00:00,2026-08-05,ATTO,"Attovia Therapeutics, Inc.",GOLDMAN SACHS GROUP INC,,585000,17.58,10285000,24.0,0000886982-26-000522
2026-08-28T22:18:23+00:00,2026-08-28,RNAQ,Rainier Acquisition Corp,GROSSMAN JONAS,"Director, 10% owner",194375,10.00,1943750,NEW,0001104659-26-103344
2026-08-28T22:34:36+00:00,2026-08-26,SUJA,"SUJA LIFE, INC.","PAINE SCHWARTZ FOOD CHAIN FUND V GP, LTD.",10% owner,652248,9.35,6097155,6.2,0001140361-26-034878
2026-08-28T22:42:21+00:00,2026-08-27,BATL,BATTALION OIL CORP,Hinds Gregory S.,Director,14400,1.31,18864,124.1,0001104659-26-103373
2026-08-28T22:42:22+00:00,2026-08-26,BATL,BATTALION OIL CORP,ROGERS WILLIAM D,Director,70000,1.30,91168,3500.0,0001104659-26-103372
2026-08-28T23:06:28+00:00,2026-08-28,UAMY,UNITED STATES ANTIMONY CORP,EVANS GARY C,"Director, Chairman & CEO",20000,4.92,98400,0.8,0001104659-26-103384
2026-08-28T23:38:03+00:00,2026-08-26,NRDE,Stark Novus Financial Inc.,ZYNGIER ALEXANDRE,Director,10648,1.70,18081,3.5,0001493152-26-040671
2026-08-28T23:53:55+00:00,2026-08-26,PLSE,"PULSE BIOSCIENCES, INC.",Teplitsky Liane Rae,Chief Operating Officer,2070,48.29,99965,NEW,0001437749-26-029233
2026-08-29T01:06:15+00:00,2026-08-28,BIVI,BIOVIE INC.,Palumbo Joseph M,Chief Medical Officer,4843,2.16,10460,406.0,0001520138-26-000383
2026-08-29T01:06:16+00:00,2026-08-28,BIVI,BIOVIE INC.,Chappell Amy Suzon,Director,727,2.16,1570,NEW,0001520138-26-000382
2026-08-29T01:06:17+00:00,2026-08-28,BIVI,BIOVIE INC.,KIM JOANNE WENDY,Chief Financial Officer,2500,2.18,5450,265.7,0001520138-26-000379
2026-08-29T01:06:18+00:00,2026-08-27,BIVI,BIOVIE INC.,DO CUONG V,"Director, President & CEO",15210,2.08,31636,1677.0,0001520138-26-000378
2026-08-29T01:38:31+00:00,2026-07-29,OPTU,"Optimum Communications, Inc.",SUBIN NEIL S,10% owner,3032354,0.81,2454821,18.4,0001213900-26-095292
2026-08-29T01:54:45+00:00,2026-08-27,VTSI,"VirTra, Inc",BARBER GRANT,Director,3350,3.03,10136,15.9,0001437749-26-029237
2026-08-31T11:08:58+00:00,2026-08-30,SHMD,SCHMID Group N.V.,Schmid Anette,"Director, 10% owner",69000,3.16,218198,0.5,0002023157-26-000005
2026-08-31T11:08:58+00:00,2026-08-27,ADC,AGREE REALTY CORP,RAKOLTA JOHN JR,Director,20136,73.23,1474598,3.3,0001528153-26-000011
2026-08-31T11:09:00+00:00,2006-08-28,SHMD,SCHMID Group N.V.,Schuetz Arthur Josef Hermann,CFO Schmid Group N.V.,15200,3.23,49096,106.2,0002125667-26-000003
2026-08-31T11:09:02+00:00,2026-08-28,TOFB,TOFUTTI BRANDS INC,A-6684 Ltd.,10% owner,5000,0.45,2250,0.7,0001994334-26-000012
2026-08-31T11:09:05+00:00,2026-04-14,ALZN,"Alzamend Neuro, Inc.",AULT MILTON C III,Director,110388,1.01,110965,NEW,0001214659-26-011111
2026-08-31T11:09:05+00:00,2026-04-14,ALZN,"Alzamend Neuro, Inc.",AULT MILTON C III,Director,110388,1.01,110965,NEW,0001214659-26-011110
2026-08-31T11:16:59+00:00,2026-08-28,SCOR,"COMSCORE, INC.",LIVEK WILLIAM PAUL,Director,20000,5.23,104600,10.1,0001466605-26-000007
2026-08-31T11:41:38+00:00,2026-08-27,MTDR,Matador Resources Co,Calvert Christopher P,EVP and CFO,2500,56.64,141600,6.0,0002020286-26-000008
2026-08-31T12:07:33+00:00,2026-08-27,TNXP,Tonix Pharmaceuticals Holding Corp.,LEDERMAN SETH,"Director, Chief Executive Officer",2000,13.79,27580,22.2,0001493152-26-040736
2026-08-31T12:24:26+00:00,2026-08-26,MDRR,"Medalist Diversified, Inc.",Winn Charles Brent Jr.,CHIEF FINANCIAL OFFICER,259,11.99,3105,0.4,0001808471-26-000015
2026-08-31T12:56:21+00:00,2026-08-27,CTEV,Claritev Corp,Dalton Travis,"Director, Pres., CEO & Executive Chair",6450,38.71,249663,14.1,0001628280-26-059472
2026-08-31T13:21:31+00:00,2026-08-27,DGICA,DONEGAL GROUP INC,DONEGAL MUTUAL INSURANCE CO,10% owner,20000,19.07,381450,0.1,0000935596-26-000021
2026-08-31T13:21:31+00:00,2026-08-27,BGDE,"Big Digital Energy, Inc.","Endeavor Blockchain, LLC",10% owner,135,7.25,978,0.6,0000912282-26-001189
2026-08-31T13:29:35+00:00,2026-08-28,ORBS,Eightco Holdings Inc.,O'Donnell Kevin J,"Director, CEO",50000,0.81,40385,4.0,0001493152-26-040748
2026-08-31T13:37:15+00:00,2026-08-28,HKHC,Horizon Kinetics Holding Corp,Brennan Alice C,Director,200,26.20,5240,12.5,0001437749-26-029253
2026-08-31T14:35:05+00:00,2026-08-27,AURX,"Nuo Therapeutics, Inc.",JORDEN DAVID EMERSON,"Director, CEO/CFO",8773,1.09,9538,0.4,0001437749-26-029257
2026-08-31T14:58:50+00:00,2026-08-28,CCFN,MUNCY COLUMBIA FINANCIAL Corp,Oakes Stephanie A,EVP & CTOO,130,28.25,3672,3.2,0001174947-26-000823
2026-08-31T15:07:42+00:00,2026-08-28,TPL,Texas Pacific Land Corp,HORIZON KINETICS ASSET MANAGEMENT LLC,10% owner,1,364.42,364,0.0,0001437749-26-029258
2026-08-31T15:23:37+00:00,2026-08-28,BLX,"BLADEX, INC.",Van Hoorde Annette Marie,Chief Financial Officer,1454,55.00,79970,6.7,0000890541-26-000011
2026-08-31T15:23:39+00:00,2026-08-28,EMYB,"Embassy Bancorp, Inc.",Lobach David M Jr,"Director, Chairman, President and CEO",100,22.30,2230,0.2,0001464631-26-000008
2026-08-31T15:31:42+00:00,2026-08-27,XELB,"XCel Brands, Inc.",D LOREN ROBERT W,"Director, CEO and Chairman, 10% owner",5500,0.95,5252,0.7,0001104659-26-103671
2026-08-31T15:49:07+00:00,2026-08-28,AAON,"AAON, INC.",Shaub Matthew,Executive Vice President,457,76.42,34923,17.1,0000824142-26-000061
2026-08-31T16:37:22+00:00,2026-08-28,SRTS,"Sensus Healthcare, Inc.",Sachetta Eric,Director,64841,3.48,225616,28.2,0002097345-26-000016
2026-08-31T16:37:23+00:00,2026-08-28,RCG,"RENN Fund, Inc.",HORIZON KINETICS ASSET MANAGEMENT LLC,10% owner,756,2.95,2230,0.1,0001437749-26-029279
2026-08-31T17:42:04+00:00,2026-08-27,CURI,CuriosityStream Inc.,Stinchcomb Clinton Larry,"Director, President and CEO",30000,2.55,76590,1.0,0001628280-26-059526
2026-08-31T17:58:47+00:00,2026-08-28,ALLE,Allegion plc,MIZELL STEVEN,Director,170,158.28,26907,3.0,0001189403-26-000011
2026-08-31T18:15:13+00:00,2026-08-31,CTTH,"CTT PHARMACEUTICAL HOLDINGS, INC.","CTT PHARMACEUTICAL HOLDINGS, INC.",CEO,3500,0.05,171,0.0,0001035422-26-000008
2026-08-31T18:56:33+00:00,2026-08-28,AXIA3,AXIA Energia S.A.,Corso Matte Ana Silvia,Director,1400,10.24,14336,7.4,0001213900-26-095647
2026-08-31T18:56:35+00:00,2026-08-28,NONE,Privacore VPC Asset Backed Credit Fund,BANKERS LIFE & CASUALTY CO,10% owner,493096,10.14,5000000,9.0,0000903939-26-000028
2026-08-31T19:05:22+00:00,2026-08-27,AMRZ,Amrize Ltd,Gibson Dwight Audley Konrad,Director,5,44.58,243,0.1,0002035989-26-000076
2026-08-31T19:20:18+00:00,2026-08-31,CVBF,CVB FINANCIAL CORP,Maddox Mike,Director,10000,22.03,220300,318.7,0000354647-26-000116
2026-08-31T19:28:11+00:00,2026-08-27,ZNB,Zeta Network Group,HRT FINANCIAL LP,10% owner,1367,1.67,2288,256.0,0001475597-26-000222
2026-08-31T20:09:46+00:00,2026-08-28,OPFI,OppFi Inc.,Schwartz Todd G.,"Director, Chief Executive Officer, 10% owner",3500,7.15,25017,0.6,0000905148-26-004037
2026-08-31T20:09:52+00:00,2026-08-27,PETZ,"TDH Holdings, Inc.",Liu Dandan,"Director, CEO and Chair, 10% owner",2969692,1.20,3563630,141.4,0001213900-26-095705
2026-08-31T20:09:54+00:00,2026-08-27,VENU,Venu Holding Corp,ROTH JAY W,"Director, CEO & Chairman, 10% owner",1000,2.02,2016,0.0,0001493152-26-040817
2026-08-31T20:16:58+00:00,2026-08-28,OTF,Blue Owl Technology Finance Corp.,Kaye Eric A.,Director,1000,11.37,11370,50.0,0001193125-26-376792
2026-08-31T20:16:59+00:00,2026-08-28,OBDC,Blue Owl Capital Corp,Kaye Eric A.,Director,1000,11.34,11340,4.7,0001193125-26-376791
2026-08-31T20:17:04+00:00,2026-08-27,VRXA,Veraxa Biotech AG - Post de-SPAC,Baumann Oliver Rolf,Director,50000,1.50,75000,0.9,0001829126-26-009544
2026-08-31T20:17:05+00:00,2026-08-27,VRXA,Veraxa Biotech AG - Post de-SPAC,Antz Christoph Rudiger,"Director, Chief Executive Officer",5000,1.53,7650,NEW,0001829126-26-009543
2026-08-31T20:33:33+00:00,2026-08-28,AMR,"Alpha Metallurgical Resources, Inc.",Courtis Kenneth S.,Director,5000,228.99,1144926,0.5,0001812746-26-000011
2026-08-31T20:41:25+00:00,2026-08-27,VRSN,VERISIGN INC/CA,Armstrong Courtney D,Director,19,293.68,5671,1.1,0001869319-26-000010
2026-08-31T20:41:45+00:00,2026-08-27,HWKN,HAWKINS INC,Oldenkamp Jeffrey P.,EXECUTIVE VP AND CFO,1290,119.00,153510,1.3,0001626669-26-000006
2026-08-31T20:49:22+00:00,2026-08-25,BLNE,"Beeline Holdings, Inc.",Liuzza Nicholas Reyland JR,"Director, Chief Executive Officer, 10% owner",267500,0.98,261881,5.9,0001493152-26-040843
2026-08-31T20:49:23+00:00,2026-08-28,GBCI,"GLACIER BANCORP, INC.",Langel Craig A,Director,2250,47.04,105840,2.3,0001347688-26-000004
2026-08-31T21:06:47+00:00,2026-08-27,PAM,Pampa Energy Inc.,Mindlin Marcos Marcelo,"Director, 10% owner",150000,3.38,507300,0.7,0002022936-26-000015
2026-08-31T21:30:52+00:00,2026-08-27,MSGM,Motorsport Games Inc.,"Red Oak Partners, LLC",10% owner,12162,3.92,47629,7.1,0001325533-26-000006
2026-08-31T22:10:45+00:00,2026-08-27,FTCI,"FTC Solar, Inc.",SADASIVAM SHAKER,Director,39583,2.35,93020,34.5,0001193125-26-377154
2026-08-31T22:10:47+00:00,2026-08-27,APCX,AppTech Payments Corp.,LORD ALBERT L,Director,60000,0.35,21266,4.5,0001683168-26-006834
2026-08-31T22:10:48+00:00,2025-05-23,APCX,AppTech Payments Corp.,Corrado Felipe Amilcar IV,Interim CEO & CFO,14000,0.33,4560,2.0,0001683168-26-006833
2026-08-31T22:27:20+00:00,2026-08-28,SLGL,Sol-Gel Technologies Ltd.,Opaleye Management Inc.,10% owner,40330,69.19,2790326,8.3,0001493152-26-040895
2026-08-31T22:58:48+00:00,2026-08-26,AXIA3,AXIA Energia S.A.,de Bittencourt Marinho Gisomar Francisco,,100,10.31,1031,2.2,0001213900-26-095848
2026-08-31T22:58:49+00:00,2026-08-27,PRTS,"CarParts.com, Inc.",Huffaker Michael,COO,12162,7.05,85788,25.4,0001140361-26-035126
2026-08-31T22:58:49+00:00,2026-08-27,PRTS,"CarParts.com, Inc.",Meniane David,CEO,12164,7.05,85802,5.9,0001140361-26-035125
2026-08-31T23:55:48+00:00,2026-08-31,UAMY,UNITED STATES ANTIMONY CORP,Aguirre Blaise A.,Director,1400,5.04,7049,0.2,0001104659-26-103998
2026-09-01T00:09:16+00:00,2026-08-27,UUU,"UNIVERSAL SAFETY PRODUCTS, INC.",AULT MILTON C III,"Director, 10% owner",18800,5.40,101429,NEW,0001214659-26-011250
2026-09-01T00:09:18+00:00,2026-08-27,UTI,UNIVERSAL TECHNICAL INSTITUTE INC,DEVINCENZI ROBERT THOMAS,Director,1000,21.80,21800,0.7,0001193125-26-377239
2026-09-01T00:09:18+00:00,2026-08-28,OVLY,Oak Valley Bancorp,Leonard Daniel J,Director,125,34.23,4278,0.2,0001437749-26-029357
2026-09-01T00:33:04+00:00,2026-08-26,BRID,BRIDGFORD FOODS CORP,Bridgford Allan Jr.,,1000,6.20,6200,2.2,0001493152-26-040906
2026-09-01T00:33:05+00:00,2026-08-28,BRID,BRIDGFORD FOODS CORP,Bridgford Baron,,473,6.15,2908,13.1,0001493152-26-040905
2026-09-01T00:33:07+00:00,2026-08-31,BJRI,BJs RESTAURANTS INC,Richmond C Bradford,Director,753,63.25,47627,2.2,0001193125-26-377253
2026-09-01T01:16:01+00:00,2026-08-27,GPUS,"Hyperscale Data, Inc.",AULT MILTON C III,"Director, Executive Chairman, 10% owner",296641,0.29,86545,NEW,0001214659-26-011255
2026-09-01T01:26:59+00:00,2026-08-27,GO,Grocery Outlet Holding Corp.,Jaros Carey F.,Director,15000,11.70,175500,33.3,0001823561-26-000003
2026-09-01T11:12:19+00:00,2026-08-28,YQ,17 Education & Technology Group Inc.,Liu Chang,"Director, Chief Executive Officer, 10% owner",4001,2.11,8431,4.5,0001193125-26-377431
2026-09-01T11:43:57+00:00,2026-08-31,CZFS,CITIZENS FINANCIAL SERVICES INC,Guillaume Stephen J,SENIOR VICE PRESIDENT,24,76.32,1831,0.5,0000739421-26-000073
2026-09-01T12:23:00+00:00,2026-08-28,AMRC,"Ameresco, Inc.",Sakellaris George P,"Director, Chief Executive Officer, 10% owner",3000,22.13,66390,0.3,0001628280-26-059708
2026-09-01T12:23:01+00:00,2026-08-28,FTCI,"FTC Solar, Inc.",SADASIVAM SHAKER,Director,101083,2.69,271913,65.5,0001193125-26-377575
2026-09-01T15:22:44+00:00,2026-08-31,ACLOX,Aristotle Pacific Enhanced CLO Income Fund,Qiu Ying,,4046,25.21,101999,NEW,0002122401-26-000002
2026-09-01T15:22:51+00:00,2026-08-28,ECF,ELLSWORTH GROWTH & INCOME FUND LTD,"Saba Capital Management, L.P.",10% owner,1200,12.47,14964,0.1,0001510281-26-000284
2026-09-01T15:52:09+00:00,2026-08-28,HYNE,"Hoyne Bancorp, Inc.",Rosenbaum Steven F.,Director,200,16.56,3311,0.7,0001104659-26-104188
2026-09-01T15:52:21+00:00,2026-08-31,TPL,Texas Pacific Land Corp,HORIZON KINETICS ASSET MANAGEMENT LLC,10% owner,1,369.47,369,0.0,0001437749-26-029371
2026-09-01T16:32:01+00:00,2026-08-28,CURI,CuriosityStream Inc.,Stinchcomb Clinton Larry,"Director, President and CEO",20000,2.60,52060,0.7,0001628280-26-059745
2026-09-01T16:52:42+00:00,2026-08-31,N/A,John Hancock GA Senior Loan Trust,Manufacturers Life Reinsurance Ltd,10% owner,2693701,16.33,43988145,7.4,0001765496-26-000017
2026-09-01T16:52:43+00:00,2026-08-31,N/A,John Hancock GA Senior Loan Trust,Manufacturers Life Insurance Co (Bermuda Branch),10% owner,1408071,16.33,22993803,7.5,0001833683-26-000017
2026-09-01T17:17:11+00:00,2026-08-31,DLPN,"Dolphin Entertainment, Inc.",O'Dowd William IV,"Director, Chief Executive Officer, 10% owner",4100,1.15,4715,0.8,0001079973-26-001204
2026-09-01T17:17:14+00:00,2026-08-31,ATLO,AMES NATIONAL CORP,Cassabaum Michelle R,Director,180,31.54,5677,1.8,0001773399-26-000007
2026-09-01T18:09:00+00:00,2026-08-31,CIA,"CITIZENS, INC.",HARWOOD MICHAEL PHILIP,Director,10000,3.80,38000,912.6,0002097014-26-000004
2026-09-01T18:27:38+00:00,2026-09-01,GOOD,GLADSTONE COMMERCIAL CORP,Carter Ryan Stuart,Executive Vice President,100,13.02,1302,2.1,0002127924-26-000015
2026-09-01T19:14:08+00:00,2026-08-31,ELA,Envela Corp,DeLuca John Garrett,CFO,105,13.76,1444,3.3,0002017181-26-000005
2026-09-01T20:11:53+00:00,2026-08-28,WALD,Waldencast plc,Souza Cristiano,"Director, 10% owner",335000,1.51,505649,2.7,0001840199-26-000096
2026-09-01T20:12:00+00:00,2026-08-31,BXSY,BEXIL INVESTMENT TRUST,Winmill William McCollum,Director,200,18.22,3644,1.9,0001628873-26-000093
2026-09-01T20:12:08+00:00,2026-08-28,FRGT,"Freight Technologies, Inc.",HRT FINANCIAL LP,10% owner,5625,1.47,8268,472.3,0001475597-26-000224
2026-09-01T20:25:32+00:00,2026-08-31,ABR,ARBOR REALTY TRUST INC,Green William C,Director,25951,5.07,131591,12.6,0001104659-26-104321
2026-09-01T20:25:35+00:00,2026-08-31,SWZ,Total Return Securities Fund,SELL MORITZ A,Director,3000,5.98,17940,11.9,0001398344-26-016344
2026-09-01T20:25:35+00:00,2026-08-31,OPFI,OppFi Inc.,Schwartz Todd G.,"Director, Chief Executive Officer, 10% owner",3550,6.93,24610,0.6,0000905148-26-004056
2026-09-01T20:25:36+00:00,2026-08-26,MAIA,"MAIA Biotechnology, Inc.",Guerrero Ramiro,Director,133790,1.38,184103,22.2,0001878313-26-000082
2026-09-01T20:25:40+00:00,2026-08-28,RSG,"REPUBLIC SERVICES, INC.","CASCADE INVESTMENT, L.L.C.",10% owner,552400,221.52,122370390,0.5,0001104659-26-104314
2026-09-01T20:36:19+00:00,2026-09-01,BLNE,"Beeline Holdings, Inc.",Liuzza Nicholas Reyland JR,"Director, Chief Executive Officer, 10% owner",96000,1.03,98880,2.0,0001493152-26-041030
2026-09-01T20:36:22+00:00,2026-08-28,LINE,"Lineage, Inc.",Marchetti Kevin Patrick,"Director, Co-Executive Chairman, 10% owner",25000,39.50,987555,22.0,0002021239-26-000006
2026-09-01T20:36:28+00:00,2026-08-28,FGL,Founder Group Ltd,HRT FINANCIAL LP,10% owner,107076,0.16,17453,30.1,0001475597-26-000225
2026-09-01T20:36:29+00:00,2026-08-31,ASTS,"AST SpaceMobile, Inc.",Cisneros Adriana,Director,10822,57.22,619200,1.4,0001104659-26-104326
2026-09-01T20:36:30+00:00,2026-08-31,CWBC,Community West Bancshares,CAGLE DAWN M,EXECUTIVE VICE PRESIDENT,188,21.51,4043,1.4,0001628280-26-059852
2026-09-01T20:36:31+00:00,2026-08-31,CWBC,Community West Bancshares,LIVINGSTON SHANNON R,EXECUTIVE VICE PRESIDENT,107,21.51,2301,0.5,0001628280-26-059851
2026-09-01T20:46:54+00:00,2026-08-31,ITT,ITT INC.,Savi Luca,"Director, President and CEO",5019,199.56,1001591,1.9,0001193125-26-378510
2026-09-01T20:46:54+00:00,2026-08-31,DLHC,DLH Holdings Corp.,Mink Brook Asset Management LLC,10% owner,700,4.39,3070,0.0,0001628280-26-059868
2026-09-01T20:54:31+00:00,2026-08-31,IIPR,INNOVATIVE INDUSTRIAL PROPERTIES INC,Ives Bruce Alan,Director,528,56.70,29937,19.9,0002132853-26-000007
2026-09-01T20:54:37+00:00,2026-08-28,TNON,"Tenon Medical, Inc.",HRT FINANCIAL LP,10% owner,18357,5.58,102458,NEW,0001475597-26-000226
2026-09-01T21:19:16+00:00,2026-08-31,CLM,"Cornerstone Strategic Investment Fund, Inc.",Greer Peter,Director,1500,6.63,9945,NEW,0001398344-26-016363
2026-09-01T21:19:17+00:00,2026-08-28,BSBR,Banco Santander (Brasil) S.A.,da Silva Marcos Jose Maia,Officer w/o Specific Desig,79,5.76,455,21.0,0001292814-26-004410
2026-09-01T21:19:18+00:00,2026-08-31,CRF,CORNERSTONE TOTAL RETURN FUND INC,Greer Peter,Director,1500,6.41,9607,109970.7,0001398344-26-016361
2026-09-01T21:19:19+00:00,2026-08-28,EQPT,EquipmentShare.com Inc,Schlacks Jabbok,"Director, Founder & CEO",25000,17.62,440395,50.0,0000950103-26-013377
2026-09-01T21:19:24+00:00,2026-09-01,DY,DYCOM INDUSTRIES INC,Fallon David Joseph,Director,700,286.92,200844,204.1,0001349628-26-000004
2026-09-01T21:19:25+00:00,2026-08-31,KWY,KINGSWAY Corp,Hansen Kent A,CFO & EVP,149,10.45,1557,0.1,0001072627-26-000052
2026-09-01T21:41:39+00:00,2026-08-31,MDRR,"Medalist Diversified, Inc.",Winn Charles Brent Jr.,CHIEF FINANCIAL OFFICER,10,12.00,120,0.0,0001808471-26-000017
2026-09-01T21:41:43+00:00,2026-09-01,UAMY,UNITED STATES ANTIMONY CORP,Carrabba Joseph A,Director,21300,4.72,100536,12.0,0001104659-26-104378
2026-09-01T22:33:20+00:00,2026-08-28,LIEN,"Chicago Atlantic BDC, Inc.",Colonna Bernardino,President,1000,10.23,10230,24.8,0001193125-26-378866
2026-09-01T22:33:24+00:00,2026-08-28,LILA,Liberty Latin America Ltd.,MALONE JOHN C,10% owner,121286,8.49,1029705,65.5,0000937797-26-000027
2026-09-01T22:51:36+00:00,2026-08-31,LIEN,"Chicago Atlantic BDC, Inc.",Gordon Scott,"Director, Co-Chief Investment Officer",134,10.22,1369,0.1,0001193125-26-378888
2026-09-01T23:55:32+00:00,2026-08-28,AUGO,Aura Minerals Inc.,Sousa Mauad Bruno,Director,252000,86.48,21792751,152.4,0002117905-26-000026
2026-09-02T01:50:27+00:00,2026-08-27,INLX,"INTELLINETICS, INC.",TAGLICH ROBERT,10% owner,1000,5.52,5522,0.2,0001493152-26-041129
2026-09-02T01:50:27+00:00,2026-08-31,QNRX,"Quoin Pharmaceuticals, Ltd.",Carter Denise P.,"Director, Chief Operating Officer",20490,4.88,99991,119.0,0001104659-26-104405
2026-09-02T01:50:28+00:00,2026-08-31,QNRX,"Quoin Pharmaceuticals, Ltd.",Myers Michael,"Director, Chief Executive Officer",20490,4.88,99991,119.0,0001104659-26-104404
2026-09-02T01:50:30+00:00,2026-08-31,QNRX,"Quoin Pharmaceuticals, Ltd.",Lawlor Sally Bridget,Chief Financial Officer,10244,4.88,49990,2328.2,0001104659-26-104403
2026-09-02T01:50:31+00:00,2026-08-31,QNRX,"Quoin Pharmaceuticals, Ltd.",Culverwell Anthony James,Director,6146,4.88,29992,18.0,0001104659-26-104402
2026-09-02T12:23:37+00:00,2026-08-31,DGICA,DONEGAL GROUP INC,DONEGAL MUTUAL INSURANCE CO,10% owner,19257,19.17,369198,0.1,0000935596-26-000022
2026-09-02T12:23:38+00:00,2026-05-28,NIVF,NewGenIvf Group Ltd,Cheung Kong Yiu,"Director, 10% owner",3722223,1.12,4163334,NEW,0001213900-26-096450
2026-09-02T13:17:24+00:00,2026-09-01,EMPD,Empery Digital Inc.,"Empery Asset Management, LP",10% owner,500000,3.59,1793100,11.3,0001683168-26-006871
2026-09-02T13:31:31+00:00,2026-09-01,PNFP,"Pinnacle Financial Partners, Inc.",Blair Kevin S.,"Director, Chief Executive Officer",2565,97.48,250036,1.7,0001680809-26-000007
2026-09-02T13:45:20+00:00,2026-08-31,VST,Vistra Corp.,BURKE JAMES A,"Director, President and CEO",6665,135.49,903069,0.6,0001268406-26-000009
2026-09-02T13:45:20+00:00,2026-09-01,ALRS,ALERUS FINANCIAL CORP,Bolton Jeffrey,Director,1000,32.45,32450,7.1,0001437749-26-029458
2026-09-02T14:21:06+00:00,2026-08-31,WIX,Wix.com Ltd.,Abrahami Avishai,"Director, Chief Executive Officer",709,59.89,42462,12.5,0001628280-26-059977
2026-09-02T14:33:58+00:00,2026-08-31,WIX,Wix.com Ltd.,Meyer Shelly B,Chief People Officer,479,59.89,28687,0.3,0001628280-26-059988
2026-09-02T14:34:00+00:00,2026-08-31,WIX,Wix.com Ltd.,Even-Haim Yaniv,CTO,320,59.89,19164,0.2,0001628280-26-059986
2026-09-02T14:34:03+00:00,2026-08-31,WIX,Wix.com Ltd.,Shai Omer,CMO,490,59.89,29346,0.1,0001628280-26-059984
2026-09-02T14:34:04+00:00,2026-08-31,WIX,Wix.com Ltd.,Shemesh Lior,CFO,456,59.89,27309,0.2,0001628280-26-059982
2026-09-02T14:34:08+00:00,2026-08-31,WIX,Wix.com Ltd.,Zohar Nir,President,647,59.89,38748,0.6,0001628280-26-059979
2026-09-02T15:35:32+00:00,2025-10-24,PBLSX,"AMG Pantheon Infrastructure Fund, LLC","BlueArc Capital Management, LLC",10% owner,2446183,10.22,24999999,98.3,0001104659-26-104578
2026-09-02T16:14:20+00:00,2026-09-01,RGCO,RGC RESOURCES INC,WILLIAMSON JOHN B III,Director,1000,21.30,21300,0.6,0001437749-26-029479
2026-09-02T16:29:00+00:00,2026-09-01,GRNT,"Granite Ridge Resources, Inc.",MCCARTNEY JOHN,Director,5000,5.04,25200,3.4,0001628280-26-060001
2026-09-02T16:29:02+00:00,2026-09-01,RGCO,RGC RESOURCES INC,Oliver Lawrence T.,Senior VP and Secretary,9,21.57,199,0.0,0001437749-26-029483
2026-09-02T16:29:04+00:00,2026-09-01,RGCO,RGC RESOURCES INC,Miles Christen Brooke,"VP, Human Resources",4,21.57,99,0.0,0001437749-26-029481
2026-09-02T16:53:49+00:00,2026-09-01,XIVYX,Institutional Investment Strategy Fund,Ghodoosi Arash,"President, Principal Executive",7,13.15,101,0.0,0002004397-26-000007
2026-09-02T16:53:50+00:00,2026-04-01,PBLSX,"AMG Pantheon Infrastructure Fund, LLC","BlueArc Capital Management, LLC",10% owner,3679852,10.87,39999999,74.6,0001104659-26-104608
2026-09-02T17:18:15+00:00,2026-09-01,TPL,Texas Pacific Land Corp,HORIZON KINETICS ASSET MANAGEMENT LLC,10% owner,1,369.10,369,0.0,0001437749-26-029484
2026-09-02T18:39:50+00:00,2026-09-02,CTTH,"CTT PHARMACEUTICAL HOLDINGS, INC.","CTT PHARMACEUTICAL HOLDINGS, INC.",CEO,3000,0.05,146,0.0,0001035422-26-000009
2026-09-02T18:39:54+00:00,2026-09-01,UAMY,UNITED STATES ANTIMONY CORP,Bardswich Lloyd,"Director, Dir, EVP & Chief Mining Eng",20000,4.63,92700,2.2,0001104659-26-104644
2026-09-02T18:59:30+00:00,2026-08-31,PAM,Pampa Energy Inc.,Mindlin Marcos Marcelo,"Director, 10% owner",500000,3.44,1720000,2.3,0002022936-26-000016
2026-09-02T18:59:31+00:00,2026-08-31,AXIA3,AXIA Energia S.A.,Batista de Lima Filho Pedro,Director,93600,10.27,961272,2.2,0001213900-26-096631
2026-09-02T19:12:36+00:00,2026-09-01,GROV,"Grove Collaborative Holdings, Inc.",Yurcisin Jeffrey Michael,"Director, President & CEO",90000,1.05,94689,12.4,0001841761-26-000090
2026-09-02T19:12:37+00:00,2025-05-30,EMMA,"Emmaus Life Sciences, Inc.",LEE WILLIS C,"Director, CEO",530767,0.03,18126,333.0,0001193125-26-380023
2026-09-02T19:12:40+00:00,2026-08-31,ZNB,Zeta Network Group,HRT FINANCIAL LP,10% owner,1295,1.68,2175,NEW,0001475597-26-000228
2026-09-02T19:24:13+00:00,2026-09-01,RCG,"RENN Fund, Inc.",HORIZON KINETICS ASSET MANAGEMENT LLC,10% owner,756,2.95,2230,0.1,0001437749-26-029505
2026-09-02T20:09:09+00:00,2026-08-31,ADC,AGREE REALTY CORP,RAKOLTA JOHN JR,Director,10000,72.42,724200,1.6,0001528153-26-000013
2026-09-02T20:23:59+00:00,2026-09-02,RNAQ,Rainier Acquisition Corp,GROSSMAN JONAS,"Director, 10% owner",5625,10.00,56250,2.9,0001104659-26-104746
2026-09-02T20:24:00+00:00,2026-09-01,OPAL,OPAL Fuels Inc.,Comora Adam,Co-Chief Executive Officer,50000,1.93,96500,11.4,0001628280-26-060113
2026-09-02T20:24:08+00:00,2026-08-31,OPAL,OPAL Fuels Inc.,Nisar Nadeem,Director,20000,1.95,38900,8.1,0001628280-26-060107
2026-09-02T20:35:52+00:00,2026-08-28,BGDE,"Big Digital Energy, Inc.","Endeavor Blockchain, LLC",10% owner,50135,6.57,329216,3.1,0000912282-26-001201
2026-09-02T20:36:00+00:00,2026-08-31,AAT,"American Assets Trust, Inc.",RADY ERNEST S,"Director, Executive Chairman, 10% owner",166636,22.45,3740910,7.4,0001221359-26-000055
2026-09-02T20:47:35+00:00,2026-09-02,GPUS,"Hyperscale Data, Inc.",Horne William B.,"Director, Chief Executive Officer",100000,0.20,19990,250.0,0001214659-26-011360
2026-09-02T20:47:50+00:00,2026-08-31,LDI,"loanDepot, Inc.",Hsieh Anthony Li,"Director, Executive Chair, CEO & Pres., 10% owner",205573,0.94,192578,25.9,0001831631-26-000105
2026-09-02T20:55:13+00:00,2026-08-31,CAVA,"CAVA GROUP, INC.",Thompson Douglas W.,Chief Operations Officer,6500,66.52,432380,50.5,0001628280-26-060167
2026-09-02T21:05:15+00:00,2026-08-31,FSK,FS KKR Capital Corp,Hopkins Jerel A,Director,800,12.44,9948,6.9,0001104659-26-104773
2026-09-02T21:30:57+00:00,2026-08-31,SUJA,"SUJA LIFE, INC.","PAINE SCHWARTZ FOOD CHAIN FUND V GP, LTD.",10% owner,525000,10.27,5390000,4.7,0001140361-26-035501
2026-09-02T21:58:56+00:00,2026-08-31,TENX,"TENAX THERAPEUTICS, INC.","ADAR1 Capital Management, LLC",10% owner,770333,1.79,1381749,15.9,0001940272-26-000019
2026-09-02T22:12:58+00:00,2026-08-31,CLPR,Clipper Realty Inc.,Levinson Sam,"Director, 10% owner",8063,3.24,26133,3.2,0001539497-26-002446
2026-09-02T22:26:01+00:00,2026-09-01,OPFI,OppFi Inc.,Schwartz Todd G.,"Director, Chief Executive Officer, 10% owner",3550,6.91,24542,0.6,0000905148-26-004066
2026-09-02T22:26:01+00:00,2026-08-31,VENU,Venu Holding Corp,ROTH JAY W,"Director, CEO & Chairman, 10% owner",2100,1.90,4000,0.0,0001493152-26-041271
2026-09-02T22:47:24+00:00,2026-09-01,ANTX,"AN2 Therapeutics, Inc.",FitzPatrick Margaret M,Director,2098,5.53,11601,24.4,0001193125-26-380595
2026-09-02T22:47:25+00:00,2026-09-01,GROV,"Grove Collaborative Holdings, Inc.",Karp Jason H.,Director,70200,1.04,72885,13.5,0001841761-26-000092
2026-09-02T23:39:55+00:00,2026-08-31,PLSE,"PULSE BIOSCIENCES, INC.",Teplitsky Liane Rae,Chief Operating Officer,2025,49.37,99971,97.8,0001437749-26-029545
2026-09-02T23:39:56+00:00,2026-08-25,EXOZ,EXOZYMES INC.,Heltzen Michael,Chief Executive Officer,855,7.49,6405,6.5,0001493152-26-041290
2026-09-02T23:55:14+00:00,2026-08-31,CAMP,Camp4 Therapeutics Corp,Gold Kelly,Chief Financial Officer,10000,3.96,39600,NEW,0001628280-26-060234
2026-09-03T00:08:59+00:00,2026-08-31,AUGO,Aura Minerals Inc.,Sousa Mauad Bruno,Director,10,79.89,798,0.0,0002117905-26-000027
2026-09-03T00:09:01+00:00,2026-09-02,BJRI,BJs RESTAURANTS INC,Richmond C Bradford,Director,500,61.05,30525,1.4,0001193125-26-380660
2026-09-03T00:49:40+00:00,2018-12-07,SMID,SMITH MIDLAND CORP,SMITH ASHLEY B,"Director, Chief Executive Officer",1275,7.69,9804,0.7,0001654954-26-008101
2026-09-03T10:09:03+00:00,2026-09-01,AIIR,AIR Global PLC,Lotfy Bassem,Chief Financial Officer,50,7.50,375,0.0,0001193125-26-380882
2026-09-03T10:53:40+00:00,2026-09-03,CTKYY,CooTek(Cayman)Inc.,ZHANG KAN,"Director, CTO and Acting CFO",48316450,,0,NEW,0001765056-26-000003
2026-09-03T10:53:40+00:00,2026-09-02,YQ,17 Education & Technology Group Inc.,Liu Chang,"Director, Chief Executive Officer, 10% owner",9055,2.19,19818,9.7,0001193125-26-380960
2026-09-03T12:36:56+00:00,2026-09-02,HKHC,Horizon Kinetics Holding Corp,Brennan Alice C,Director,200,25.92,5184,11.1,0001437749-26-029558
2026-09-03T14:47:32+00:00,2026-09-01,OWLS,OBOOK HOLDINGS INC.,WANG CHUN KAI,"Director, Chief Executive Officer",12358,5.02,62025,0.4,0002109337-26-000011
2026-09-03T14:57:32+00:00,2026-09-02,TPL,Texas Pacific Land Corp,HORIZON KINETICS ASSET MANAGEMENT LLC,10% owner,1,363.20,363,0.0,0001437749-26-029565
2026-09-03T14:57:33+00:00,2026-09-01,GF,NEW GERMANY FUND INC,"Saba Capital Management, L.P.",10% owner,2905,11.46,33277,0.1,0001510281-26-000287
2026-09-03T15:10:40+00:00,2026-09-01,FUSB,"FIRST US BANCSHARES, INC.",FIELD Robert C,Director,3588,16.39,58810,44.9,0001193125-26-381287
2026-09-03T15:27:55+00:00,2026-09-01,BRID,BRIDGFORD FOODS CORP,Bridgford Allan Jr.,,1000,6.14,6137,2.1,0001493152-26-041332
2026-09-03T15:28:02+00:00,2026-09-02,RCG,"RENN Fund, Inc.",HORIZON KINETICS ASSET MANAGEMENT LLC,10% owner,756,2.95,2230,0.1,0001437749-26-029569
2026-09-03T16:14:33+00:00,2026-09-02,CFND,C1 Fund Inc.,Kidwai Najamul Hasan,"Director, Chief Executive Officer",2850,2.81,8008,8.1,0001104659-26-104986
2026-09-03T16:28:41+00:00,2026-09-01,FRST,Primis Financial Corp.,Weichert Margaret M,Director,100,15.75,1575,15.8,0001193125-26-381412
2026-09-03T16:41:36+00:00,2026-09-02,AMRZ,Amrize Ltd,Jenisch Jan Philipp,"Director, Chairman & CEO",30000,42.47,1274080,6.1,0002035989-26-000078
2026-09-03T17:15:54+00:00,2026-09-01,NONE,Evanston Multi-Alpha Fund,Spence John Yogi,,10388,9.63,100001,NEW,0001718133-26-000004
2026-09-03T17:28:51+00:00,2026-09-01,FRST,Primis Financial Corp.,Johnson Eric Alan,Director,1280,15.60,19968,2.6,0001193125-26-381567
2026-09-03T18:49:39+00:00,2026-09-02,TRST,TRUSTCO BANK CORP N Y,McCormick Lauren Ann,"VP,Treasurer, Asst. Corp. Sec.",436,57.34,25000,423.3,0001140361-26-035560
2026-09-03T19:38:41+00:00,2026-06-18,N/A,AB Multi-Manager Alternative Fund,Briskin Brian,,5513,12.37,68201,16.3,0000919574-26-006165
2026-09-03T20:20:04+00:00,2026-09-01,FTEK,"FUEL TECH, INC.",Nuggihalli Ramesh,President & CEO,1470,1.36,1999,NEW,0001437749-26-029608
2026-09-03T20:32:56+00:00,2026-09-01,RSG,"REPUBLIC SERVICES, INC.","CASCADE INVESTMENT, L.L.C.",10% owner,534000,223.04,119104890,0.5,0001104659-26-105062
2026-09-03T20:33:08+00:00,2026-09-01,SDHC,Smith Douglas Homes Corp.,Bennett Gregory S,"Director, See Remarks",2000,11.85,23696,0.9,0001628280-26-060445
2026-09-03T20:33:09+00:00,2026-09-01,HONA,Honeywell Aerospace Inc.,ARNOLD CRAIG,Director,6400,156.00,998400,NEW,0001628280-26-060444
2026-09-03T20:45:13+00:00,2026-09-01,MGY,Magnolia Oil & Gas Corp,Khani David M.,Director,54,26.78,1446,0.2,0001570372-26-000005
2026-09-03T20:45:14+00:00,2026-09-01,GRF,"EAGLE CAPITAL GROWTH FUND, INC.",SIMS LUKE E,"Director, President & CEO",2560,9.99,25575,0.9,0002074050-26-000026
2026-09-03T20:45:17+00:00,2026-09-01,CRT,CROSS TIMBERS ROYALTY TRUST,OLIVER ERIC L,10% owner,6236,10.55,65815,0.6,0001104659-26-105085
2026-09-03T20:45:29+00:00,2026-09-01,BETA,"BETA Technologies, Inc.",Stone Michael Robert,Director,25945,19.38,502798,1.5,0002090370-26-000006
2026-09-03T20:53:12+00:00,2026-09-01,UMBF,UMB FINANCIAL CORP,GRAVES GREG M,Director,573,139.60,80011,1.4,0000101382-26-000180
2026-09-03T20:59:44+00:00,2026-09-01,UMBF,UMB FINANCIAL CORP,Peterman Tamara,Director,394,139.60,55010,3.8,0000101382-26-000181
2026-09-03T21:14:21+00:00,2026-09-03,AVBC,"Avidia Bancorp, Inc.",Nelson Jonathan Michael,CFO and Treasurer,4500,22.19,99855,30.9,0001437749-26-029624
2026-09-03T21:14:34+00:00,2026-09-02,MLCI,Mount Logan Capital Inc.,Satoren Brandon,Chief Financial Officer,1000,3.24,3240,4.9,0001628280-26-060509
2026-09-03T22:16:32+00:00,2026-09-03,BJRI,BJs RESTAURANTS INC,Richmond C Bradford,Director,500,59.50,29750,1.4,0001193125-26-382168
2026-09-03T22:16:35+00:00,2026-09-01,DFIN,"Donnelley Financial Solutions, Inc.",BINZ JOSEPH LEO,Director,20780,48.12,999990,529.6,0001193125-26-382162
2026-09-03T22:28:41+00:00,2026-09-02,PRTA,PROTHENA CORP PUBLIC LTD CO,SCULLY WILLIAM P,10% owner,27000,9.47,255738,3.4,0001045463-26-000015
2026-09-03T22:37:41+00:00,2026-09-02,OPFI,OppFi Inc.,Schwartz Todd G.,"Director, Chief Executive Officer, 10% owner",3550,7.15,25377,0.6,0000905148-26-004076
2026-09-03T22:37:42+00:00,2026-09-01,DYNR,"DYNARESOURCE, INC.",NICHOL GARETH,10% owner,2000000,,0,36.9,0001667071-26-000004
2026-09-03T22:46:10+00:00,2026-09-01,AUGO,Aura Minerals Inc.,Sousa Mauad Bruno,Director,1,81.10,81,0.0,0002117905-26-000028
2026-09-03T23:14:46+00:00,2026-09-01,NONE,Privacore VPC Asset Backed Credit Fund,"Corbin Capital Partners, L.P.",10% owner,246305,10.15,2500000,6.6,0000895345-26-000394
2026-09-04T00:37:56+00:00,2026-09-02,AON,Aon plc,KNIGHT LESTER B,Director,20000,327.48,6549688,14.0,0001193125-26-382419
2026-09-04T00:37:58+00:00,2026-08-26,OVLY,Oak Valley Bancorp,LAFFERTY ALLISON,Director,1307,33.93,44352,15.0,0001437749-26-029649
2026-09-04T10:09:37+00:00,2026-09-02,BZUN,Baozun Inc.,Wu Junhua,"Director, Chief Strategy Officer",13500,2.85,38475,5.3,0001104659-26-105187
2026-09-04T10:36:43+00:00,2026-07-02,TSM,TAIWAN SEMICONDUCTOR MANUFACTURING CO LTD,Fang Shu-Hua,SVP and GC,2000,77.09,154180,32.2,0001046179-26-000596
2026-09-04T11:46:05+00:00,2026-09-03,YQ,17 Education & Technology Group Inc.,Liu Chang,"Director, Chief Executive Officer, 10% owner",10000,2.38,23788,9.7,0001193125-26-382783
2026-09-04T12:23:43+00:00,2026-09-02,DGICA,DONEGAL GROUP INC,DONEGAL MUTUAL INSURANCE CO,10% owner,19595,19.48,381768,0.1,0000935596-26-000023
2026-09-04T13:18:36+00:00,2026-09-02,GAIA,"GAIA, INC",Sutherland Paul Howard,Director,1000,1.67,1670,0.2,0001193125-26-382900
2026-09-04T15:05:59+00:00,2026-09-03,SNNF,"Seneca Bancorp, Inc.",Vitale Joseph G,"Director, President and CEO",400,14.50,5800,3.0,0001437749-26-029670
2026-09-04T16:42:57+00:00,2026-09-03,RCG,"RENN Fund, Inc.",HORIZON KINETICS ASSET MANAGEMENT LLC,10% owner,756,2.95,2230,0.1,0001437749-26-029683
2026-09-04T16:51:44+00:00,2026-09-03,CWBHF,"Charlotte's Web Holdings, Inc.",Kunkel Raymond J.,Chief Operating Officer,137935,0.28,39311,17.6,0001750155-26-000121
2026-09-04T17:12:56+00:00,2026-09-01,SMID,SMITH MIDLAND CORP,SMITH ASHLEY B,"Director, Chief Executive Officer",2000,26.87,53740,1.1,0001654954-26-008127
2026-09-04T17:12:56+00:00,2026-09-02,SMID,SMITH MIDLAND CORP,Smith Matthew I,Director,2000,27.15,54300,19.6,0001654954-26-008126
2026-09-04T17:24:48+00:00,2026-09-02,GROV,"Grove Collaborative Holdings, Inc.",Landesberg Stuart,Director,5384,1.03,5541,0.3,0001841761-26-000094
2026-09-04T17:24:50+00:00,2026-09-03,CLBK,"Columbia Financial, Inc./MD/",Holland Noel R.,Director,20,11.68,233,0.0,0001729840-26-000030
2026-09-04T17:42:53+00:00,2026-09-01,N/A,Fortress Net Lease REIT,"TIEDEMANN ADVISORS, LLC",10% owner,465142,10.75,5000000,NEW,0000919574-26-006190
2026-09-04T17:50:55+00:00,2018-12-07,SMID,SMITH MIDLAND CORP,SMITH ASHLEY B,"Director, Chief Executive Officer",1275,7.69,9804,0.7,0001654954-26-008138
2026-09-04T18:13:51+00:00,2026-09-03,CSBB,"CSB Bancorp, Inc.",Schillig Stephen E,Director,134,76.99,10316,48.2,0001193125-26-383388
2026-09-04T18:13:51+00:00,2026-09-02,CSBB,"CSB Bancorp, Inc.",STEINER EDDIE L,"Director, President & CEO",500,73.51,36755,1.5,0001193125-26-383385
2026-09-04T18:28:26+00:00,2026-09-03,FUSB,"FIRST US BANCSHARES, INC.",FIELD Robert C,Director,412,16.40,6756,3.6,0001193125-26-383399
2026-09-04T19:09:52+00:00,2026-09-02,ZNB,Zeta Network Group,HRT FINANCIAL LP,10% owner,6172,1.66,10220,NEW,0001475597-26-000231
2026-09-04T20:15:23+00:00,2026-09-02,EQPT,EquipmentShare.com Inc,Schlacks William J.,"Director, Founder & President",10000,17.79,177900,16.4,0001628280-26-060731
2026-09-04T20:15:32+00:00,2026-09-03,TPL,Texas Pacific Land Corp,HORIZON KINETICS ASSET MANAGEMENT LLC,10% owner,1,367.61,367,0.0,0001437749-26-029695
2026-09-04T20:27:58+00:00,2026-09-04,CTTH,"CTT PHARMACEUTICAL HOLDINGS, INC.","CTT PHARMACEUTICAL HOLDINGS, INC.",CEO,9800,0.05,479,0.1,0001035422-26-000010
2026-09-04T20:39:44+00:00,2026-09-02,AFCG,Advanced Flower Capital Inc.,TANNENBAUM LEONARD M,"Director, 10% owner",15223,3.59,54650,0.2,0001628280-26-060750
2026-09-04T20:55:35+00:00,2026-09-02,PFLEX,PIMCO Flexible Credit Income Fund,Steiner Jason Robert,,148826,6.82,1014999,NEW,0001775596-26-000003
2026-09-04T21:06:11+00:00,2026-09-04,FUSB,"FIRST US BANCSHARES, INC.",FIELD Robert C,Director,113,16.45,1858,0.9,0001193125-26-383806
2026-09-04T21:19:32+00:00,2026-09-03,DFH,"Dream Finders Homes, Inc.",Sturm Len,Director,1500,13.47,20205,5.1,0000897069-26-001756
2026-09-04T21:49:19+00:00,2026-09-02,HDSN,HUDSON TECHNOLOGIES INC /NY,"Hartree Partners, LP",10% owner,5317,5.10,27116,0.1,0000921895-26-002492
2026-09-04T22:22:33+00:00,2026-09-04,ATRA,"Atara Biotherapeutics, Inc.",Cherry Brian N,Director,104166,9.60,999993,167.1,0000905148-26-004085
2026-09-05T01:17:33+00:00,2026-09-02,ENOV,Enovis CORP,Engert Oliver,Chief Administrative Officer,7598,19.74,149970,14.2,0001193125-26-384028
2026-09-05T01:17:34+00:00,2026-09-04,ENOV,Enovis CORP,McDonald Damien,"Director, Chief Executive Officer",13035,19.15,249620,5.6,0001193125-26-384027
2026-09-05T01:38:28+00:00,2026-08-31,LILA,Liberty Latin America Ltd.,DE ANGOITIA ALFONSO,Director,476190,20.95,9978488,NEW,0001724519-26-000010
2026-09-05T01:38:29+00:00,2026-09-03,BCDA,"BioCardia, Inc.",Altman Peter,"Director, President and CEO",800,1.09,872,0.2,0001437749-26-029732
2026-09-08T11:15:38+00:00,2026-09-04,UBER,"Uber Technologies, Inc",Macdonald Andrew,See Remarks,70000,75.83,5308063,19.6,0002071761-26-000011
2026-09-08T11:42:31+00:00,2026-08-31,SHMD,SCHMID Group N.V.,Speth Ralf,Director,68000,3.15,214330,33.8,0001881975-26-000004
2026-09-08T12:24:00+00:00,2026-09-03,OBIO,"Orchestra BioMed Holdings, Inc.",Hochman David P,"Director, See Remarks",10000,4.79,47900,0.9,0001104659-26-105690
2026-09-08T12:42:21+00:00,2026-08-27,NMTC,NEUROONE MEDICAL TECHNOLOGIES Corp,Wambeke David J.,Chief Business Officer,33333,2.01,66999,20.0,0001971798-26-000005
2026-09-08T13:12:27+00:00,2026-09-04,NTST,NETSTREIT Corp.,Donlan Daniel P,CFO and Treasurer,1200,20.12,24144,2.7,0001628280-26-060814
2026-09-08T13:44:26+00:00,2026-09-03,GF,NEW GERMANY FUND INC,"Saba Capital Management, L.P.",10% owner,3721,11.56,43014,0.1,0001510281-26-000288
2026-09-08T14:09:23+00:00,2026-09-03,GRX,Gabelli Healthcare & WellnessRx Trust,"Saba Capital Management, L.P.",10% owner,500,10.08,5040,0.0,0001510281-26-000290
2026-09-08T14:09:25+00:00,2026-09-03,ECF,ELLSWORTH GROWTH & INCOME FUND LTD,"Saba Capital Management, L.P.",10% owner,11800,12.31,145298,0.7,0001510281-26-000289
2026-09-08T14:55:24+00:00,2026-09-04,RCG,"RENN Fund, Inc.",HORIZON KINETICS ASSET MANAGEMENT LLC,10% owner,756,2.90,2192,0.1,0001437749-26-029770
2026-09-08T15:06:49+00:00,2026-08-20,SCND,SCIENTIFIC INDUSTRIES INC,MOORE JOHN A,"Director, Chairman of the Board",5000,0.76,3800,0.5,0001182944-26-000006
2026-09-08T16:36:12+00:00,2026-09-04,CZNC,CITIZENS & NORTHERN CORP,Pellegrino Frank G,Director,178,26.17,4657,0.3,0001667211-26-000026
2026-09-08T16:36:14+00:00,2026-09-04,CZNC,CITIZENS & NORTHERN CORP,Shattuck Katherine W,Director,8,26.17,209,0.1,0001870473-26-000028
2026-09-08T16:48:35+00:00,2026-09-04,TPL,Texas Pacific Land Corp,HORIZON KINETICS ASSET MANAGEMENT LLC,10% owner,1,360.03,360,0.0,0001437749-26-029777
2026-09-08T17:25:48+00:00,2026-09-03,MOALX,Lord Abbett Municipal Opportunities Fund,SOLENDER DANIEL S,,4892,10.22,50000,4.0,0000930413-26-002847
2026-09-08T17:25:51+00:00,2026-09-03,GMEX,GMEX Robotics Corp,HRT FINANCIAL LP,10% owner,7028,0.78,5498,105.6,0001475597-26-000233
2026-09-08T17:37:54+00:00,2026-09-04,GRNT,"Granite Ridge Resources, Inc.",Kettler Ronald Kyle,Chief Financial Officer,6000,5.05,30300,4.6,0001628280-26-060851
2026-09-08T17:37:57+00:00,2026-09-03,TNON,"Tenon Medical, Inc.",HRT FINANCIAL LP,10% owner,1658,3.98,6598,92.4,0001475597-26-000234
2026-09-08T17:37:58+00:00,2026-09-01,DXYZ,Destiny Tech100 Inc.,Prasad Sohail,"Director, President and CEO",56000,31.56,1767343,700.0,0000945621-26-001118
2026-09-08T18:41:42+00:00,2026-09-03,TISI,TEAM INC,Roeder Clinton William,Chief Financial Officer,8000,27.59,220720,88.9,0002141866-26-000006
2026-09-08T19:31:36+00:00,2026-09-03,BDCO,BLUE DOLPHIN ENERGY CO,McDougall William Christopher,,200,9.95,1989,200.0,0001437749-26-029814
2026-09-08T19:42:53+00:00,2026-09-04,KMT,KENNAMETAL INC,HARSHMAN RICHARD J,Director,5000,30.21,151050,NEW,0001200244-26-000006
2026-09-08T19:59:53+00:00,2026-09-04,TSN,"TYSON FOODS, INC.",Schomburger Jeffrey K,"Director, President & CEO Elect",19450,51.50,1001616,24.1,0001628280-26-060888
2026-09-08T20:15:23+00:00,2026-09-04,PCT,"PureCycle Technologies, Inc.",Musa Fernando,Director,15479,6.38,98756,9.6,0001847066-26-000005
2026-09-08T20:15:29+00:00,2026-09-04,SCOR,"COMSCORE, INC.",McLaughlin Matthew F.,"Director, Chief Executive Officer",20000,5.08,101637,12.1,0001853874-26-000014
2026-09-08T20:15:31+00:00,2026-09-04,OPFI,OppFi Inc.,Schwartz Todd G.,"Director, Chief Executive Officer, 10% owner",3500,7.35,25741,0.6,0000905148-26-004102
2026-09-08T20:15:36+00:00,2026-06-22,FGBI,"First Guaranty Bancshares, Inc.",McAnally Bruce,Director,1000,19.15,19150,NEW,0001437749-26-029825
2026-09-08T20:15:39+00:00,2026-09-08,INBX,"Inhibrx Biosciences, Inc.",Lappe Mark,"Director, Chief Executive Officer",25000,105.82,2645399,3.5,0001366074-26-000002
2026-09-08T20:28:55+00:00,2026-09-08,INBX,"Inhibrx Biosciences, Inc.",FORSYTH DOUGLAS,Director,2500,114.65,286617,1.1,0001240801-26-000004
2026-09-08T20:28:57+00:00,2026-09-04,GPUS,"Hyperscale Data, Inc.",Nisser Henry Carl,"Director, President and General Counsel",250000,0.19,46775,NEW,0001214659-26-011478
2026-09-08T20:29:06+00:00,2026-09-04,GPUS,"Hyperscale Data, Inc.",Horne William B.,"Director, Chief Executive Officer",160000,0.20,31220,114.3,0001214659-26-011477
2026-09-08T20:29:09+00:00,2026-09-04,DLHC,DLH Holdings Corp.,Mink Brook Asset Management LLC,10% owner,1358,4.06,5512,0.1,0001628280-26-060920
2026-09-08T20:42:12+00:00,2026-09-08,DLPN,"Dolphin Entertainment, Inc.",O'Dowd William IV,"Director, Chief Executive Officer, 10% owner",4100,1.19,4879,0.8,0001079973-26-001227
2026-09-08T20:42:14+00:00,2026-09-04,JCTC,JEWETT CAMERON TRADING CO LTD,"AJB Investment Fund II, LP",10% owner,8415,2.92,24561,1.8,0001536588-26-000030
2026-09-08T20:42:21+00:00,2026-09-03,EIKN,"Eikon Therapeutics, Inc.","Column Group IV GP, LP",10% owner,89200,11.56,1031044,NEW,0001193125-26-385268
2026-09-08T20:42:23+00:00,2026-09-03,GOLD,"Gold.com, Inc.","Tether Global Investments Fund, S.I.C.A.F., S.A.",10% owner,100000,39.30,3930350,50.0,0001193125-26-385264
2026-09-08T20:52:42+00:00,2026-09-03,CMTG,"Claros Mortgage Trust, Inc.",Mack Richard,"Director, CEO AND CHAIRMAN",220603,1.59,351240,7.6,0001193125-26-385306
2026-09-08T21:26:31+00:00,2026-09-08,INBX,"Inhibrx Biosciences, Inc.",Kayyem Jon Faiz,Director,5000,113.52,567580,1.2,0001366268-26-000004
2026-09-08T21:26:39+00:00,2026-09-01,DYNR,"DYNARESOURCE, INC.",ROSE MATTHEW K,"Director, 10% owner",1913889,,0,77.3,0001193125-26-385370
2026-09-08T21:26:42+00:00,2026-09-03,TENX,"TENAX THERAPEUTICS, INC.","ADAR1 Capital Management, LLC",10% owner,900000,1.78,1604160,16.0,0001940272-26-000020
2026-09-08T21:26:42+00:00,2026-09-03,CRT,CROSS TIMBERS ROYALTY TRUST,OLIVER ERIC L,10% owner,6263,10.87,68085,0.6,0001104659-26-105956
2026-09-08T21:36:54+00:00,2026-09-03,ARQ,"Arq, Inc.",Steinmetz Shimon,Chief Financial Officer,16270,2.22,36147,NEW,0001515156-26-000125
2026-09-08T21:36:54+00:00,2026-09-03,GPI,GROUP 1 AUTOMOTIVE INC,"Conifer Management, L.L.C.",10% owner,140280,289.77,40649369,11.5,0000905148-26-004111
2026-09-08T22:19:31+00:00,2026-09-08,GME,GameStop Corp.,Cheng Lawrence,Director,55000,18.80,1033956,62.5,0001868288-26-000004
2026-09-08T22:19:36+00:00,2026-09-08,PDYN,Palladyne AI Corp.,Wolff Benjamin G,"Director, PRESIDENT & CEO",17121,5.79,99128,4.5,0001368618-26-000015
2026-09-08T22:19:39+00:00,2026-09-08,NRIM,NORTHRIM BANCORP INC,Thomas Linda C,Director,1200,26.20,31440,21.9,0001492292-26-000004
2026-09-08T22:52:19+00:00,2026-09-03,UUU,"UNIVERSAL SAFETY PRODUCTS, INC.",AULT MILTON C III,"Director, 10% owner",800,5.43,4343,8.8,0001214659-26-011483
2026-09-08T23:15:29+00:00,2026-09-03,SUJA,"SUJA LIFE, INC.","PAINE SCHWARTZ FOOD CHAIN FUND V GP, LTD.",10% owner,300000,10.42,3126250,2.6,0001140361-26-035951
2026-09-08T23:15:30+00:00,2026-08-31,ATHE,ALTERITY THERAPEUTICS LTD,Marks Peter Ashley,Director,47620,0.50,23810,33.1,0002127888-26-000004
2026-09-08T23:15:30+00:00,2026-09-03,QVCG,"QVC Group, Inc.",GOLDENTREE ASSET MANAGEMENT LP,10% owner,720000,16.45,11844000,8.3,0001493152-26-041812
2026-09-09T00:30:22+00:00,2026-09-03,PAMT,PAMT CORP,MOROUN MATTHEW T,"Director, 10% owner",3268000,9.55,31225740,26.3,0001683168-26-007021
2026-09-09T00:48:32+00:00,2026-09-08,AMR,"Alpha Metallurgical Resources, Inc.",Courtis Kenneth S.,Director,10000,225.83,2258288,1.0,0001812746-26-000012
2026-09-09T01:12:38+00:00,2026-09-04,ENOV,Enovis CORP,Engert Oliver,Chief Administrative Officer,2660,18.80,50008,4.3,0001193125-26-385615
2026-09-09T01:28:53+00:00,2024-03-15,ASTC,ASTROTECH Corp,MCFARLAND ROBERT N,Director,1185,8.50,10072,12.2,0001437749-26-029874
2026-09-09T10:09:13+00:00,2026-09-07,TSM,TAIWAN SEMICONDUCTOR MANUFACTURING CO LTD,Wei Che-Chia,"Director, Chairman and CEO",149,76.20,11353,0.8,0001046179-26-000644
2026-09-09T10:09:13+00:00,2026-09-07,TSM,TAIWAN SEMICONDUCTOR MANUFACTURING CO LTD,Tien Bor-Zen,VP,48,76.20,3657,129.7,0001046179-26-000643
2026-09-09T10:09:14+00:00,2026-09-07,TSM,TAIWAN SEMICONDUCTOR MANUFACTURING CO LTD,Wang Ying-Lang,SVP,54,76.20,4114,0.8,0001046179-26-000642
2026-09-09T10:09:16+00:00,2026-09-07,TSM,TAIWAN SEMICONDUCTOR MANUFACTURING CO LTD,Lu Chin-Sheng,VP,38,76.20,2895,33.6,0001046179-26-000640
2026-09-09T10:09:17+00:00,2026-09-07,TSM,TAIWAN SEMICONDUCTOR MANUFACTURING CO LTD,Lin Chris Horng-Dar,VP and CIO,47,76.20,3581,0.8,0001046179-26-000637
2026-09-09T10:09:18+00:00,2026-09-07,TSM,TAIWAN SEMICONDUCTOR MANUFACTURING CO LTD,Lin Shyue-Shyh,VP,44,76.20,3352,14.9,0001046179-26-000635
2026-09-09T10:09:19+00:00,2026-09-07,TSM,TAIWAN SEMICONDUCTOR MANUFACTURING CO LTD,Lee Chun-Hsien,SVP,52,76.20,3962,0.9,0001046179-26-000633
2026-09-09T10:09:20+00:00,2026-09-07,TSM,TAIWAN SEMICONDUCTOR MANUFACTURING CO LTD,Lu Lee-Chung,VP,51,76.20,3886,0.8,0001046179-26-000632
2026-09-09T10:09:21+00:00,2026-09-07,TSM,TAIWAN SEMICONDUCTOR MANUFACTURING CO LTD,Jang Syun-Ming,VP,49,76.20,3733,0.8,0001046179-26-000628
2026-09-09T10:09:22+00:00,2026-09-07,TSM,TAIWAN SEMICONDUCTOR MANUFACTURING CO LTD,Hwang Yuan-Ko,VP,40,76.20,3048,15.4,0001046179-26-000626
2026-09-09T10:09:23+00:00,2026-09-07,TSM,TAIWAN SEMICONDUCTOR MANUFACTURING CO LTD,Hsu Kuo-Chin,VP,55,76.20,4191,0.8,0001046179-26-000624
2026-09-09T10:09:25+00:00,2026-09-07,TSM,TAIWAN SEMICONDUCTOR MANUFACTURING CO LTD,Huang Jen-Chau,SVP and CFO,30,76.20,2286,0.8,0001046179-26-000623
2026-09-09T10:09:26+00:00,2026-09-07,TSM,TAIWAN SEMICONDUCTOR MANUFACTURING CO LTD,Ku Yao-Ching,VP,47,76.20,3581,33.3,0001046179-26-000622
2026-09-09T10:09:27+00:00,2026-09-07,TSM,TAIWAN SEMICONDUCTOR MANUFACTURING CO LTD,Hou Yung-Chin,SVP and Deputy Co-COO,61,76.20,4648,0.8,0001046179-26-000616
2026-09-09T10:09:28+00:00,2026-09-07,TSM,TAIWAN SEMICONDUCTOR MANUFACTURING CO LTD,Chuang Juiping,VP,50,76.20,3810,1.2,0001046179-26-000615
2026-09-09T10:09:30+00:00,2026-09-07,TSM,TAIWAN SEMICONDUCTOR MANUFACTURING CO LTD,Fang Shu-Hua,SVP and GC,56,76.20,4267,0.8,0001046179-26-000614
2026-09-09T10:09:31+00:00,2026-09-07,TSM,TAIWAN SEMICONDUCTOR MANUFACTURING CO LTD,He Jun,VP,46,76.20,3505,0.9,0001046179-26-000613
2026-09-09T10:09:32+00:00,2026-09-07,TSM,TAIWAN SEMICONDUCTOR MANUFACTURING CO LTD,Chuang Tzu-Sou,VP,47,76.20,3581,0.8,0001046179-26-000612
2026-09-09T10:09:33+00:00,2026-09-07,TSM,TAIWAN SEMICONDUCTOR MANUFACTURING CO LTD,Chen Chih-Ho,Controller,32,76.20,2438,18.8,0001046179-26-000606
2026-09-09T10:09:34+00:00,2026-09-07,TSM,TAIWAN SEMICONDUCTOR MANUFACTURING CO LTD,Cao Min,VP,56,76.20,4267,0.8,0001046179-26-000605
2026-09-09T10:09:36+00:00,2026-09-07,TSM,TAIWAN SEMICONDUCTOR MANUFACTURING CO LTD,Chin Yung-Pei,EVP and Co-COO,71,76.20,5410,0.8,0001046179-26-000604
2026-09-09T10:09:37+00:00,2026-09-07,TSM,TAIWAN SEMICONDUCTOR MANUFACTURING CO LTD,Chen Pei-Hung,VP,46,76.20,3505,3.4,0001046179-26-000603
2026-09-09T10:09:37+00:00,2026-09-07,TSM,TAIWAN SEMICONDUCTOR MANUFACTURING CO LTD,Chang Tzonz-Sheng,SVP,53,76.20,4038,1.0,0001046179-26-000602
2026-09-09T10:24:29+00:00,2026-09-07,TSM,TAIWAN SEMICONDUCTOR MANUFACTURING CO LTD,Wu Yi-Huang,VP,40,76.20,3048,33.3,0001046179-26-000656
2026-09-09T10:24:31+00:00,2026-09-07,TSM,TAIWAN SEMICONDUCTOR MANUFACTURING CO LTD,Yoo Chue-San,VP,53,76.20,4038,0.8,0001046179-26-000655
2026-09-09T10:24:32+00:00,2026-09-07,TSM,TAIWAN SEMICONDUCTOR MANUFACTURING CO LTD,Yeap Choh Fei,SVP,54,76.20,4114,0.8,0001046179-26-000654
2026-09-09T10:24:33+00:00,2026-09-07,TSM,TAIWAN SEMICONDUCTOR MANUFACTURING CO LTD,Zhang Kevin Xiaoqiang,SVP and Deputy Co-COO,61,76.20,4648,0.8,0001046179-26-000653
2026-09-09T10:24:34+00:00,2026-09-07,TSM,TAIWAN SEMICONDUCTOR MANUFACTURING CO LTD,Yuan Lipen,VP,41,76.20,3124,3.3,0001046179-26-000652
2026-09-09T10:24:35+00:00,2026-09-07,TSM,TAIWAN SEMICONDUCTOR MANUFACTURING CO LTD,Mii Yuh-Jier,EVP and Co-COO,71,76.20,5410,0.9,0001046179-26-000648
2026-09-09T10:24:36+00:00,2026-09-07,TSM,TAIWAN SEMICONDUCTOR MANUFACTURING CO LTD,Wu Shien-Yang,SVP,57,76.20,4343,0.8,0001046179-26-000646
2026-09-09T11:12:19+00:00,2026-09-04,BCG,"Binah Capital Group, Inc.",Gould Craig,"Director, Chief Executive Officer",3000,1.30,3900,0.3,0001104659-26-106127
2026-09-09T12:38:56+00:00,2026-09-04,FLNT,"Fluent, Inc.",Schulke Ryan,"Director, Chief Strategy Officer, 10% owner",2823,3.08,8683,0.1,0001437749-26-029923
2026-09-09T12:53:17+00:00,2026-09-08,CDR,"CEDAR REALTY TRUST, INC.",Franklin Michael Andrew,"Director, CEO",1472,15.40,22668,172.2,0001697904-26-000007
2026-09-09T12:53:20+00:00,2026-09-02,MDRR,"Medalist Diversified, Inc.",Winn Charles Brent Jr.,CHIEF FINANCIAL OFFICER,4,12.00,48,0.0,0001808471-26-000021
2026-09-09T12:53:21+00:00,2026-09-08,BWFG,"Bankwell Financial Group, Inc.",Dale Eric J,Director,530,67.11,35568,1.2,0001505732-26-000116
2026-09-09T12:53:21+00:00,2026-09-08,BWFG,"Bankwell Financial Group, Inc.",Dunne Jeffrey R,Director,261,67.11,17515,4.3,0001505732-26-000115
2026-09-09T12:53:22+00:00,2026-09-08,BWFG,"Bankwell Financial Group, Inc.",Drexler Blake S,Director,116,67.11,7784,0.3,0001505732-26-000114
2026-09-09T12:53:23+00:00,2026-09-08,BWFG,"Bankwell Financial Group, Inc.",Porto Carl M,Director,327,67.11,21944,1.5,0001505732-26-000113
2026-09-09T13:21:20+00:00,2026-09-08,NONE,"Fundrise Income Real Estate Fund, LLC",Hall Bjorn,Secretary and CCO,98,10.13,1000,8.1,0001435109-26-000142
2026-09-09T13:21:23+00:00,2026-09-04,MDRR,"Medalist Diversified, Inc.",Winn Charles Brent Jr.,CHIEF FINANCIAL OFFICER,278,12.00,3336,0.4,0001808471-26-000023
2026-09-09T14:44:56+00:00,2026-09-08,BWFG,"Bankwell Financial Group, Inc.",SEIDMAN LAWRENCE B,"Director, 10% owner",5266,66.94,352506,25.9,0001026081-26-000026
2026-09-09T14:45:01+00:00,2026-09-04,SXI,STANDEX INTERNATIONAL CORP/DE/,Arets Max,VP; Chief Information Officer,45,273.96,12328,2.8,0000310354-26-000092
2026-09-09T14:56:32+00:00,2026-09-08,NONE,"Fundrise Real Estate Interval Fund, LLC",Booth Richard Whitaker,,41,11.93,499,0.7,0001435109-26-000143
2026-09-09T14:56:35+00:00,2026-09-08,TPL,Texas Pacific Land Corp,HORIZON KINETICS ASSET MANAGEMENT LLC,10% owner,1,375.10,375,0.0,0001437749-26-029936
2026-09-09T15:07:48+00:00,2026-08-31,CYBN,CYBIN INC.,Glavine Paul,Chief Growth Officer,90000,11.59,1042677,2.3,0000912282-26-001246
2026-09-09T15:37:27+00:00,2026-09-04,DGICA,DONEGAL GROUP INC,DONEGAL MUTUAL INSURANCE CO,10% owner,16368,19.24,314843,0.1,0000935596-26-000024
2026-09-09T16:28:14+00:00,2026-09-08,GBAB,Guggenheim Taxable Municipal Bond & Investment Grade Debt Trust,Li Allen,,1000,13.59,13590,NEW,0001509318-26-000005
2026-09-09T17:18:18+00:00,2026-09-08,GF,NEW GERMANY FUND INC,"Saba Capital Management, L.P.",10% owner,1179,11.55,13617,0.0,0001510281-26-000294
2026-09-09T18:58:35+00:00,2026-09-08,SEI,"Solaris Energy Infrastructure, Inc.",TEAGUE AJ,Director,7800,64.23,500994,108.9,0001628280-26-061096
2026-09-09T18:58:40+00:00,2026-09-04,GROV,"Grove Collaborative Holdings, Inc.",Landesberg Stuart,Director,241,1.03,248,0.0,0001841761-26-000096
2026-09-09T19:10:32+00:00,2026-09-08,SBMT,SILVER BOW MINING CORP.,Naugle Charles Travis,"Director, Chief Executive Officer",1500,8.28,12419,1.3,0000912282-26-001251
2026-09-09T20:14:52+00:00,2026-09-04,PSEC,PROSPECT CAPITAL CORP,Barry John F,"Director, CHIEF EXECUTIVE OFFICER, 10% owner",1217105,2.24,2726315,1.4,0001294357-26-000015
2026-09-09T20:14:55+00:00,2026-09-04,EVLV,"Evolv Technologies Holdings, Inc.",Shapiro Richard A,Director,32600,4.96,161739,NEW,0001648814-26-000004
2026-09-09T20:14:56+00:00,2026-09-04,CTSO,Cytosorbents Corp,Chan Phillip P.,"Director, Chief Executive Officer",200000,0.35,70000,11.5,0001104659-26-106308
2026-09-09T20:14:57+00:00,2026-09-04,VENU,Venu Holding Corp,ROTH JAY W,"Director, CEO & Chairman",49,1.88,92,0.0,0001493152-26-041957
2026-09-09T20:15:01+00:00,2026-09-09,CTM,"Castellum, Inc.",Merriman Andrew,Chief Operating Officer,50000,0.62,30972,9.3,0001877939-26-000079
2026-09-09T20:29:15+00:00,2026-09-08,OPFI,OppFi Inc.,Schwartz Todd G.,"Director, Chief Executive Officer, 10% owner",3475,7.41,25736,0.6,0000905148-26-004125
2026-09-09T20:29:30+00:00,2026-09-09,LUCK,Lucky Strike Entertainment Corp,Shannon Thomas F.,"Director, Chief Executive Officer, 10% owner",30000,5.86,175800,1.0,0001628280-26-061140
2026-09-09T20:41:57+00:00,2026-09-08,KRMD,"KORU Medical Systems, Inc.",KALBERMATTEN ADAM R,Chief Commercial Officer,32000,3.16,101120,8.8,0001161697-26-000210
2026-09-09T20:42:02+00:00,2026-09-09,LTRX,LANTRONIX INC,Awsare Saleel,"Director, President & CEO",15000,5.18,77685,3.4,0001683168-26-007037
2026-09-09T20:42:03+00:00,2026-09-04,BNGO,"Bionano Genomics, Inc.",Luderer Albert,"Director, Interim Chief Executive",4000,1.21,4844,100.0,0001746822-26-000005
2026-09-09T21:12:47+00:00,2026-09-08,BRBR,"BELLRING BRANDS, INC.",CONWAY SHAWN,Director,2022,9.89,19999,12.5,0001628280-26-061167
2026-09-09T21:25:45+00:00,2026-09-09,DY,DYCOM INDUSTRIES INC,Peyovich Daniel S,President & CEO,850,296.76,252246,1.4,0001837347-26-000003
2026-09-09T21:36:45+00:00,2026-09-04,ARQ,"Arq, Inc.",Steinmetz Shimon,Chief Financial Officer,5758,2.28,13113,78.1,0001515156-26-000127
2026-09-09T21:46:17+00:00,2026-08-27,GWAV,"Greenwave Technology Solutions, Inc.",Meeks Danny,"Director, Chief Executive Officer, 10% owner",2152853,3.72,8000001,6064.2,0001493152-26-042006
2026-09-09T21:54:15+00:00,2026-09-01,CYBN,CYBIN INC.,So Eric H. L.,"Director, Executive Chair",95000,11.80,1121475,2.3,0000912282-26-001254
2026-09-09T22:18:27+00:00,2026-09-09,GME,GameStop Corp.,Grube James,Director,10255,19.12,196075,34.8,0001840480-26-000002
2026-09-09T22:18:29+00:00,2026-09-04,NONE,"CIM GROUP, INC.",RESSLER RICHARD S,"Director, CEO & President, 10% owner",526808,5.14,2707793,154.3,0001498547-26-000057
2026-09-09T22:30:41+00:00,2026-09-09,OXM,OXFORD INDUSTRIES INC,Chubb Thomas Caldecot III,"Director, CEO and President",3500,30.93,108268,11.6,0000075288-26-000089
2026-09-09T22:41:36+00:00,2026-09-04,PRTS,"CarParts.com, Inc.",Meniane David,CEO,79539,9.42,749239,36.2,0001140361-26-036089
2026-09-09T22:50:47+00:00,2026-08-20,PRTS,"CarParts.com, Inc.",PHELPS BARRY,Director,10000,6.48,64767,29.8,0001140361-26-036091
2026-09-09T22:50:51+00:00,2026-09-04,PRTS,"CarParts.com, Inc.",Huffaker Michael,COO,79458,9.42,748462,132.2,0001140361-26-036090
2026-09-09T22:50:52+00:00,2026-07-16,CVSI,"CV Sciences, Inc.",CHEEVER CHARLIE E III,10% owner,5740816,0.02,114816,27.5,0001202557-26-000005
2026-09-09T23:12:47+00:00,2026-09-08,AGPU,Axe Compute Inc.,Zhu Theodore,Director,8750,11.24,98325,115.7,0001171843-26-005964
2026-09-09T23:12:47+00:00,2026-09-04,ENHA,Enhanced Group Inc.,Apeiron Investment Group Ltd.,"Director, 10% owner",179713,1.59,286348,0.5,0001193125-26-386771
2026-09-09T23:12:49+00:00,2026-09-09,MDRR,"Medalist Diversified, Inc.",Winn Charles Brent Jr.,CHIEF FINANCIAL OFFICER,49,12.00,588,0.1,0001808471-26-000025
2026-09-09T23:24:48+00:00,2026-09-04,SLGL,Sol-Gel Technologies Ltd.,Opaleye Management Inc.,10% owner,9976,68.88,687159,1.9,0001493152-26-042023
2026-09-10T00:20:55+00:00,2026-09-04,BCAL,California BanCorp \ CA,Muller Frank L.,Director,450,22.13,9958,23.4,0001807551-26-000004
2026-09-10T00:20:56+00:00,2026-09-04,KDOZF,KIDOZ INC.,Williams Tryon M,"Director, Chairman, 10% owner",15000,0.10,1538,0.1,0001278521-26-000012
2026-09-10T01:42:43+00:00,2026-09-04,ALMS,ALUMIS INC.,AKKARAJU SRINIVAS,Director,986721,10.87,10726255,75.2,0001231919-26-001158
2026-09-10T01:42:46+00:00,2026-09-09,NNUP,NOCOPI TECHNOLOGIES INC/MD/,Sites Eric,Director,1000,1.90,1900,NEW,0001079973-26-001237
2026-09-10T10:10:12+00:00,2026-09-08,BRN,BARNWELL INDUSTRIES INC,Patman Philip F Jr,"Director, CFO and Treasurer",6956,1.00,6956,NEW,0001140361-26-036103
2026-09-10T10:25:48+00:00,2026-09-04,CYBN,CYBIN INC.,So Eric H. L.,"Director, Executive Chair",100000,12.09,1208900,2.3,0000912282-26-001257
2026-09-10T10:25:50+00:00,2026-09-03,CYBN,CYBIN INC.,Glavine Paul,Chief Growth Officer,100000,11.78,1178280,2.5,0000912282-26-001256
2026-09-10T10:39:24+00:00,2026-09-09,TOFB,TOFUTTI BRANDS INC,A-6684 Ltd.,10% owner,10000,0.40,4000,1.4,0001994334-26-000013
2026-09-10T11:41:19+00:00,2026-09-09,GRCE,"Grace Therapeutics, Inc.",Kohli Prashant,"Director, Chief Executive Officer",100000,2.14,214000,468.2,0001140361-26-036125
2026-09-10T13:18:50+00:00,2026-09-09,GAIA,"GAIA, INC",Sutherland Paul Howard,Director,500,1.55,775,0.1,0001193125-26-387374
2026-09-10T13:45:28+00:00,2026-09-09,GF,NEW GERMANY FUND INC,"Saba Capital Management, L.P.",10% owner,800,11.55,9240,0.0,0001510281-26-000295
2026-09-10T13:45:30+00:00,2026-08-31,DXYZ,Destiny Tech100 Inc.,Silver Ethan,Chief Operating Officer,753,33.19,25000,NEW,0000945621-26-001136
2026-09-10T15:14:08+00:00,2026-09-09,ATLO,AMES NATIONAL CORP,Baker Jeffery C,Director,300,31.88,9564,8.4,0001917933-26-000002
2026-09-10T15:43:07+00:00,2026-09-08,FUSB,"FIRST US BANCSHARES, INC.",FIELD Robert C,Director,1161,16.47,19121,9.6,0001193125-26-387512
2026-09-10T15:43:08+00:00,2026-09-09,TPL,Texas Pacific Land Corp,HORIZON KINETICS ASSET MANAGEMENT LLC,10% owner,1,378.57,378,0.0,0001437749-26-030032
2026-09-10T16:17:26+00:00,2026-09-10,IRIX,IRIDEX CORP,Dizon Romeo R,Chief Financial Officer,5100,0.68,3468,3.0,0001193125-26-387539
2026-09-10T16:30:19+00:00,2026-09-08,GIPL,Global Innovative Platforms Inc.,BROWN DAVID A B,10% owner,2500,0.50,1250,0.0,0001376474-26-000609
2026-09-10T16:43:24+00:00,2026-09-09,FRST,Primis Financial Corp.,Johnson Eric Alan,Director,1565,15.95,24961,3.1,0001193125-26-387586
2026-09-10T16:43:25+00:00,2026-09-10,UBER,"Uber Technologies, Inc",KHOSROWSHAHI DARA,"Director, Chief Executive Officer",141000,70.96,10005952,11.5,0001184237-26-000008
2026-09-10T17:18:29+00:00,2026-09-08,RCG,"RENN Fund, Inc.",HORIZON KINETICS ASSET MANAGEMENT LLC,10% owner,1512,2.95,4460,0.2,0001437749-26-030042
2026-09-10T17:18:30+00:00,2026-09-08,CSBB,"CSB Bancorp, Inc.",STEINER EDDIE L,"Director, President & CEO",38,74.08,2815,0.1,0001193125-26-387610
2026-09-10T17:41:26+00:00,2026-08-19,ELTP,ELITE PHARMACEUTICALS INC /NV/,Dash Barry H,Director,30000,0.29,8610,0.9,0001324222-26-000001
2026-09-10T20:18:15+00:00,2026-09-09,YDES,YD Bio Ltd,Shen Ethan PhD,"Director, CEO",3100,3.93,12183,0.0,0001213900-26-098775
2026-09-10T20:18:17+00:00,2026-09-09,CBU,"COMMUNITY FINANCIAL SYSTEM, INC.",Singh Savneet,Director,400,62.47,24988,2222.2,0000723188-26-000110
2026-09-10T20:30:18+00:00,2026-09-09,DLHC,DLH Holdings Corp.,Mink Brook Asset Management LLC,10% owner,1221,3.93,4797,0.1,0001628280-26-061366
2026-09-10T20:30:25+00:00,2026-09-09,SLNG,"Stabilis Solutions, Inc.",KUNTZ EDWARD L,Director,5000,5.41,27050,7.2,0001437749-26-030079
2026-09-10T20:42:52+00:00,2026-09-08,UUU,"UNIVERSAL SAFETY PRODUCTS, INC.",AULT MILTON C III,"Director, 10% owner",300,5.65,1694,0.0,0001214659-26-011574
2026-09-10T20:52:38+00:00,2026-09-08,PNBK,PATRIOT NATIONAL BANCORP INC,De Tomasi Mario,Director,63000,0.96,60480,30.0,0001437749-26-030090
2026-09-10T21:14:08+00:00,2026-09-10,CELH,"Celsius Holdings, Inc.",Fieldly John,"Director, Chief Executive Officer",18000,27.44,493842,1.9,0001628280-26-061406
2026-09-10T21:14:09+00:00,2026-09-08,CLPR,Clipper Realty Inc.,Levinson Sam,"Director, 10% owner",117552,3.30,388130,45.0,0001539497-26-002474
2026-09-10T21:25:36+00:00,2026-09-10,AOMR,"Angel Oak Mortgage REIT, Inc.",MINAMI W D,Director,6800,8.10,55080,8.5,0001766478-26-000048
2026-09-10T21:25:37+00:00,2026-09-01,WAST,WASTE ENERGY CORP.,GALLAGHER SCOTT,"Director, Chairman and CEO",425000,0.00,1211,32.5,0001493152-26-042242
2026-09-10T21:35:36+00:00,2026-09-08,ARQ,"Arq, Inc.",Steinmetz Shimon,Chief Financial Officer,2972,2.34,6952,24.7,0001515156-26-000129
2026-09-10T21:54:11+00:00,2026-09-08,BRN,BARNWELL INDUSTRIES INC,Horowitz Joshua,Director,10478,1.00,10436,3.3,0001104659-26-106783
2026-09-10T22:18:22+00:00,2026-09-08,GBFH,GBank Financial Holdings Inc.,Voinovich Michael C,Director,2500,20.00,50000,3.0,0001193125-26-388191
2026-09-10T22:18:22+00:00,2026-09-10,GME,GameStop Corp.,Attal Alain,Director,5000,20.00,100000,0.8,0001840485-26-000006
2026-09-10T22:18:26+00:00,2026-09-10,CTTH,"CTT PHARMACEUTICAL HOLDINGS, INC.","CTT PHARMACEUTICAL HOLDINGS, INC.",CEO,3500,0.05,175,0.0,0001035422-26-000011
2026-09-10T22:18:32+00:00,2026-09-10,GME,GameStop Corp.,Cohen Ryan,"Director, President, CEO and Chairman",1000000,20.38,20375900,2.6,0000921895-26-002531
2026-09-10T22:41:21+00:00,2026-09-08,QVCG,"QVC Group, Inc.",GOLDENTREE ASSET MANAGEMENT LP,10% owner,1600000,16.25,26000000,17.0,0001493152-26-042256
2026-09-10T22:58:01+00:00,2026-09-09,BGDE,"Big Digital Energy, Inc.","Endeavor Blockchain, LLC",10% owner,1130,6.35,7173,4.9,0000912282-26-001260
2026-09-10T23:09:41+00:00,2026-09-09,RBA,RB GLOBAL INC.,Stein Deborah,Director,500,80.91,40454,27.4,0001193125-26-388228
2026-09-10T23:20:56+00:00,2026-09-10,UPST,"Upstart Holdings, Inc.",Gu Paul,"Director, Chief Executive Officer",50000,25.55,1277500,62.5,0001832812-26-000010
2026-09-10T23:56:18+00:00,2026-09-09,RBA,RB GLOBAL INC.,Stein Deborah,Director,500,80.91,40454,27.4,0001193125-26-388273
2026-09-11T00:11:26+00:00,2026-09-09,SNES,"SenesTech, Inc.",Edell Michael,"Director, Chief Executive Officer",2000,0.87,1740,33.3,0001628280-26-061448
2026-09-11T00:11:28+00:00,2026-09-10,PRTS,"CarParts.com, Inc.",Huffaker Michael,COO,13250,10.06,133295,9.5,0001140361-26-036239
2026-09-11T00:11:29+00:00,2026-09-10,PRTS,"CarParts.com, Inc.",Meniane David,CEO,13250,10.06,133295,4.4,0001140361-26-036237
2026-09-11T01:10:28+00:00,2026-09-10,ATEC,"Alphatec Holdings, Inc.",Miles Patrick,"Director, CEO",115000,8.81,1013150,2.0,0001289409-26-000008
2026-09-11T11:39:09+00:00,2026-09-09,CLIK,Click Holdings Ltd.,Chan Chun Sing,"Director, Chief Executive Officer, 10% owner",48200,1.03,49869,1.0,0001493152-26-042298
2026-09-11T11:39:10+00:00,2026-09-09,RLMD,"RELMADA THERAPEUTICS, INC.",Shenouda Maged,Chief Financial Officer,200000,4.22,843990,25.0,0001213900-26-098970
2026-09-11T11:39:11+00:00,2026-09-09,RLMD,"RELMADA THERAPEUTICS, INC.",TRAVERSA SERGIO,"Director, Chief Executive Officer",200000,4.14,828000,15.4,0001213900-26-098969
2026-09-11T12:13:54+00:00,2026-09-10,ANIX,Anixa Biosciences Inc,KUMAR AMIT,"Director, Chief Executive Officer",5000,2.76,13799,0.8,0001493152-26-042302
2026-09-11T12:59:26+00:00,2026-09-10,RGCO,RGC RESOURCES INC,Nester Paul W,"Director, President & CEO",500,21.30,10650,0.4,0001437749-26-030121
2026-09-11T13:14:36+00:00,2026-09-08,CYBN,CYBIN INC.,Glavine Paul,Chief Growth Officer,100000,12.47,1247190,2.4,0000912282-26-001264
2026-09-11T13:14:38+00:00,2026-09-08,CYBN,CYBIN INC.,Glavine Paul,Chief Growth Officer,100000,12.47,1247190,2.4,0000912282-26-001263
2026-09-11T13:14:39+00:00,2026-09-08,CYBN,CYBIN INC.,So Eric H. L.,"Director, Executive Chair",100000,12.39,1238670,2.3,0000912282-26-001261
2026-09-11T13:14:40+00:00,2026-09-09,DGICA,DONEGAL GROUP INC,DONEGAL MUTUAL INSURANCE CO,10% owner,23469,19.13,448912,0.2,0000935596-26-000025
2026-09-11T13:29:28+00:00,2026-09-10,KMT,KENNAMETAL INC,Chowbey Sanjay,President and CEO,7000,29.10,203700,2.9,0001782435-26-000003
2026-09-11T13:43:21+00:00,2026-09-09,JANL,JANEL CORP,GRAVES GREGORY B,Director,400,50.00,20000,5.6,0001208109-26-000007
2026-09-11T13:43:24+00:00,2026-09-09,MGEE,MGE ENERGY INC,Berbee James G,Director,274,77.35,21251,2.8,0001193125-26-388717
2026-09-11T15:24:08+00:00,2026-09-10,TPL,Texas Pacific Land Corp,HORIZON KINETICS ASSET MANAGEMENT LLC,10% owner,1,366.18,366,0.0,0001437749-26-030130
2026-09-11T16:49:58+00:00,2026-09-09,BRID,BRIDGFORD FOODS CORP,Bridgford Allan Jr.,,466,5.83,2716,1.0,0001493152-26-042340
2026-09-11T16:58:03+00:00,2026-09-10,RCG,"RENN Fund, Inc.",HORIZON KINETICS ASSET MANAGEMENT LLC,10% owner,756,2.94,2222,0.1,0001437749-26-030136
2026-09-11T16:58:05+00:00,2026-09-10,LUCK,Lucky Strike Entertainment Corp,Bass Robert J,Director,600,5.45,3267,1.2,0001628280-26-061489
2026-09-11T17:43:53+00:00,2026-09-09,GROV,"Grove Collaborative Holdings, Inc.",Landesberg Stuart,Director,4827,1.05,5067,0.3,0001841761-26-000098
2026-09-11T18:17:13+00:00,2026-09-08,TNON,"Tenon Medical, Inc.",HRT FINANCIAL LP,10% owner,108140,3.54,382985,NEW,0001475597-26-000240
2026-09-11T18:34:24+00:00,2026-09-09,MO,"ALTRIA GROUP, INC.",McQUADE KATHRYN B.,Director,1500,67.62,101430,1.3,0000764180-26-000102
2026-09-11T19:19:12+00:00,2026-09-10,RGCO,RGC RESOURCES INC,JOHNSTON ROBERT B,Director,374,21.12,7898,0.6,0001437749-26-030160
2026-09-11T19:19:15+00:00,2026-09-09,RGCO,RGC RESOURCES INC,WILLIAMSON JOHN B III,Director,1309,21.32,27914,0.7,0001437749-26-030157
2026-09-11T20:09:02+00:00,2026-08-08,AZN,ASTRAZENECA PLC,Sharma Mani,See Remarks,20,160.57,3248,0.1,0001104659-26-107055
2026-09-11T20:09:04+00:00,2026-09-10,FGBI,"First Guaranty Bancshares, Inc.",WALKER ROBERT W,Director,8500,10.91,92730,15.7,0001437749-26-030168
2026-09-11T20:23:32+00:00,2026-09-02,PLMR,"Palomar Holdings, Inc.",Bradley Daryl,Director,1,131.96,134,0.0,0001214659-26-011614
2026-09-11T20:23:33+00:00,2026-09-09,CRBG,"Corebridge Financial, Inc.",NIPPON LIFE INSURANCE CO,10% owner,136466,33.78,4609644,0.1,0001193125-26-389292
2026-09-11T20:35:06+00:00,2026-09-09,TYRA,"Tyra Biosciences, Inc.",Verjee Rehan,Director,971,20.58,20000,NEW,0001193125-26-389333
2026-09-11T20:35:08+00:00,2026-09-09,SELF,"Global Self Storage, Inc.",WINMILL MARK CAMPBELL,"Director, President and CEO",4000,5.16,20640,1.1,0001628873-26-000095
2026-09-11T20:35:13+00:00,2026-09-10,SLRC,SLR Investment Corp.,GROSS MICHAEL S,"Director, See Remarks",20000,12.35,246980,0.5,0001193125-26-389322
2026-09-11T21:05:59+00:00,2026-09-10,GREE,Vulcan Infrastructure & Power Inc.,Rogers George Ted III,Director,2923976,1.71,4999998,2531.8,0001628280-26-061590
2026-09-11T21:06:01+00:00,2024-08-19,GIC,GLOBAL INDUSTRIAL Co,Hughes Claudia,SVP & Chief Sales Officer,134,29.60,3966,0.4,0001437749-26-030191
2026-09-11T21:06:05+00:00,2026-09-10,OPFI,OppFi Inc.,Schwartz Todd G.,"Director, Chief Executive Officer, 10% owner",3350,7.56,25313,0.5,0000905148-26-004141
2026-09-11T21:06:12+00:00,2026-09-10,FUSB,"FIRST US BANCSHARES, INC.",FIELD Robert C,Director,907,16.46,14926,6.8,0001193125-26-389372
2026-09-11T21:19:39+00:00,2026-09-11,GLOO,"Gloo Holdings, Inc.",GELSINGER PATRICK P,"Director, See Remarks",50000,3.34,166875,15.8,0001316331-26-000012
2026-09-11T21:39:41+00:00,2026-09-10,NNUP,NOCOPI TECHNOLOGIES INC/MD/,Sites Eric,Director,1500,1.83,2750,150.0,0001079973-26-001251
2026-09-11T23:21:17+00:00,2026-09-11,PVH,PVH CORP. /DE/,Larsson Stefan,"Director, Chief Executive Officer",14179,70.53,1000001,4.2,0001123292-26-001286
2026-09-11T23:57:03+00:00,2026-09-09,MGX,"Metagenomi Therapeutics, Inc.",Reid Laurence,Director,20000,1.17,23401,NEW,0001193125-26-389550
2026-09-12T00:48:11+00:00,2026-09-09,ALP,Alpha Compute Corp,Levitt Wesley Allen,Chief Financial Officer,1000,5.10,5095,NEW,0001171843-26-006009
2026-09-12T01:31:15+00:00,2026-09-11,FLD,"Fold Holdings, Inc.",Young Bracebridge H Jr,Director,20000,0.55,11049,39.9,0001193125-26-389597
2026-09-12T01:59:48+00:00,2026-09-09,GPUS,"Hyperscale Data, Inc.",AULT MILTON C III,"Director, Executive Chairman, 10% owner",178300,0.19,33651,6.9,0001214659-26-011648
2026-09-14T10:12:45+00:00,2026-09-11,NTHI,"NEONC TECHNOLOGIES HOLDINGS, INC.",Heshmatpour Amir F,"Director, CEO, President, 10% owner",37000,3.67,135619,1.2,0001213900-26-099422
2026-09-14T11:33:20+00:00,2026-09-09,ALP,Alpha Compute Corp,Villani Fiorenzo,"Director, See Remarks",7000,5.07,35455,46.0,0001171843-26-006026
2026-09-14T11:33:21+00:00,2026-09-09,ALP,Alpha Compute Corp,Kaiser Brittany,"Director, Chief Executive Officer",9350,5.35,49997,126.1,0001171843-26-006025
2026-09-14T11:46:54+00:00,2026-09-11,SKYH,Sky Harbour Group Corp,Gonzalez Francisco,Chief Financial Officer,1000,10.08,10080,0.1,0001437749-26-030226
2026-09-14T12:15:39+00:00,2026-09-10,DOMH,Dominari Holdings Inc.,Hayes Anthony,"Director, CEO",100000,2.09,209190,2.2,0001213900-26-099457
2026-09-14T12:15:39+00:00,2026-09-10,DOMH,Dominari Holdings Inc.,Wool Kyle Michael,"Director, President",100000,2.09,209190,2.4,0001213900-26-099456
2026-09-14T12:15:41+00:00,2026-09-10,NNOX,Nano-X Imaging Ltd.,Meltzer Erez,"Director, Chief Executive Officer",10000,0.78,7800,22.0,0001213900-26-099455
2026-09-14T12:53:39+00:00,2026-09-11,HLMN,Hillman Solutions Corp.,Kraft Robert O.,CFO and Treasurer,35500,7.00,248500,5.4,0001558592-26-000012
2026-09-14T13:05:25+00:00,2026-09-10,MAIA,"MAIA Biotechnology, Inc.",Guerrero Ramiro,Director,37595,1.32,49516,5.1,0001878313-26-000084
2026-09-14T13:24:23+00:00,2026-09-10,ANIX,Anixa Biosciences Inc,Titterton Lewis H jr,Director,10000,2.73,27300,1.0,0001493152-26-042502
2026-09-14T13:51:52+00:00,2026-09-10,ANIX,Anixa Biosciences Inc,KUMAR AMIT,"Director, Chief Executive Officer",3000,2.75,8250,0.5,0001493152-26-042512
2026-09-14T13:51:55+00:00,2026-09-11,GRX,Gabelli Healthcare & WellnessRx Trust,"Saba Capital Management, L.P.",10% owner,400,9.71,3884,0.0,0001510281-26-000300
2026-09-14T14:35:00+00:00,2026-09-14,FINS,Angel Oak Financial Strategies Income Term Trust,Parks Kevin,,1000,12.53,12530,17.6,0001816321-26-000003
2026-09-14T15:20:56+00:00,2026-09-11,TPL,Texas Pacific Land Corp,HORIZON KINETICS ASSET MANAGEMENT LLC,10% owner,1,367.88,367,0.0,0001437749-26-030248
2026-09-14T15:20:56+00:00,2026-09-11,RCG,"RENN Fund, Inc.",HORIZON KINETICS ASSET MANAGEMENT LLC,10% owner,756,2.98,2252,0.1,0001437749-26-030247
2026-09-14T15:35:38+00:00,2026-09-11,ASRV,AMERISERV FINANCIAL INC /PA/,STOPKO JEFFREY A,President & CEO ASRV & Bank,2000,4.94,9880,1.2,0000707605-26-000062
2026-09-14T15:50:20+00:00,2026-09-11,GRNT,"Granite Ridge Resources, Inc.",Miller Matthew Reade,Director,10000,5.03,50300,0.5,0001628280-26-061771
2026-09-14T15:50:23+00:00,2026-09-10,CCFN,MUNCY COLUMBIA FINANCIAL Corp,Glunk Robert J,Director,80,28.90,2312,14.4,0001174947-26-000869
2026-09-14T15:50:24+00:00,2026-09-14,IRIX,IRIDEX CORP,Dizon Romeo R,Chief Financial Officer,2354,0.65,1530,1.3,0001193125-26-390061
2026-09-14T16:13:38+00:00,2026-09-09,BLNE,"Beeline Holdings, Inc.",Liuzza Nicholas Reyland JR,"Director, Chief Executive Officer, 10% owner",148890,1.02,152318,3.0,0001493152-26-042528
2026-09-14T17:20:51+00:00,2026-09-11,DGICA,DONEGAL GROUP INC,DONEGAL MUTUAL INSURANCE CO,10% owner,54725,19.23,1052415,0.4,0000935596-26-000026
2026-09-14T17:56:00+00:00,2026-09-10,BDCO,BLUE DOLPHIN ENERGY CO,McDougall William Christopher,,900,12.75,11474,300.0,0001437749-26-030276
2026-09-14T19:10:43+00:00,2026-09-14,OFLX,"Omega Flex, Inc.",Unger Matthew Francis,Vice President - CFO,1000,25.42,25420,NEW,0001317945-26-000010
2026-09-14T19:37:40+00:00,2026-09-14,OFLX,"Omega Flex, Inc.",Moran Edwin B.,"Director, President",790,25.43,20089,79.0,0001317945-26-000011
2026-09-14T20:09:45+00:00,2026-09-14,GBAB,Guggenheim Taxable Municipal Bond & Investment Grade Debt Trust,Li Allen,,700,13.33,9331,70.0,0001509318-26-000007
2026-09-14T20:09:47+00:00,2026-09-03,JUSH,Jushi Holdings Inc.,Arsenault Denis J.,10% owner,133134,0.59,79002,1.7,0001628280-26-061833
2026-09-14T20:09:50+00:00,2026-09-10,SDHC,Smith Douglas Homes Corp.,Bradbury Thomas L,"Director, 10% owner",19360,10.31,199522,32.9,0001628280-26-061831
2026-09-14T20:09:55+00:00,2026-09-10,AMH,American Homes 4 Rent,CORRIGAN JACK E,Director,9000,21.51,193558,56.2,0001227454-26-000014
2026-09-14T20:23:48+00:00,2026-06-12,USPH,U S PHYSICAL THERAPY INC /NV,Minan Peter Francis,Director,6,77.23,474,0.2,0001193125-26-390608
2026-09-14T20:23:53+00:00,2026-09-11,ANGX,"Angel Studios, Inc.",Sarowitz Steven I,Director,88647,5.33,472603,7.1,0001865200-26-000087
2026-09-14T20:36:26+00:00,2026-09-10,CRBG,"Corebridge Financial, Inc.",NIPPON LIFE INSURANCE CO,10% owner,176300,34.01,5995927,0.1,0001193125-26-390651
2026-09-14T20:36:27+00:00,2026-09-11,TMDX,"TransMedics Group, Inc.",Weill David,Director,1336,81.63,109057,8.9,0001193125-26-390650
2026-09-14T20:48:37+00:00,2026-09-14,ALTO,"Alto Ingredients, Inc.",NATHAN GILBERT E,Director,10000,3.93,39299,1.2,0001213900-26-099752
2026-09-14T20:48:37+00:00,2026-09-11,DLHC,DLH Holdings Corp.,Mink Brook Asset Management LLC,10% owner,1222,3.88,4741,0.1,0001628280-26-061865
2026-09-14T20:56:54+00:00,2026-09-10,GREE,Vulcan Infrastructure & Power Inc.,Kovler Jordan,"Director, Chief Executive Officer",58479,1.71,99999,18.0,0001628280-26-061880
2026-09-14T20:56:56+00:00,2026-09-10,GREE,Vulcan Infrastructure & Power Inc.,Mulvihill Christian,Chief Financial Officer,58479,1.71,99999,33.2,0001628280-26-061879
2026-09-14T20:56:57+00:00,2026-09-10,GREE,Vulcan Infrastructure & Power Inc.,Irwin Dale,President,58479,1.71,99999,28.9,0001628280-26-061878
2026-09-14T21:08:30+00:00,2026-09-10,DFH,"Dream Finders Homes, Inc.",BECKWITT RICHARD,Director,10000,12.07,120700,11.1,0000897069-26-001778
2026-09-14T21:22:50+00:00,2026-09-10,CROX,"Crocs, Inc.",SMACH THOMAS J,Director,4000,109.38,437529,4.5,0001194106-26-000012
2026-09-14T21:23:01+00:00,2026-09-11,PPG,PPG INDUSTRIES INC,Hefel Juliane M.,"Sr. VP, Ind Coatings & Sp Prod",13,105.31,1409,0.7,0000079879-26-000290
2026-09-14T21:34:47+00:00,2026-09-10,SLGL,Sol-Gel Technologies Ltd.,Opaleye Management Inc.,10% owner,3124,66.39,207398,0.6,0001493152-26-042615
2026-09-14T22:23:32+00:00,2026-09-14,DLPN,"Dolphin Entertainment, Inc.",O'Dowd William IV,"Director, Chief Executive Officer, 10% owner",4300,1.12,4816,0.8,0001079973-26-001257
2026-09-14T22:36:53+00:00,2026-09-11,FBDT,"First Breach, Inc.",LOW JORDAN ZACHARY,"Director, Pres., COO",140000,0.67,94164,2.5,0001213900-26-099824
2026-09-14T22:48:43+00:00,2026-09-10,JCTC,JEWETT CAMERON TRADING CO LTD,"AJB Investment Fund II, LP",10% owner,5914,2.90,17150,1.2,0001536588-26-000031
2026-09-14T22:48:44+00:00,2025-03-03,CZR,"Caesars Entertainment, Inc.",TOMICK DAVID P,Director,1850,33.36,61716,31.9,0001158390-26-000007
2026-09-14T23:10:07+00:00,2026-09-10,RSG,"REPUBLIC SERVICES, INC.","CASCADE INVESTMENT, L.L.C.",10% owner,580810,222.63,129305616,0.5,0001104659-26-107592
2026-09-14T23:21:56+00:00,2026-09-07,TLX,Telix Pharmaceuticals Ltd,Smith Darren Charlton,Group Chief Financial Officer,2071,9.66,19997,17.4,0001628280-26-061944
2026-09-14T23:21:58+00:00,2026-09-08,GPUS,"Hyperscale Data, Inc.",AULT MILTON C III,"Director, Executive Chairman, 10% owner",258500,0.19,48809,10.3,0001214659-26-011678
2026-09-14T23:42:16+00:00,2026-09-14,PMTS,CPI Card Group Inc.,SHEINBAUM MARC,Director,4651,21.50,99996,21.3,0001605873-26-000004
2026-09-14T23:42:16+00:00,2026-09-14,DVN,DEVON ENERGY CORP/DE,Gaspar Clay M,"Director, PRESIDENT AND CEO",3913,51.08,199876,0.6,0001090012-26-000124
2026-09-14T23:51:38+00:00,2026-09-14,PMTS,CPI Card Group Inc.,Riley H Sanford,Director,13953,21.50,299989,5.3,0001317406-26-000006
2026-09-14T23:51:39+00:00,2026-09-14,PMTS,CPI Card Group Inc.,Mallela Ravi,Director,1000,21.50,21500,8.7,0001751947-26-000004
2026-09-14T23:51:40+00:00,2026-09-14,PMTS,CPI Card Group Inc.,Peters Nicholas,Director,11628,21.50,250002,NEW,0001654770-26-000004
2026-09-14T23:59:10+00:00,2026-09-14,PMTS,CPI Card Group Inc.,Tricor PMT25 Holdings Inc.,10% owner,525000,21.50,11287500,24.1,0001104659-26-107610
2026-09-15T00:20:30+00:00,2026-09-14,GLOO,"Gloo Holdings, Inc.",GELSINGER PATRICK P,"Director, See Remarks",25000,3.45,86232,6.8,0001316331-26-000013
2026-09-15T00:55:59+00:00,2026-09-10,ONMD,OneMedNet Corp,Yu Jeffrey,"Director, Chief Medical Officer, 10% owner",142857,0.63,89999,1.6,0001493152-26-042642
2026-09-15T01:25:19+00:00,2026-09-11,KDOZF,KIDOZ INC.,Ben Tora Eldad,"Director, Chief Strategy Officer",2500,0.10,254,0.0,0001801365-26-000006
2026-09-15T10:38:31+00:00,2026-09-14,MAIA,"MAIA Biotechnology, Inc.",Vitoc Vlad,"Director, Chief Executive Officer, 10% owner",73000,1.37,100010,7.5,0001878313-26-000087
2026-09-15T11:57:08+00:00,2026-09-11,UAVS,AgEagle Aerial Systems Inc.,Begley Grant A,"Director, Chairman of the Board",5000,0.98,4900,4.5,0001437749-26-030389
2026-09-15T11:57:08+00:00,2026-09-11,UAVS,AgEagle Aerial Systems Inc.,Klavon Brent,Director,5050,0.99,4999,9.2,0001437749-26-030387
2026-09-15T12:10:57+00:00,2026-09-14,NNOX,Nano-X Imaging Ltd.,Suesskind Dan S,Director,60000,0.76,45300,120.0,0001213900-26-099887
2026-09-15T12:49:11+00:00,2026-09-11,URG,UR-ENERGY INC,Walle Jade,VICE PRESIDENT FINANCE,75581,1.29,97499,30.0,0001654954-26-008365
2026-09-15T13:17:53+00:00,2026-09-11,GAIA,"GAIA, INC",Sutherland Paul Howard,Director,3500,1.37,4797,0.8,0001193125-26-391420
2026-09-15T13:17:56+00:00,2026-09-11,EOSE,"Eos Energy Enterprises, Inc.",Song Haiyan,Director,15000,3.91,58700,NEW,0001628280-26-061975
2026-09-15T13:57:06+00:00,2026-09-11,JANL,JANEL CORP,GRAVES GREGORY B,Director,395,49.52,19560,5.3,0001208109-26-000008
2026-09-15T14:51:12+00:00,2026-09-14,RVSB,RIVERVIEW BANCORP INC,Zamanizadeh Kourosh Nasser,Director,3600,5.38,19358,30.3,0002128593-26-000004
2026-09-15T15:17:26+00:00,2026-09-11,MATW,MATTHEWS INTERNATIONAL CORP,Nauman J Michael,Director,1000,19.99,19990,9.9,0000063296-26-000096
2026-09-15T15:17:30+00:00,2026-09-14,NONE,"Fundrise Real Estate Interval Fund, LLC",Starr Gayle P,Director,8,11.91,102,2.7,0001213900-26-099973
2026-09-15T16:21:17+00:00,2026-09-14,NONE,"Fundrise Income Real Estate Fund, LLC",Starr Gayle P,Director,39,10.13,397,2.6,0001213900-26-100005
2026-09-15T16:34:23+00:00,2026-09-14,SFST,SOUTHERN FIRST BANCSHARES INC,Locke Anna T,Director,300,63.27,18981,8.3,0001090009-26-000104
2026-09-15T16:34:24+00:00,2026-09-11,GROV,"Grove Collaborative Holdings, Inc.",Landesberg Stuart,Director,15173,1.04,15799,0.9,0001841761-26-000100
2026-09-15T17:21:57+00:00,2026-09-15,RWT,REDWOOD TRUST INC,Carillo Brooke,Chief Financial Officer,26065,3.85,100238,22.8,0001862739-26-000004
2026-09-15T17:21:57+00:00,2026-09-14,FDBC,FIDELITY D & D BANCORP INC,CALI BRIAN J,"Director, Chairman of the Board",250,,0,0.1,0001437749-26-030422
2026-09-15T17:32:17+00:00,2026-09-14,RCG,"RENN Fund, Inc.",HORIZON KINETICS ASSET MANAGEMENT LLC,10% owner,756,3.05,2305,0.1,0001437749-26-030424
2026-09-15T17:32:19+00:00,2026-09-15,VIRC,VIRCO MFG CORPORATION,VIRTUE DOUGLAS A,"Director, Executive Vice President",3000,6.10,18300,0.3,0001628280-26-062003
2026-09-15T17:53:25+00:00,2026-09-15,RWT,REDWOOD TRUST INC,Abate Christopher J,"Director, Chief Executive Officer",100000,3.84,383900,17.3,0001104659-26-107867
2026-09-15T18:20:22+00:00,2026-09-14,TPL,Texas Pacific Land Corp,HORIZON KINETICS ASSET MANAGEMENT LLC,10% owner,1,371.73,371,0.0,0001437749-26-030425
2026-09-15T18:34:17+00:00,2026-09-15,RWT,REDWOOD TRUST INC,KUBICEK GREG H,Director,50000,3.85,192560,64.8,0001233565-26-000006
2026-09-15T18:49:12+00:00,2026-09-14,BRID,BRIDGFORD FOODS CORP,Bridgford Allan Jr.,,13,5.95,77,0.0,0001493152-26-042729
2026-09-15T19:45:57+00:00,2026-09-11,CSPI,CSP INC /MA/,NERGES JOSEPH R,10% owner,4600,7.84,36078,0.3,0001214659-26-011702
2026-09-15T20:05:27+00:00,2026-08-27,PETV,"PetVivo Holdings, Inc.","A.L. Sarroff Fund, LLC",10% owner,58602,0.68,40022,0.6,0001099910-26-000263
2026-09-15T20:21:21+00:00,2026-09-15,OXM,OXFORD INDUSTRIES INC,GRASSMYER SCOTT,EVP,1000,29.73,29730,2.7,0000075288-26-000092
2026-09-15T20:21:22+00:00,2026-09-14,CELH,"Celsius Holdings, Inc.",DeSantis Damon,Director,36000,27.78,1000200,1.3,0001628280-26-062057
2026-09-15T20:21:29+00:00,2026-09-11,CRT,CROSS TIMBERS ROYALTY TRUST,OLIVER ERIC L,10% owner,16360,11.46,187485,1.7,0001104659-26-107932
2026-09-15T20:21:32+00:00,2026-09-11,CRBG,"Corebridge Financial, Inc.",NIPPON LIFE INSURANCE CO,10% owner,171144,34.61,5923208,0.1,0001193125-26-391947
2026-09-15T20:32:09+00:00,2026-09-14,AIM,AIM ImmunoTech Inc.,Equels Thomas K,"Director, CEO & President",5900,0.22,1292,9.2,0001493152-26-042754
2026-09-15T20:32:14+00:00,2026-09-14,NAMS,NewAmsterdam Pharma Co N.V.,Davidson Michael H.,"Director, Chief Executive Officer",10000,22.65,226500,1.3,0001193125-26-391985
2026-09-15T20:32:15+00:00,2026-09-14,GIII,G III APPAREL GROUP LTD /DE/,GOLDFARB MORRIS,"Director, CEO",40000,27.94,1117600,0.9,0000821002-26-000041
2026-09-15T20:32:21+00:00,2026-09-14,SNES,"SenesTech, Inc.",Edell Michael,"Director, Chief Executive Officer",1000,0.84,840,12.5,0001628280-26-062063
2026-09-15T20:32:24+00:00,2026-09-11,OPFI,OppFi Inc.,Schwartz Todd G.,"Director, Chief Executive Officer, 10% owner",5240,7.90,41405,0.8,0000905148-26-004199
2026-09-15T20:32:25+00:00,2026-09-14,FCEL,FUELCELL ENERGY INC,Livingston III Homer John,Director,16404,15.05,246955,62.3,0000897069-26-001780
2026-09-15T20:44:46+00:00,2026-05-18,CSAN,Cosan S.A.,Cordes Burkhard Otto,Director,159000,4.38,696030,11.8,0001292814-26-004562
2026-09-15T20:44:53+00:00,2026-09-11,EVRG,"Evergy, Inc.",Rolph Jonathan D,Director,1640,81.47,133610,NEW,0001711269-26-000102
2026-09-15T20:45:02+00:00,2026-09-11,MOBI,"Mobia Medical, Inc.",Leavitt Chase C.,SEE REMARKS,2000,10.30,20600,66.7,0001193125-26-391998
2026-09-15T20:53:40+00:00,2026-09-11,ZDGE,"Zedge, Inc.",GIBBER ELLIOT,Director,221843,,0,92.4,0001193125-26-392060
2026-09-15T20:53:48+00:00,2026-09-15,GAM,GENERAL AMERICAN INVESTORS CO INC,Stark Eugene S,VP Administration,5000,24.00,120000,41.7,0000040417-26-000047
2026-09-15T20:53:49+00:00,2026-09-11,COO,"COOPER COMPANIES, INC.",Keel Paul A,Director,4701,53.18,249999,NEW,0001626337-26-000011
2026-09-15T20:53:52+00:00,2026-09-11,ARE,"ALEXANDRIA REAL ESTATE EQUITIES, INC.",MARCUS JOEL S,"Director, Executive Chairman",5000,49.68,248400,0.8,0001216955-26-000021
2026-09-15T21:17:41+00:00,2026-09-11,AFCG,Advanced Flower Capital Inc.,TANNENBAUM LEONARD M,"Director, 10% owner",40198,3.52,141443,0.6,0001628280-26-062092
2026-09-15T21:17:44+00:00,2025-07-24,CARL,"CARLSMED, INC.","Presidio Management Group XII, L.L.C.",10% owner,200000,15.00,3000000,NEW,0001193125-26-392111
2026-09-15T21:17:50+00:00,2026-09-11,BGDE,"Big Digital Energy, Inc.","Endeavor Blockchain, LLC",10% owner,2050,6.41,13140,8.5,0000912282-26-001271
2026-09-15T21:29:19+00:00,2026-09-14,BGS,"B&G Foods, Inc.",Brunts DeAnn L,Director,5616,3.21,18000,5.1,0001643155-26-000005
2026-09-15T21:29:20+00:00,2026-09-11,GPUS,"Hyperscale Data, Inc.",AULT MILTON C III,"Director, Executive Chairman, 10% owner",6600,0.18,1212,0.8,0001214659-26-011723
2026-09-15T21:29:22+00:00,2026-09-11,EP,EMPIRE PETROLEUM CORP,Matschke Mason H.,Director,5777,2.38,13730,1.3,0001072613-26-000759
2026-09-15T21:40:17+00:00,2026-09-14,VTSI,"VirTra, Inc",BARBER GRANT,Director,1500,2.95,4425,6.1,0001437749-26-030484
2026-09-15T23:25:10+00:00,2026-09-11,LMB,"Limbach Holdings, Inc.",Horowitz Joshua,Director,7820,50.00,391013,4.8,0001104659-26-108006
2026-09-16T00:21:26+00:00,2026-09-10,CINT,CI&T Inc,Guicardi Neto Bruno,Pres. of N. Am. and Europe Ops,5489,3.21,17608,6.4,0001292814-26-004568
2026-09-16T00:52:58+00:00,2026-09-14,STI,Solidion Technology Inc.,Tjon Karin-Joyce,Director,5000,7.20,36000,9.4,0001213900-26-100270
2026-09-16T00:52:58+00:00,2026-09-14,NTHI,"NEONC TECHNOLOGIES HOLDINGS, INC.",Heshmatpour Amir F,"Director, CEO, President, 10% owner",50000,3.50,174795,1.6,0001213900-26-100269
2026-09-16T00:52:58+00:00,2026-09-11,NTHI,"NEONC TECHNOLOGIES HOLDINGS, INC.",CHEN THOMAS C,"Director, CEO, 10% owner",10798,3.70,39999,78.8,0001213900-26-100266
2026-09-16T00:53:00+00:00,2026-09-14,NTHI,"NEONC TECHNOLOGIES HOLDINGS, INC.",GARNETT KEITHLY,CFO,257,3.89,1000,0.1,0001213900-26-100265
2026-09-16T00:53:01+00:00,2026-09-11,NFE,New Fortress Energy Inc.,EDENS WESLEY R,"Director, Chief Executive Officer, 10% owner",28313,,0,3.0,0001749723-26-000141
2026-09-16T01:16:50+00:00,2026-09-09,STI,Solidion Technology Inc.,Winters Jaymes,"Director, Chief Executive Officer",984,7.11,6996,26.4,0001213900-26-100273
2026-09-16T01:40:53+00:00,2026-09-11,TENX,"TENAX THERAPEUTICS, INC.",Giordano Christopher Thomas,"Director, CEO",10850,1.85,20087,95.8,0001871714-26-000002
2026-09-16T01:40:56+00:00,2026-09-11,FTK,FLOTEK INDUSTRIES INC/CN/,Wilks Matthew,Director,1319493,26.01,34320012,836.2,0001104659-26-108024
2026-09-16T01:40:58+00:00,2026-09-11,TENX,"TENAX THERAPEUTICS, INC.",STAAB THOMAS R II,Chief Financial Officer,5675,1.94,10981,56.8,0001193125-26-392319
2026-09-16T01:59:59+00:00,2026-09-11,LCU,LION COPPER & GOLD CORP.,Alford Tony L,"Director, 10% owner",11297,4.90,55365,0.4,0001062993-26-004972
2026-09-16T10:23:17+00:00,2026-09-14,BZUN,Baozun Inc.,Qiu Wenbin,"Director, Chief Executive Officer",14600,2.73,39858,0.9,0001104659-26-108060
2026-09-16T10:23:18+00:00,2026-09-15,NNOX,Nano-X Imaging Ltd.,Meltzer Erez,"Director, Chief Executive Officer",10000,0.69,6899,18.0,0001213900-26-100307
2026-09-16T11:51:37+00:00,2026-09-14,ROC,Rank One Computing Corp,Kiernan Kathleen Louise,Director,4000,4.36,17434,NEW,0001213900-26-100339
2026-09-16T12:54:10+00:00,2026-09-14,AVBC,"Avidia Bancorp, Inc.",Murphy Michael Dennis,Director,5000,22.12,110600,270.3,0001437749-26-030507
2026-09-16T13:05:14+00:00,2026-09-15,CELH,"Celsius Holdings, Inc.",Kravitz Hal,Director,12000,28.00,336000,5.3,0001628280-26-062134
2026-09-16T13:22:45+00:00,2026-09-15,AIM,AIM ImmunoTech Inc.,Equels Thomas K,"Director, CEO & President",22000,0.22,4862,31.5,0001493152-26-042848
2026-09-16T13:49:40+00:00,2026-09-14,GAIA,"GAIA, INC",Sutherland Paul Howard,Director,11100,1.23,13647,2.5,0001193125-26-392557
2026-09-16T14:31:56+00:00,2026-09-14,BDN,BRANDYWINE REALTY TRUST,SWEENEY GERARD H,"Director, President and CEO",33900,2.96,100344,0.8,0001193125-26-392656
2026-09-16T15:10:08+00:00,2026-09-15,RICK,"RCI HOSPITALITY HOLDINGS, INC.",Elaine Johnson Martin,Director,601,28.95,17396,5.1,0001628280-26-062157
2026-09-16T15:10:09+00:00,2026-09-15,SBLK,Star Bulk Carriers Corp.,Erhardt Koert,Director,6000,28.27,169620,59.5,0001333848-26-000003
2026-09-16T15:24:15+00:00,2026-09-15,SBLK,Star Bulk Carriers Corp.,Karellis Nikolaos,Director,2000,28.27,56540,26.4,0002011929-26-000010
2026-09-16T15:36:40+00:00,2026-09-14,ARDC,"Ares Dynamic Credit Allocation Fund, Inc.",THRIVENT FINANCIAL FOR LUTHERANS,10% owner,240000,25.00,6000000,NEW,0000314984-26-000042
2026-09-16T15:36:45+00:00,2026-09-02,TLAC,Three Lions Acquisition Corp.,"Three Lions Sponsor, LLC",Director,200000,10.00,2000000,5.3,0001193125-26-392735
2026-09-16T15:48:39+00:00,2026-09-15,SBLK,Star Bulk Carriers Corp.,Spyrou Symeon,co CFO,15000,28.27,424050,6.6,0001969701-26-000006
2026-09-16T15:48:41+00:00,2026-09-16,RDGL,VIVOS INC,Weeks Brad Allan,President,25550,0.05,1231,1.7,0002131351-26-000014
2026-09-16T16:13:29+00:00,2026-09-14,NONE,Privacore VPC Asset Backed Credit Fund,BANKERS LIFE & CASUALTY CO,10% owner,785083,10.19,7999999,13.2,0000903939-26-000030
2026-09-16T16:27:59+00:00,2026-09-14,ASYS,AMTECH SYSTEMS INC,SABOL THOMAS B,Chief Financial Officer,2000,14.13,28270,NEW,0001193125-26-392787
2026-09-16T17:27:22+00:00,2026-09-16,CTTH,"CTT PHARMACEUTICAL HOLDINGS, INC.","CTT PHARMACEUTICAL HOLDINGS, INC.","Director, CEO",10900,0.05,523,0.1,0001035422-26-000012
2026-09-16T17:38:54+00:00,2026-09-14,BFH,"BREAD FINANCIAL HOLDINGS, INC.",McCarthy Dennis James,"EVP, Chief Revenue Officer",15,108.14,1718,0.1,0002153122-26-000005
2026-09-16T18:27:25+00:00,2026-09-15,RGCO,RGC RESOURCES INC,WILLIAMSON JOHN B III,Director,112,21.20,2374,0.1,0001437749-26-030524
2026-09-16T18:43:11+00:00,2026-09-16,RWT,REDWOOD TRUST INC,Robinson Dashiell I,"Director, President",63211,3.98,251580,19.0,0001716998-26-000004
2026-09-16T18:54:30+00:00,2026-09-15,UMH,"UMH PROPERTIES, INC.",Mitchell William Edward,Director,67,14.88,1000,0.2,0000752642-26-000098
2026-09-16T18:54:30+00:00,2026-09-15,UMH,"UMH PROPERTIES, INC.",Miller Kevin S.,"EVP, CFO, Treasurer",67,14.88,1000,0.3,0000752642-26-000097
2026-09-16T19:31:08+00:00,2026-09-15,RCG,"RENN Fund, Inc.",HORIZON KINETICS ASSET MANAGEMENT LLC,10% owner,756,3.05,2305,0.1,0001437749-26-030533
2026-09-16T19:41:59+00:00,2026-09-15,TPL,Texas Pacific Land Corp,HORIZON KINETICS ASSET MANAGEMENT LLC,10% owner,1,370.59,370,0.0,0001437749-26-030537
2026-09-16T19:50:49+00:00,2026-09-14,CBKM,CONSUMERS BANCORP INC /OH/,Lober Ralph J II,"Director, CEO & President",400,32.98,13191,0.5,0001437749-26-030539
2026-09-16T19:58:31+00:00,2026-09-14,AXIA3,AXIA Energia S.A.,Batista de Lima Filho Pedro,Director,512900,10.49,5378042,11.5,0001213900-26-100498
2026-09-16T19:58:33+00:00,2026-09-15,CBKM,CONSUMERS BANCORP INC /OH/,Hudak Hillary A,"SVP, Chief People Officer",112,32.99,3708,2.0,0001437749-26-030543
2026-09-16T20:13:37+00:00,2026-09-11,USO,"United States Oil Fund, LP",HRT FINANCIAL LP,10% owner,105195,157.88,16608540,NEW,0001475597-26-000246
2026-09-16T20:13:42+00:00,2026-09-14,FRPT,"Freshpet, Inc.",GEORGE WALTER N.,Director,1000,64.92,64920,2.0,0000929638-26-003553
2026-09-16T20:13:44+00:00,2026-09-14,CTSO,Cytosorbents Corp,Capponi Vincent,President and COO,2073,6.05,12536,5.4,0001104659-26-108247
2026-09-16T20:28:16+00:00,2026-09-15,GABC,"GERMAN AMERICAN BANCORP, INC.",Bawel Zachary W,Director,400,49.89,19999,1.5,0001746448-26-000009
2026-09-16T20:28:17+00:00,2026-09-16,IRIX,IRIDEX CORP,Dizon Romeo R,Chief Financial Officer,7900,0.63,4977,4.5,0001193125-26-393119
2026-09-16T20:28:17+00:00,2026-09-15,GABC,"GERMAN AMERICAN BANCORP, INC.",Seger Andrew M,Director,150,49.89,7500,0.7,0002081604-26-000011
2026-09-16T20:28:21+00:00,2026-09-15,DLHC,DLH Holdings Corp.,Mink Brook Asset Management LLC,10% owner,1621,3.84,6225,0.1,0001628280-26-062262
2026-09-16T20:28:23+00:00,2026-09-14,AAT,"American Assets Trust, Inc.",RADY ERNEST S,"Director, Executive Chairman, 10% owner",50000,21.65,1082500,2.1,0001221359-26-000057
2026-09-16T20:28:24+00:00,2026-09-15,CBKM,CONSUMERS BANCORP INC /OH/,PADEN FRANK L,Director,181,32.99,6000,1.3,0001437749-26-030548
2026-09-16T20:28:29+00:00,2026-09-15,NONE,Stellus Private Credit BDC,Ladd Robert T.,CEO and President,2548,15.25,38857,6.3,0001104659-26-108263
2026-09-16T20:28:31+00:00,2026-09-15,NONE,Stellus Private Credit BDC,Huskinson W. Todd,"CFO, CCO and Secretary",378,15.25,5764,6.5,0001104659-26-108262
2026-09-16T20:28:34+00:00,2026-09-15,NONE,Stellus Private Credit BDC,D'Angelo Dean,,2124,15.25,32391,8.6,0001104659-26-108261
2026-09-16T20:28:36+00:00,2026-09-15,ED,CONSOLIDATED EDISON INC,Miller Joseph,VP & Controller,1,105.81,111,0.0,0001047862-26-000145
2026-09-16T20:41:21+00:00,2026-09-14,EQPT,EquipmentShare.com Inc,Schlacks Jabbok,"Director, Founder & CEO",25000,17.78,444504,25.0,0001628280-26-062285
2026-09-16T20:41:23+00:00,2026-09-15,AAON,"AAON, INC.",Stewart David Raymond,Director,1000,74.66,74660,33.3,0001887897-26-000003
2026-09-16T20:52:42+00:00,2026-09-14,CLPR,Clipper Realty Inc.,Levinson Sam,"Director, 10% owner",9084,3.29,29879,2.4,0001539497-26-002522
2026-09-16T21:31:04+00:00,2026-09-14,GLP,GLOBAL PARTNERS LP,Global GP LLC,,15000,51.21,768200,10.2,0001339396-26-000084
2026-09-16T21:44:24+00:00,2026-09-14,BUKS,BUTLER NATIONAL CORP,Veradace Partners LP,10% owner,55000,4.04,222250,0.7,0001772447-26-000020
2026-09-16T21:44:26+00:00,2026-03-19,BMA,Macro Bank Inc.,Brito Marcos,Director,1500,68.27,102399,NEW,0001104659-26-108328
2026-09-16T21:44:27+00:00,2026-09-15,CTSO,Cytosorbents Corp,Chan Phillip P.,"Director, Chief Executive Officer",3774,6.00,22644,3.9,0001104659-26-108326
2026-09-16T22:16:38+00:00,2026-09-15,KWY,KINGSWAY Corp,Hansen Kent A,CFO & EVP,159,9.82,1561,0.1,0001072627-26-000054
2026-09-16T22:16:39+00:00,2026-09-15,KWY,KINGSWAY Corp,Fitzgerald John Taylor Maloney,"Director, President and CEO",254,9.82,2494,0.0,0001072627-26-000053
2026-09-16T22:16:43+00:00,2026-09-15,FOX,Fox Corp,MURDOCH LACHLAN K,"Director, Executive Chair, CEO",149934,68.53,10274977,12.0,0001628280-26-062330
2026-09-16T22:16:44+00:00,2026-09-14,PLNT,"Planet Fitness, Inc.",Tanco Christopher,Director,2328,51.23,119259,NEW,0001842402-26-000005
2026-09-16T22:16:46+00:00,2026-09-15,CROX,"Crocs, Inc.",SMACH THOMAS J,Director,680,111.49,75813,NEW,0001194106-26-000014
2026-09-16T22:16:47+00:00,2026-09-14,ACOG,Alpha Cognition Inc.,Opaleye Management Inc.,10% owner,123918,8.57,1062505,4.1,0001493152-26-042969
2026-09-16T22:16:47+00:00,2026-09-15,CROX,"Crocs, Inc.",KAPLAN BETH J,Director,885,112.12,99227,6.2,0001247154-26-000005
2026-09-16T22:50:32+00:00,2026-09-11,FBNC,FIRST BANCORP /NC/,Nevin Katharine Caldwell,Director,231,64.23,14837,26.8,0000811589-26-000157
2026-09-16T22:50:33+00:00,2026-09-14,TELA,"TELA Bio, Inc.",Capper Joseph H,Director,75000,1.05,78442,251.5,0001456817-26-000013
2026-09-16T23:11:03+00:00,2026-09-15,BUKS,BUTLER NATIONAL CORP,Loh Michael Anthony,Director,10000,3.91,39100,6.9,0002033348-26-000012
2026-09-16T23:11:05+00:00,2026-09-14,INM,InMed Pharmaceuticals Inc.,"ADAR1 Capital Management, LLC",10% owner,91101,1.30,118076,11.4,0001940272-26-000021
2026-09-17T01:18:56+00:00,2026-09-14,MNR,MACH NATURAL RESOURCES LP,WARD TOM L.,"Director, See Remarks, 10% owner",172413,11.60,1999990,1.3,0001213900-26-100673
2026-09-17T01:18:57+00:00,2026-09-14,FLNT,"Fluent, Inc.",GLOBAL VALUE INVESTMENT CORP.,10% owner,12376,3.38,41830,0.4,0001193125-26-393468
2026-09-17T01:18:58+00:00,2026-09-14,FLNT,"Fluent, Inc.",GEYGAN JAMES,"Director, 10% owner",12376,3.38,41830,0.4,0001193125-26-393467
2026-09-17T01:44:40+00:00,2026-09-15,WULF,TERAWULF INC.,Bucella Michael C.,Director,6085,14.79,89966,1.8,0001628280-26-062352
2026-09-17T01:44:44+00:00,2026-09-14,STI,Solidion Technology Inc.,Prantsevich Vlad,Chief Financial Officer,1030,7.13,7343,42.5,0001213900-26-100677
2026-09-17T10:16:49+00:00,2026-09-16,ADAG,Adagene Inc.,Luo Peter,"Director, Chief Executive Officer",20290,3.15,63980,29.7,0001104659-26-108386
2026-09-17T10:16:49+00:00,2026-09-15,BZUN,Baozun Inc.,Wu Junhua,"Director, Chief Strategy Officer",13900,2.73,37947,5.2,0001104659-26-108384
2026-09-17T10:44:30+00:00,2026-09-15,LXU,"LSB INDUSTRIES, INC.",Ackerman Jonathan Z.,Director,1000,11.30,11300,9.8,0001193125-26-393688
2026-09-17T11:20:16+00:00,2026-09-16,ADC,AGREE REALTY CORP,RAKOLTA JOHN JR,Director,20000,68.78,1375600,3.2,0001528153-26-000015
2026-09-17T11:20:16+00:00,2026-09-16,ADC,AGREE REALTY CORP,Agree Joey,"Director, PRESIDENT & CEO",7360,68.06,500921,1.1,0001348490-26-000006
2026-09-17T11:32:39+00:00,2026-09-15,QXL,QUANTUM X LABS INC.,Baranes Yakov,Co-CEO,5000,4.88,24400,1.4,0001493152-26-043041
2026-09-17T12:43:25+00:00,2026-09-15,SBLK,Star Bulk Carriers Corp.,Reskos Nikolaos,Chief Operating Officer,10000,28.27,282700,2.5,0001969292-26-000010
2026-09-17T12:56:47+00:00,2026-09-16,BORR,Borr Drilling Ltd,Troim Tor Olav,Director,1000000,4.30,4299500,3.4,0001628280-26-062396
2026-09-17T13:26:40+00:00,2026-09-16,TOFB,TOFUTTI BRANDS INC,A-6684 Ltd.,10% owner,10000,0.34,3400,1.4,0001994334-26-000014
2026-09-17T13:59:51+00:00,2026-09-16,RCG,"RENN Fund, Inc.",HORIZON KINETICS ASSET MANAGEMENT LLC,10% owner,756,3.04,2298,0.1,0001437749-26-030610
2026-09-17T13:59:54+00:00,2026-09-15,ACNB,ACNB CORP,ELSNER FRANK III,Director,3,65.29,250,0.0,0001628280-26-062410
2026-09-17T14:16:35+00:00,2026-09-15,SBLK,Star Bulk Carriers Corp.,Pappa Milena Maria,Director,74400,28.27,2103288,2.4,0002113812-26-000003
2026-09-17T14:16:36+00:00,2026-09-15,MXF,MEXICO FUND INC,"Saba Capital Management, L.P.",10% owner,6862,20.65,141682,0.3,0001510281-26-000305
2026-09-17T14:16:37+00:00,2026-09-15,GF,NEW GERMANY FUND INC,"Saba Capital Management, L.P.",10% owner,4840,10.91,52791,0.1,0001510281-26-000304
2026-09-17T14:16:39+00:00,2026-09-15,SBLK,Star Bulk Carriers Corp.,Pappas Alexandros,,74400,28.27,2103288,3.0,0002107497-26-000002
2026-09-17T14:45:51+00:00,2026-09-16,TPL,Texas Pacific Land Corp,HORIZON KINETICS ASSET MANAGEMENT LLC,10% owner,1,352.36,352,0.0,0001437749-26-030615
2026-09-17T14:45:52+00:00,2026-09-15,SBLK,Star Bulk Carriers Corp.,Plakantonaki Charis,Chief Strategy Officer,3000,28.27,84810,5.4,0001978604-26-000008
2026-09-17T14:45:54+00:00,2026-09-16,ISBA,ISABELLA BANK CORP,Bourland Jill,Director,7,39.40,299,0.1,0000842517-26-000220
2026-09-17T14:56:14+00:00,2026-09-15,RVSB,RIVERVIEW BANCORP INC,Wills Bessie Ross,Director,2000,5.58,11170,4.2,0001508267-26-000004
2026-09-17T15:08:33+00:00,2026-09-15,SBLK,Star Bulk Carriers Corp.,Zagari Raffaele,Director,60000,28.27,1696200,3.2,0002005037-26-000014
2026-09-17T15:23:52+00:00,2026-09-15,MPB,MID PENN BANCORP INC,RITRIEVI RORY G,"Director, President and CEO",193,37.07,7154,1.7,0001230831-26-000010
2026-09-17T16:10:06+00:00,2026-09-16,AIM,AIM ImmunoTech Inc.,Equels Thomas K,"Director, CEO & President",11000,0.21,2310,12.0,0001493152-26-043073
2026-09-17T18:23:39+00:00,2026-09-16,GIPR,"GENERATION INCOME PROPERTIES, INC.",HRT FINANCIAL LP,10% owner,6960,0.57,3995,116.0,0001475597-26-000247
2026-09-17T18:38:08+00:00,2026-09-16,USO,"United States Oil Fund, LP",HRT FINANCIAL LP,10% owner,43638,155.30,6776820,51.4,0001475597-26-000248
2026-09-17T18:52:09+00:00,2026-09-16,RVSB,RIVERVIEW BANCORP INC,Graham Stacey,Director,1750,5.70,9974,19.1,0001833500-26-000002
2026-09-17T19:53:42+00:00,2026-09-16,EML,EASTERN CO,Galbato Chan,Director,1217,25.25,30729,29.2,0000031107-26-000039
2026-09-17T19:53:43+00:00,2026-09-15,BRID,BRIDGFORD FOODS CORP,Bridgford Allan Jr.,,521,5.92,3083,1.1,0001493152-26-043108
2026-09-17T20:20:29+00:00,2026-09-15,JCTC,JEWETT CAMERON TRADING CO LTD,"AJB Investment Fund II, LP",10% owner,10000,2.89,28947,2.0,0001536588-26-000032
2026-09-17T20:20:37+00:00,2026-09-15,FGBI,"First Guaranty Bancshares, Inc.",WALKER ROBERT W,Director,4000,17.74,70960,51.9,0001437749-26-030686
2026-09-17T20:20:38+00:00,2026-09-15,BENF,Beneficient,Fletcher Derek L.,"Director, See Remarks",4717,1.06,5000,762.0,0001493152-26-043125
2026-09-17T20:20:38+00:00,2026-09-15,BENF,Beneficient,Silk James G.,Chief Executive Officer,9434,1.06,10000,0.9,0001493152-26-043124
2026-09-17T20:20:40+00:00,2026-09-15,BENF,Beneficient,CANGANY PETER T JR,Director,18868,1.06,20000,23.7,0001493152-26-043126
2026-09-17T20:20:43+00:00,2026-09-15,GPUS,"Hyperscale Data, Inc.",AULT MILTON C III,"Director, Executive Chairman, 10% owner",164500,0.18,30159,6.0,0001214659-26-011758
2026-09-17T20:20:44+00:00,2026-09-17,RVSB,RIVERVIEW BANCORP INC,Lightheart Charmaine,EVP/CRDEO,100,5.68,568,1.1,0002050978-26-000008
2026-09-17T20:20:48+00:00,2026-09-17,PLAY,"Dave & Buster's Entertainment, Inc.",Lipman Nathaniel,Director,12000,6.78,81300,64.1,0001193125-26-394355
2026-09-17T20:32:59+00:00,2026-09-15,CRBG,"Corebridge Financial, Inc.",NIPPON LIFE INSURANCE CO,10% owner,210903,35.02,7385801,0.2,0001193125-26-394389
2026-09-17T20:33:04+00:00,2026-09-15,CORZ,"Core Scientific, Inc./tx",Weiss Eric Stanton,Director,6000,16.33,97979,2.3,0000905148-26-004212
2026-09-17T20:43:45+00:00,2026-09-15,BUKS,BUTLER NATIONAL CORP,Daly Joseph Patrick,"Director, 10% owner",1500,4.00,5994,0.0,0001332596-26-000006
2026-09-17T20:52:01+00:00,2026-09-16,TUSK,"MAMMOTH ENERGY SERVICES, INC.",Plaumann Mark Lawrence,Director,5000,3.00,15000,NEW,0001628280-26-062552
2026-09-17T20:52:12+00:00,2026-09-16,SCM,Stellus Capital Investment Corp,Arnoult J Tim,Director,1000,7.97,7970,1.9,0001104659-26-108591
2026-09-17T20:59:23+00:00,2026-09-15,SKIL,Skillsoft Corp.,FRANKOLA JIM,Director,25000,5.14,128594,23.2,0001183231-26-000011
2026-09-17T20:59:25+00:00,2026-09-16,BWMX,"BETTERWARE DE MEXICO, S.A.P.I. DE C.V",CHEVALLIER SANTIAGO CAMPOS,"Director, MD Betterware Mexico",15000,16.46,246924,46.2,0001213900-26-101015
2026-09-17T20:59:26+00:00,2026-09-15,BWMX,"BETTERWARE DE MEXICO, S.A.P.I. DE C.V",Campos Luis,"Director, 10% owner",80000,16.34,1307102,0.4,0001213900-26-101014
2026-09-17T20:59:28+00:00,2026-09-15,BWMX,"BETTERWARE DE MEXICO, S.A.P.I. DE C.V",CHEVALLIER ANDRES CAMPOS,"Director, CHIEF EXECUTIVE OFFICER",45000,16.44,739785,90.0,0001213900-26-101012
2026-09-17T21:14:13+00:00,2026-09-15,MNR,MACH NATURAL RESOURCES LP,McMullen William Wallace,"Director, 10% owner",34514,11.27,388902,0.0,0001213900-26-101024
2026-09-17T21:14:24+00:00,2026-09-17,PLAY,"Dave & Buster's Entertainment, Inc.",Lipman Nathaniel,Director,12000,6.78,81300,64.1,0001193125-26-394477
2026-09-17T21:26:45+00:00,2026-09-17,RVSB,RIVERVIEW BANCORP INC,Sherman Nicole,"Director, President/CEO",1765,5.69,10042,1.1,0001322325-26-000004
2026-09-17T22:27:45+00:00,2026-09-14,ALP,Alpha Compute Corp,Villani Fiorenzo,"Director, See Remarks",26547,4.11,108987,NEW,0001171843-26-006099
2026-09-17T22:45:17+00:00,2026-09-15,XBP,"XBP Global Holdings, Inc.",Jonovic Andrej,"Director, Chief Executive Officer",31500,2.83,89145,14.8,0001104659-26-108649
2026-09-17T22:45:18+00:00,2026-09-16,DLPN,"Dolphin Entertainment, Inc.",O'Dowd William IV,"Director, Chief Executive Officer, 10% owner",4452,1.54,6856,0.8,0001553350-26-000129
2026-09-17T22:53:10+00:00,2026-09-15,XBP,"XBP Global Holdings, Inc.",CHADHA PAR,Director,204946,2.83,579997,NEW,0001104659-26-108653
2026-09-17T22:53:12+00:00,2026-09-15,XBP,"XBP Global Holdings, Inc.",Avramovic Dejan,Chief Financial Officer,8833,2.83,24997,10.4,0001104659-26-108652
2026-09-18T01:35:17+00:00,2026-09-16,TENX,"TENAX THERAPEUTICS, INC.",Doogan Declan,Director,53000,1.92,101760,2330.7,0001193125-26-394831
2026-09-18T10:52:52+00:00,2026-09-16,BZUN,Baozun Inc.,Qiu Wenbin,"Director, Chief Executive Officer",14400,2.79,40166,0.9,0001104659-26-108719
2026-09-18T11:57:44+00:00,2026-09-17,TFC,TRUIST FINANCIAL CORP,Lyons Michael P.,"Director, President & CEO",21000,48.36,1015576,NEW,0001534574-26-000016
2026-09-18T12:31:31+00:00,2026-09-17,BORR,Borr Drilling Ltd,Troim Tor Olav,Director,150000,4.38,656925,0.5,0001628280-26-062623
2026-09-18T12:47:41+00:00,2026-09-11,ECOR,"electroCore, Inc.",Fox Michael,See Remarks,5000,9.80,49003,4.0,0001493152-26-043251
2026-09-18T12:47:41+00:00,2026-09-17,AIM,AIM ImmunoTech Inc.,Equels Thomas K,"Director, CEO & President",24000,0.21,4992,23.3,0001493152-26-043246
2026-09-18T12:47:42+00:00,2026-09-16,KRMN,Karman Holdings Inc.,Stinnett David,Director,27000,37.32,1007648,0.8,0001193125-26-395098
2026-09-18T12:47:42+00:00,2026-09-16,KRMN,Karman Holdings Inc.,Petryszyn Mary D,Director,500,37.44,18719,21.2,0001193125-26-395097
2026-09-18T12:47:43+00:00,2026-09-16,KRMN,Karman Holdings Inc.,Twitty Stephen,Director,275,36.79,10117,11.6,0001193125-26-395095
2026-09-18T14:33:40+00:00,2026-09-17,GAM,GENERAL AMERICAN INVESTORS CO INC,Jin Samantha X.,Treasurer/PAO/PFO,3000,23.68,71040,NEW,0000040417-26-000048
2026-09-18T14:46:39+00:00,2026-09-18,THRY,"Thryv Holdings, Inc.",Walsh Joe,"Director, Chairman and CEO",25000,1.80,45000,3.3,0001573298-26-000026
2026-09-18T14:46:40+00:00,2026-09-04,CUEN,Cuentas Inc.,Maimon Shalom Arik,CEO,3200,0.50,1598,0.4,0001213900-26-101248
2026-09-18T15:34:15+00:00,2026-05-20,GRWG,GrowGeneration Corp.,ADAMS EULA L,Director,4000,1.67,6680,3.9,0001203535-26-000002
2026-09-18T15:55:01+00:00,2026-09-17,TPL,Texas Pacific Land Corp,HORIZON KINETICS ASSET MANAGEMENT LLC,10% owner,1,349.35,349,0.0,0001437749-26-030719
2026-09-18T16:05:15+00:00,2026-09-17,RCG,"RENN Fund, Inc.",HORIZON KINETICS ASSET MANAGEMENT LLC,10% owner,756,3.04,2298,0.1,0001437749-26-030720
2026-09-18T16:44:11+00:00,2026-09-15,BGDE,"Big Digital Energy, Inc.","Endeavor Blockchain, LLC",10% owner,1325,5.99,7936,5.1,0000912282-26-001279
2026-09-18T20:23:23+00:00,2026-09-16,HDSN,HUDSON TECHNOLOGIES INC /NY,"Hartree Partners, LP",10% owner,11136,5.10,56793,0.2,0000921895-26-002585
2026-09-18T20:23:25+00:00,2026-09-16,CRBG,"Corebridge Financial, Inc.",NIPPON LIFE INSURANCE CO,10% owner,320785,35.02,11232960,0.3,0001193125-26-395554
2026-09-18T20:34:16+00:00,2026-09-18,TH,Target Hospitality Corp.,Schrenk Troy C.,Chief Commercial Officer,5907,21.16,124992,2.8,0001712189-26-000061
2026-09-18T20:34:18+00:00,2026-09-16,TELA,"TELA Bio, Inc.",Capper Joseph H,Director,75000,1.18,88795,71.5,0001456817-26-000015
2026-09-18T20:34:19+00:00,2026-09-16,GPUS,"Hyperscale Data, Inc.",Horne William B.,"Director, Chief Executive Officer",1000,18.00,18000,20.0,0001214659-26-011803
2026-09-18T20:53:05+00:00,2026-09-17,DLHC,DLH Holdings Corp.,Mink Brook Asset Management LLC,10% owner,520,3.94,2047,0.0,0001628280-26-062758
2026-09-18T20:53:06+00:00,2026-09-17,AFCG,Advanced Flower Capital Inc.,TANNENBAUM LEONARD M,"Director, 10% owner",25000,3.50,87500,0.4,0001628280-26-062756
2026-09-18T21:16:54+00:00,2026-09-17,NONE,5C Lending Partners Corp.,LIBERTY MUTUAL HOLDING Co INC.,10% owner,398774,24.48,9761987,10.5,0001193125-26-395720
2026-09-18T21:17:09+00:00,2026-08-27,ELOG,Eastern International Ltd.,Wong Albert,"Director, Chief Executive Officer, 10% owner",200000,1.00,200000,NEW,0001493152-26-043376
2026-09-18T21:38:35+00:00,2026-09-16,THM,INTERNATIONAL TOWER HILL MINES LTD,Wiens David Victor,"Director, Chief Executive Officer",83682,2.39,199999,13.9,0001123292-26-001319
2026-09-18T21:38:37+00:00,2026-09-16,PODC,"PodcastOne, Inc.",MERRIMAN D JONATHAN,Director,7700,2.30,17710,2.2,0001213900-26-101513
2026-09-18T21:38:38+00:00,2026-09-16,LILA,Liberty Latin America Ltd.,MALONE JOHN C,10% owner,37082,20.43,757757,2.7,0000937797-26-000030
2026-09-18T21:46:47+00:00,2026-09-18,GAM,GENERAL AMERICAN INVESTORS CO INC,Priest Jeffrey W,President & CEO,4000,23.46,93840,9.8,0000040417-26-000049
2026-09-18T22:19:16+00:00,2026-09-15,CV,"CapsoVision, Inc",Shen Ching Hang,10% owner,878734,5.69,4999996,42.9,0002102304-26-000003
2026-09-18T22:19:19+00:00,2026-09-16,TBLD,Thornburg Income Builder Opportunities Trust,Kritzmire Anne W.,Director,300,20.78,6234,5.9,0001873387-26-000004
2026-09-18T23:33:14+00:00,2026-09-14,BPRE,Bluerock Private Real Estate Fund,MacDonald Ryan S,,20745,11.96,248048,468.3,0001398344-26-017226
2026-09-18T23:41:45+00:00,2026-09-17,BRID,BRIDGFORD FOODS CORP,Bridgford Allan Jr.,,1000,5.80,5800,2.0,0001493152-26-043437
2026-09-19T00:36:51+00:00,2026-09-15,RWT,REDWOOD TRUST INC,Abate Christopher J,"Director, Chief Executive Officer",100000,3.84,383900,17.3,0001104659-26-109010
2026-09-19T01:35:38+00:00,2026-09-11,FLD,"Fold Holdings, Inc.",Young Bracebridge H Jr,Director,20000,0.55,11049,39.9,0001193125-26-395881
2026-09-21T11:18:23+00:00,2026-09-17,TOFB,TOFUTTI BRANDS INC,A-6684 Ltd.,10% owner,15000,0.35,5250,2.0,0001994334-26-000015
2026-09-21T11:18:24+00:00,2026-09-18,BORR,Borr Drilling Ltd,Morand De Oliveira Bruno,Chief Executive Officer,45500,4.40,200200,4.7,0001628280-26-062804
2026-09-21T11:18:25+00:00,2026-09-18,EU,enCore Energy Corp.,SHERIFF WILLIAM M,"Director, Executive Chairman",125000,0.81,101250,NEW,0001193125-26-396060
2026-09-21T12:06:16+00:00,2026-09-16,HLEO,Helio Corp /FL/,Knauf Mark Harry,Chief Financial Officer,16246,1.49,24134,NEW,0001683168-26-007242
2026-09-21T12:51:25+00:00,2026-09-17,CBKM,CONSUMERS BANCORP INC /OH/,Lober Ralph J II,"Director, CEO & President",70,32.59,2281,0.1,0001437749-26-030775
2026-09-21T13:52:49+00:00,2026-09-17,GF,NEW GERMANY FUND INC,"Saba Capital Management, L.P.",10% owner,15443,10.84,167445,0.4,0001510281-26-000307
2026-09-21T14:16:09+00:00,2026-09-18,CULP,CULP INC,CULP ROBERT GEORGE IV,"Director, President & CEO",4874,3.78,18423,3.8,0001294280-26-000006
2026-09-21T15:19:09+00:00,2026-09-18,CTRI,"Centuri Holdings, Inc.",DeMaria Dustin,Director,5200,19.27,100204,67.2,0001981599-26-000127
2026-09-21T15:54:24+00:00,2026-09-17,LNBIX,Lincoln Bain Capital Total Credit Fund,Lincoln Financial Investments Corp,10% owner,2460629,10.16,24999999,9.7,0001193125-26-396327
2026-09-21T16:55:54+00:00,2026-09-17,RTB,"RTB Digital, Inc.",Dorsett Jason Christopher,10% owner,19000,10.36,196840,0.5,0002146263-26-000003
2026-09-21T17:05:53+00:00,2026-09-18,TPL,Texas Pacific Land Corp,HORIZON KINETICS ASSET MANAGEMENT LLC,10% owner,1,351.34,351,0.0,0001437749-26-030789
2026-09-21T17:41:04+00:00,2026-09-18,RCG,"RENN Fund, Inc.",HORIZON KINETICS ASSET MANAGEMENT LLC,10% owner,756,3.04,2298,0.1,0001437749-26-030794
2026-09-21T18:47:37+00:00,2026-09-10,ELWT,"Elauwit Connection, Inc.",Di Bartolo James P. II,Chief Financial Officer,140,7.14,999,0.2,0002129745-26-000003
2026-09-21T20:28:23+00:00,2026-09-21,RWT,REDWOOD TRUST INC,Macomber Sasha G.,Chief Human Resource Officer,4895,4.08,19967,5.4,0001758710-26-000004
2026-09-21T20:28:27+00:00,2026-09-18,PRTA,PROTHENA CORP PUBLIC LTD CO,SCULLY WILLIAM P,10% owner,100000,8.43,843460,12.1,0001045463-26-000016
2026-09-21T20:28:27+00:00,2026-09-18,BBD,BANK BRADESCO,Panico Alexandre,Executive Officer,43620,17.98,784287,30.9,0001292814-26-004619
2026-09-21T20:28:34+00:00,2026-09-18,BBD,BANK BRADESCO,de Souza Cintia Scovine Barcelos,Executive Officer,60093,17.98,1080472,27.9,0001292814-26-004617
2026-09-21T20:28:36+00:00,2026-09-21,RWT,REDWOOD TRUST INC,Stone Andrew P,Chief Legal Officer,5000,4.12,20593,2.8,0001487805-26-000004
2026-09-21T20:28:37+00:00,2026-09-18,BBD,BANK BRADESCO,Pedras Carlos Henrique Villela,Executive Officer,55850,17.98,1004183,51.8,0001292814-26-004615
2026-09-21T20:39:20+00:00,2026-09-17,SKIL,Skillsoft Corp.,HOVSEPIAN RONALD W,"Director, CEO & Executive Chair",15468,6.46,99865,4.5,0001091482-26-000015
2026-09-21T20:39:24+00:00,2026-09-17,GPI,GROUP 1 AUTOMOTIVE INC,"Conifer Management, L.L.C.",10% owner,65650,256.78,16857714,4.5,0000905148-26-004241
2026-09-21T20:39:24+00:00,2026-09-17,CRBG,"Corebridge Financial, Inc.",NIPPON LIFE INSURANCE CO,10% owner,174760,35.20,6150730,0.1,0001193125-26-396726
2026-09-21T20:39:26+00:00,2025-09-12,GHM,GRAHAM CORP,Gregorio Mauro,Director,1200,49.01,58812,NEW,0000891839-26-000409
2026-09-21T20:39:27+00:00,2026-09-17,UUU,"UNIVERSAL SAFETY PRODUCTS, INC.",AULT MILTON C III,"Director, 10% owner",200,4.86,972,2.0,0001214659-26-011835
2026-09-21T20:39:28+00:00,2026-09-17,GPUS,"Hyperscale Data, Inc.",AULT MILTON C III,"Director, Executive Chairman, 10% owner",37500,0.18,6842,1.3,0001214659-26-011836
2026-09-21T20:48:11+00:00,2026-09-18,GSAT,"Globalstar, Inc.",Monroe James III,"Director, 10% owner",361600,82.52,29839232,775.1,0001379664-26-000002
2026-09-21T21:07:10+00:00,2026-09-21,GME,GameStop Corp.,Cohen Ryan,"Director, President, CEO and Chairman",1150680,22.94,26393722,2.9,0000921895-26-002608
2026-09-21T21:07:13+00:00,2026-09-18,FBDT,"First Breach, Inc.",LEITH CHARLES KENNETH,Chief Revenue Officer,50000,0.91,45330,29.7,0001213900-26-101846
2026-09-21T21:07:16+00:00,2026-09-21,TLYS,"TILLY'S, INC.",Henry Michael,CFO,5000,4.02,20099,11.1,0001628280-26-062926
2026-09-21T21:21:15+00:00,2026-09-21,CYBN,CYBIN INC.,Halstead Michael,Chief Executive Officer,100000,13.47,1347050,145.8,0000912282-26-001293
2026-09-21T21:42:53+00:00,2026-09-18,BBD,BANK BRADESCO,da Cunha Paulo Roberto Simoes,Director,46874,17.98,842794,21.5,0001292814-26-004625
2026-09-21T22:15:46+00:00,2026-06-05,BOLT,"Bolt Biotherapeutics, Inc.",Nemec Sarah,"Senior VP, Finance and PAO",509,3.88,1972,36.0,0001193125-26-396892
2026-09-21T22:15:47+00:00,2026-06-05,BOLT,"Bolt Biotherapeutics, Inc.",Quinn William P.,"Director, President, CEO and CFO",637,3.88,2469,27.5,0001193125-26-396890
2026-09-21T22:15:51+00:00,2026-09-18,PODC,"PodcastOne, Inc.",MERRIMAN D JONATHAN,Director,6700,2.36,15812,1.9,0001213900-26-101864
2026-09-21T22:15:53+00:00,2026-09-17,GLP,GLOBAL PARTNERS LP,Global GP LLC,,10000,50.35,503550,6.2,0001339396-26-000086
2026-09-21T22:28:42+00:00,2026-09-18,CRM,"Salesforce, Inc.",Kirk David Blair,Director,4176,239.33,999450,28.7,0001108524-26-000212
2026-09-21T22:49:40+00:00,2026-09-16,EPSN,Epsilon Energy Ltd.,Stabell Jason,"Director, Chief Executive Officer",23104,5.91,136553,3.7,0001104659-26-109383
2026-09-22T00:51:58+00:00,2026-09-21,GRAB,Grab Holdings Ltd,Hungate Alexander Charles,"Director, President and COO",299571,2.89,866838,4.9,0002026373-26-000010
2026-09-22T00:51:58+00:00,2026-09-21,GRAB,Grab Holdings Ltd,Tan Anthony Ping Yeow,"Director, Chief Executive Officer",10350000,2.89,29876310,2415.4,0001896497-26-000009
2026-09-22T01:13:27+00:00,2026-09-21,GME,GameStop Corp.,Attal Alain,Director,17500,22.97,401957,2.9,0001840485-26-000008
2026-09-22T01:38:28+00:00,2026-09-17,VENU,Venu Holding Corp,Cominsky Stephen Joseph,Director,3234,1.70,5497,3.9,0001493152-26-043617
2026-09-22T01:38:30+00:00,2026-09-17,"LEN, LEN.B",LENNAR CORP /NEW/,BERKSHIRE HATHAWAY INC,10% owner,2743529,77.42,212395151,NEW,0001193125-26-397059
2026-09-22T01:38:31+00:00,2026-09-17,ENHA,Enhanced Group Inc.,Apeiron Investment Group Ltd.,"Director, 10% owner",6080047,1.15,6992054,16.3,0001193125-26-397056
2026-09-22T10:24:05+00:00,2026-09-18,BZUN,Baozun Inc.,Qiu Wenbin,"Director, Chief Executive Officer",13900,2.87,39825,0.8,0001104659-26-109444
2026-09-22T11:09:34+00:00,2026-09-21,EU,enCore Energy Corp.,Little Richard H,"Director, Chief Executive Officer",10000,1.06,10600,20.0,0001193125-26-397218
2026-09-22T11:09:35+00:00,2026-09-14,ECOR,"electroCore, Inc.",Errico Thomas J.,Director,5000,9.82,49081,1.4,0001493152-26-043640
2026-09-22T11:35:25+00:00,2026-09-22,VFF,"Village Farms International, Inc.",DEGIGLIO MICHAEL A,"Director, Chief Executive Officer",35000,2.89,101258,0.4,0001193125-26-397230
2026-09-22T12:23:49+00:00,2026-09-18,BBD,BANK BRADESCO,Pavarina Denise Pauli,Director,46874,17.98,842794,12.8,0001292814-26-004633
2026-09-22T12:23:52+00:00,2026-09-18,MCFT,"MasterCraft Boat Holdings, Inc.",LEEMPUTTE PETER G,Director,1265,19.73,24958,3.4,0001193125-26-397254
2026-09-22T12:23:53+00:00,2026-09-18,DUOT,"DUOS TECHNOLOGIES GROUP, INC.",Nixon James Craig,Director,5764,8.55,49287,7.3,0001079973-26-001266
2026-09-22T12:39:40+00:00,2026-09-18,BBD,BANK BRADESCO,Alvarez Denise Aguiar,Director,130596,17.98,2348116,2.2,0001292814-26-004635
2026-09-22T12:53:21+00:00,2026-09-18,BBD,BANK BRADESCO,Alvarez Rubens Aguiar,Director,46874,17.98,842794,21.5,0001292814-26-004638
2026-09-22T13:19:43+00:00,2026-09-18,BBD,BANK BRADESCO,Nunes Regina Helena Jorge,Director,31266,17.98,562162,NEW,0001292814-26-004644
2026-09-22T13:19:45+00:00,2026-09-18,BBD,BANK BRADESCO,Marcilio Juliano Ribeiro,Executive Officer,60779,17.98,1092806,22.7,0001292814-26-004642
2026-09-22T13:33:46+00:00,2026-09-18,HKHC,Horizon Kinetics Holding Corp,Nagelberg Allison,Director,190,26.27,4991,47.5,0001437749-26-030860
2026-09-22T13:46:50+00:00,2026-09-21,TPL,Texas Pacific Land Corp,HORIZON KINETICS ASSET MANAGEMENT LLC,10% owner,1,348.98,348,0.0,0001437749-26-030861
2026-09-22T13:46:53+00:00,2026-09-21,YORW,YORK WATER CO,Brossman Douglas S,Director,30,32.99,1000,6.3,0000108985-26-000083
2026-09-22T14:09:00+00:00,2026-09-21,FMNB,FARMERS NATIONAL BANC CORP /OH/,Richardson Gina A,Director,1430,15.35,21950,8.1,0001437749-26-030864
2026-09-22T14:09:02+00:00,2026-09-17,NYAX,Nayax Ltd.,Ben-Avi David,"Director, CTO and Co Founder",1014,42.91,43510,0.0,0001976408-26-000862
2026-09-22T14:24:11+00:00,2026-09-18,BBD,BANK BRADESCO,Bueno Julio Cesar,Executive Officer,56355,17.98,1013262,20.1,0001292814-26-004650
2026-09-22T14:24:13+00:00,2026-09-18,BBD,BANK BRADESCO,Freiberger Fernando,Executive Officer,49550,17.98,890909,26.2,0001292814-26-004648
2026-09-22T14:24:14+00:00,2026-09-22,CTTH,"CTT PHARMACEUTICAL HOLDINGS, INC.","CTT PHARMACEUTICAL HOLDINGS, INC.","Director, CEO",10100,0.04,454,1.0,0001035422-26-000013
2026-09-22T14:24:15+00:00,2026-09-18,BBD,BANK BRADESCO,Ramalho Miranda Jose Augusto,Executive Officer,63719,17.98,1145667,40.5,0001292814-26-004646
2026-09-22T14:51:23+00:00,2026-09-18,BBD,BANK BRADESCO,Tescarolo Marcos Valerio,Executive Officer,57012,17.98,1025075,23.8,0001292814-26-004652
2026-09-22T15:16:11+00:00,2026-09-18,BBD,BANK BRADESCO,de Oliveira Tulio Xavier,Executive Officer,55444,17.98,996883,6.9,0001292814-26-004662
2026-09-22T15:16:14+00:00,2026-09-18,BBD,BANK BRADESCO,Machado Silvana Rosa,Executive Officer,62048,17.98,1115623,35.8,0001292814-26-004660
2026-09-22T15:16:15+00:00,2026-09-18,BBD,BANK BRADESCO,Paris Roberto de Jesus,Executive Officer,96702,17.98,1738701,35.7,0001292814-26-004658
2026-09-22T15:16:17+00:00,2026-09-22,CULP,CULP INC,Hunsberger Mary Elizabeth,Chief Financial Officer,5000,3.60,18000,15.1,0002032661-26-000003
2026-09-22T15:16:20+00:00,2026-09-18,BBD,BANK BRADESCO,Mantarro Renata Geiser,Executive Officer,54760,17.98,984584,22.3,0001292814-26-004656
2026-09-22T15:16:23+00:00,2026-09-18,BBD,BANK BRADESCO,Fernandes Oswaldo Tadeu,Executive Officer,79782,17.98,1434480,29.7,0001292814-26-004654
2026-09-22T15:28:55+00:00,2026-09-18,BBD,BANK BRADESCO,Caffarelli Paulo Rogerio,Director,31266,17.98,562162,NEW,0001292814-26-004666
2026-09-22T15:29:00+00:00,2026-09-18,BBD,BANK BRADESCO,Favarao Vinicius Urias,Executive Officer,60492,17.98,1087646,21.5,0001292814-26-004664
2026-09-22T15:29:01+00:00,2026-09-16,WVVI,WILLAMETTE VALLEY VINEYARDS INC,RICCARDI CHRIS,Director,3600,1.88,6769,0.7,0001199835-26-000355
2026-09-22T15:50:49+00:00,2026-09-21,RCG,"RENN Fund, Inc.",HORIZON KINETICS ASSET MANAGEMENT LLC,10% owner,756,3.05,2305,0.1,0001437749-26-030869
2026-09-22T16:29:49+00:00,2026-09-18,EXPO,EXPONENT INC,Souri Shukri Jeries,Group Vice President,184,68.45,12593,0.5,0000851520-26-000101
2026-09-22T17:39:57+00:00,2026-09-21,NONE,"Fundrise Real Estate Interval Fund, LLC",Monte Mark David,Director,16,11.90,200,2.2,0001213900-26-102123
2026-09-22T18:07:45+00:00,2026-09-21,NONE,"Fundrise Income Real Estate Fund, LLC",Monte Mark David,Director,78,10.13,799,2.2,0001213900-26-102137
2026-09-22T18:07:47+00:00,2026-09-22,BUKS,BUTLER NATIONAL CORP,Daly Joseph Patrick,"Director, 10% owner",6303,4.05,25509,0.1,0001332596-26-000008
2026-09-22T18:26:19+00:00,2026-09-18,BCBP,BCB BANCORP INC,OBrien Thomas M,"Director, CHIEF EXECUTIVE OFFICER",160000,7.75,1240000,22.6,0001193125-26-397677
2026-09-22T18:26:22+00:00,2026-09-18,BCBP,BCB BANCORP INC,Chaudhry Jawad,CHIEF FINANCIAL OFFICER,10000,7.75,77500,19.0,0001193125-26-397672
2026-09-22T18:40:53+00:00,2026-09-21,NONE,"Fundrise Real Estate Interval Fund, LLC",Booth Richard Whitaker,,42,11.90,499,0.7,0001213900-26-102144
2026-09-22T18:40:57+00:00,2026-09-21,NSLR,Neostellar Capital Corp.,Klein Mark D,"Director, Chairman, CEO and President",5000,7.91,39550,0.3,0001493152-26-043697
2026-09-22T19:54:12+00:00,2026-09-21,MXF,MEXICO FUND INC,"Saba Capital Management, L.P.",10% owner,2034,21.03,42775,0.1,0001510281-26-000309
2026-09-22T20:18:36+00:00,2026-09-15,NWPP,NEW PEOPLES BANKSHARES INC,White Blaine Scott,"Director, 10% owner",5500,4.85,26680,2.1,0001903596-26-000363
2026-09-22T20:18:43+00:00,2026-09-18,JUSH,Jushi Holdings Inc.,Cacioppo James,"Director, Chief Executive Officer, 10% owner",20,0.51,10,0.0,0001628280-26-063027
2026-09-22T20:30:42+00:00,2026-09-18,CRBG,"Corebridge Financial, Inc.",NIPPON LIFE INSURANCE CO,10% owner,131333,34.88,4581512,0.1,0001193125-26-397991
2026-09-22T20:44:24+00:00,2026-09-18,SEZL,Sezzle Inc.,Hunt Bryan Cecil,Director,250,115.86,28965,6.7,0001662991-26-000158
2026-09-22T20:44:36+00:00,2026-09-18,UUU,"UNIVERSAL SAFETY PRODUCTS, INC.",AULT MILTON C III,"Director, 10% owner",100,5.01,501,1.0,0001214659-26-011872
2026-09-22T20:53:10+00:00,2026-09-21,PPTINC,"Presidio Property Trust, Inc.",Heilbron Jack Kendrick,"Director, Chief Executive Officer",300,6.21,1863,1.7,0001437749-26-030933
2026-09-22T20:53:11+00:00,2026-09-18,JCTC,JEWETT CAMERON TRADING CO LTD,"AJB Investment Fund II, LP",10% owner,882,2.90,2560,0.2,0001536588-26-000033
2026-09-22T20:53:12+00:00,2026-09-21,DLHC,DLH Holdings Corp.,Mink Brook Asset Management LLC,10% owner,475,4.00,1898,0.0,0001628280-26-063060
2026-09-22T20:53:22+00:00,2026-09-22,BFRG,"BullFrog AI Holdings, Inc.",Blacher Joshua,Chief Financial Officer,50000,0.53,26425,333.3,0001628280-26-063056
2026-09-22T20:53:23+00:00,2026-09-22,BFRG,"BullFrog AI Holdings, Inc.",Singh Vininder,"Director, Chief Executive Officer, 10% owner",75000,0.60,44917,3.2,0001628280-26-063054
2026-09-22T20:53:31+00:00,2026-09-18,TPVG,TriplePoint Venture Growth BDC Corp.,Labe James,"Director, Chief Executive Officer",313865,4.71,1477081,15.7,0001594983-26-000015
2026-09-22T21:27:34+00:00,2026-09-21,DLPN,"Dolphin Entertainment, Inc.",O'Dowd William IV,"Director, Chief Executive Officer, 10% owner",4300,1.13,4850,0.8,0001079973-26-001270
2026-09-22T22:43:33+00:00,2026-09-18,BRID,BRIDGFORD FOODS CORP,Bridgford Richard Eugene,,350,5.87,2054,11.5,0001493152-26-043773
2026-09-22T22:43:34+00:00,2026-09-18,AFCG,Advanced Flower Capital Inc.,TANNENBAUM LEONARD M,"Director, 10% owner",10000,3.49,34900,0.1,0001628280-26-063099
2026-09-23T00:20:16+00:00,2026-09-18,NONE,Fortress Private Lending Fund,Munro Lucy Lu,"Director, Chief Operating Officer",4133,24.19,99996,4750.6,0001140361-26-037358
2026-09-23T00:20:19+00:00,2026-09-21,RWAY,Runway Growth Finance Corp.,Goldthorpe Edward J.,Director,10000,6.75,67450,NEW,0001104659-26-109712
2026-09-23T00:20:20+00:00,2026-09-18,NONE,Fortress Private Lending Fund,Dreyfuss Avraham,Chief Financial Officer,4133,24.19,99996,9611.6,0001140361-26-037356
2026-09-23T00:20:21+00:00,2026-09-18,BGDE,"Big Digital Energy, Inc.","Endeavor Blockchain, LLC",10% owner,494,5.99,2959,1.8,0000912282-26-001299
2026-09-23T02:08:05+00:00,2026-09-17,NTRP,"NextTrip, Inc.",Kaplan Andrew Jay,Director,52910,1.89,99999,102.6,0001493152-26-043791
2026-09-23T11:08:36+00:00,2026-09-21,ADC,AGREE REALTY CORP,Erlich Craig,CHIEF GROWTH OFFICER,1000,67.55,67550,1.7,0001747962-26-000007
