timestamp,filing_date,ticker,asset,action,amount_low,amount_high,trade_date,lag_days,link
2026-08-28T03:56:09+00:00,2026-08-12,GS,Goldman Sachs Group Inc,BUY,1001,15000,2026-06-23,50,https://extapps2.oge.gov/201/Presiden.nsf/PAS+Index/2BF91F890F718ACB85258E5B002DE16B/$FILE/Donald-J-Trump-08.12.2026-278T.pdf
2026-08-28T03:56:09+00:00,2026-08-12,AME,Ametek Inc,BUY,15001,50000,2026-06-23,50,https://extapps2.oge.gov/201/Presiden.nsf/PAS+Index/2BF91F890F718ACB85258E5B002DE16B/$FILE/Donald-J-Trump-08.12.2026-278T.pdf
2026-08-28T03:56:09+00:00,2026-08-12,IFF,International Flavors & Fragrances Inc,BUY,1001,15000,2026-06-23,50,https://extapps2.oge.gov/201/Presiden.nsf/PAS+Index/2BF91F890F718ACB85258E5B002DE16B/$FILE/Donald-J-Trump-08.12.2026-278T.pdf
2026-08-28T03:56:09+00:00,2026-08-12,ALL,Allstate Corp,BUY,15001,50000,,,https://extapps2.oge.gov/201/Presiden.nsf/PAS+Index/2BF91F890F718ACB85258E5B002DE16B/$FILE/Donald-J-Trump-08.12.2026-278T.pdf
2026-08-28T03:56:09+00:00,2026-08-12,HWM,Howmet Aerospace Inc,BUY,15001,50000,2026-06-23,50,https://extapps2.oge.gov/201/Presiden.nsf/PAS+Index/2BF91F890F718ACB85258E5B002DE16B/$FILE/Donald-J-Trump-08.12.2026-278T.pdf
2026-08-28T03:56:09+00:00,2026-08-12,VRSK,Verisk Analytics Inc,BUY,15001,50000,2026-06-23,50,https://extapps2.oge.gov/201/Presiden.nsf/PAS+Index/2BF91F890F718ACB85258E5B002DE16B/$FILE/Donald-J-Trump-08.12.2026-278T.pdf
2026-08-28T03:56:09+00:00,2026-08-12,KLAC,Kla Corp,BUY,50001,100000,2026-06-23,50,https://extapps2.oge.gov/201/Presiden.nsf/PAS+Index/2BF91F890F718ACB85258E5B002DE16B/$FILE/Donald-J-Trump-08.12.2026-278T.pdf
2026-08-28T03:56:09+00:00,2026-08-12,EMR,Emerson Elec Co ‘,BUY,15001,50000,2026-06-23,50,https://extapps2.oge.gov/201/Presiden.nsf/PAS+Index/2BF91F890F718ACB85258E5B002DE16B/$FILE/Donald-J-Trump-08.12.2026-278T.pdf
2026-08-28T03:56:09+00:00,2026-08-12,CAT,Caterpillar Inc ___,BUY,15001,50000,2026-06-23,50,https://extapps2.oge.gov/201/Presiden.nsf/PAS+Index/2BF91F890F718ACB85258E5B002DE16B/$FILE/Donald-J-Trump-08.12.2026-278T.pdf
2026-08-28T03:56:09+00:00,2026-08-12,SPGI,S&p Global Inc,BUY,1001,15000,2026-06-23,50,https://extapps2.oge.gov/201/Presiden.nsf/PAS+Index/2BF91F890F718ACB85258E5B002DE16B/$FILE/Donald-J-Trump-08.12.2026-278T.pdf
2026-08-28T03:56:09+00:00,2026-08-12,HPE,Hewlett Packard Enterprise Co,BUY,15001,50000,2026-06-23,50,https://extapps2.oge.gov/201/Presiden.nsf/PAS+Index/2BF91F890F718ACB85258E5B002DE16B/$FILE/Donald-J-Trump-08.12.2026-278T.pdf
2026-08-28T03:56:09+00:00,2026-08-12,ISRG,Intuitive Surgical Inc __,BUY,15001,50000,2026-06-23,50,https://extapps2.oge.gov/201/Presiden.nsf/PAS+Index/2BF91F890F718ACB85258E5B002DE16B/$FILE/Donald-J-Trump-08.12.2026-278T.pdf
2026-08-28T03:56:09+00:00,2026-08-12,,‘Space Expl Technologies Corp,BUY,15001,50000,2026-06-23,50,https://extapps2.oge.gov/201/Presiden.nsf/PAS+Index/2BF91F890F718ACB85258E5B002DE16B/$FILE/Donald-J-Trump-08.12.2026-278T.pdf
2026-08-28T03:56:09+00:00,2026-08-12,,Cheniere Energy Inc,SELL,15001,50000,2026-06-23,50,https://extapps2.oge.gov/201/Presiden.nsf/PAS+Index/2BF91F890F718ACB85258E5B002DE16B/$FILE/Donald-J-Trump-08.12.2026-278T.pdf
2026-08-28T03:56:09+00:00,2026-08-12,NVDA,Nvidia Corp :,SELL,15001,50000,2026-06-23,50,https://extapps2.oge.gov/201/Presiden.nsf/PAS+Index/2BF91F890F718ACB85258E5B002DE16B/$FILE/Donald-J-Trump-08.12.2026-278T.pdf
2026-08-28T03:56:09+00:00,2026-08-12,,Simon Ppty Group Inc,SELL,15001,50000,2026-06-23,50,https://extapps2.oge.gov/201/Presiden.nsf/PAS+Index/2BF91F890F718ACB85258E5B002DE16B/$FILE/Donald-J-Trump-08.12.2026-278T.pdf
2026-08-28T03:56:09+00:00,2026-08-12,,The Trade Desk inc,SELL,1001,15000,2026-06-23,50,https://extapps2.oge.gov/201/Presiden.nsf/PAS+Index/2BF91F890F718ACB85258E5B002DE16B/$FILE/Donald-J-Trump-08.12.2026-278T.pdf
2026-08-28T03:56:09+00:00,2026-08-12,,Pnc Finl Svcs Group Inc,SELL,15001,50000,2026-06-23,50,https://extapps2.oge.gov/201/Presiden.nsf/PAS+Index/2BF91F890F718ACB85258E5B002DE16B/$FILE/Donald-J-Trump-08.12.2026-278T.pdf
2026-08-28T03:56:09+00:00,2026-08-12,SNA,Snap On Inc,SELL,15001,50000,2026-06-23,50,https://extapps2.oge.gov/201/Presiden.nsf/PAS+Index/2BF91F890F718ACB85258E5B002DE16B/$FILE/Donald-J-Trump-08.12.2026-278T.pdf
2026-08-28T03:56:09+00:00,2026-08-12,TT,Trane Technologies Plc,SELL,15001,50000,2026-06-23,50,https://extapps2.oge.gov/201/Presiden.nsf/PAS+Index/2BF91F890F718ACB85258E5B002DE16B/$FILE/Donald-J-Trump-08.12.2026-278T.pdf
2026-08-28T03:56:09+00:00,2026-08-12,HBAN,Huntington Bancshares Inc,SELL,15001,50000,2026-06-23,50,https://extapps2.oge.gov/201/Presiden.nsf/PAS+Index/2BF91F890F718ACB85258E5B002DE16B/$FILE/Donald-J-Trump-08.12.2026-278T.pdf
2026-08-28T03:56:09+00:00,2026-08-12,LIN,Linde Plc,SELL,15001,50000,2026-06-23,50,https://extapps2.oge.gov/201/Presiden.nsf/PAS+Index/2BF91F890F718ACB85258E5B002DE16B/$FILE/Donald-J-Trump-08.12.2026-278T.pdf
2026-08-28T03:56:09+00:00,2026-08-12,,Ishares Tr Global 100 Etf,BUY,500001,1000000,2026-06-15,58,https://extapps2.oge.gov/201/Presiden.nsf/PAS+Index/2BF91F890F718ACB85258E5B002DE16B/$FILE/Donald-J-Trump-08.12.2026-278T.pdf
2026-08-28T03:56:09+00:00,2026-08-12,AVGO,Broadcom Inc Com,SELL,100001,250000,2026-06-02,71,https://extapps2.oge.gov/201/Presiden.nsf/PAS+Index/2BF91F890F718ACB85258E5B002DE16B/$FILE/Donald-J-Trump-08.12.2026-278T.pdf
2026-08-28T03:56:09+00:00,2026-08-12,GE,GE AEROSPACE,BUY,250001,500000,2026-06-12,61,https://extapps2.oge.gov/201/Presiden.nsf/PAS+Index/2BF91F890F718ACB85258E5B002DE16B/$FILE/Donald-J-Trump-08.12.2026-278T.pdf
2026-08-28T03:56:09+00:00,2026-08-12,HD,HOME DEPOT INC,BUY,250001,500000,2026-06-12,61,https://extapps2.oge.gov/201/Presiden.nsf/PAS+Index/2BF91F890F718ACB85258E5B002DE16B/$FILE/Donald-J-Trump-08.12.2026-278T.pdf
2026-08-28T03:56:09+00:00,2026-08-12,WFC,WELLS FARGO & CO,BUY,250001,500000,2026-06-12,61,https://extapps2.oge.gov/201/Presiden.nsf/PAS+Index/2BF91F890F718ACB85258E5B002DE16B/$FILE/Donald-J-Trump-08.12.2026-278T.pdf
2026-08-28T03:56:09+00:00,2026-08-12,MCD,MCDONALDS CORP,BUY,100001,250000,2026-06-12,61,https://extapps2.oge.gov/201/Presiden.nsf/PAS+Index/2BF91F890F718ACB85258E5B002DE16B/$FILE/Donald-J-Trump-08.12.2026-278T.pdf
2026-08-28T03:56:09+00:00,2026-08-12,LLY,ELI LILLY & CO,BUY,100001,250000,2026-06-12,61,https://extapps2.oge.gov/201/Presiden.nsf/PAS+Index/2BF91F890F718ACB85258E5B002DE16B/$FILE/Donald-J-Trump-08.12.2026-278T.pdf
2026-08-28T03:56:09+00:00,2026-08-12,META,META PLATFORMS INC,BUY,100001,250000,2026-06-12,61,https://extapps2.oge.gov/201/Presiden.nsf/PAS+Index/2BF91F890F718ACB85258E5B002DE16B/$FILE/Donald-J-Trump-08.12.2026-278T.pdf
2026-08-28T03:56:09+00:00,2026-08-12,,a8 AT&T INC,BUY,100001,250000,2026-06-12,61,https://extapps2.oge.gov/201/Presiden.nsf/PAS+Index/2BF91F890F718ACB85258E5B002DE16B/$FILE/Donald-J-Trump-08.12.2026-278T.pdf
2026-08-28T03:56:09+00:00,2026-08-12,V,VISA INC,BUY,100001,250000,2026-06-12,61,https://extapps2.oge.gov/201/Presiden.nsf/PAS+Index/2BF91F890F718ACB85258E5B002DE16B/$FILE/Donald-J-Trump-08.12.2026-278T.pdf
2026-08-28T03:56:09+00:00,2026-08-12,ABT,ABBOTT LABORATORIES,BUY,100001,250000,2026-06-12,61,https://extapps2.oge.gov/201/Presiden.nsf/PAS+Index/2BF91F890F718ACB85258E5B002DE16B/$FILE/Donald-J-Trump-08.12.2026-278T.pdf
2026-08-28T03:56:09+00:00,2026-08-12,ISRG,INTUITIVE SURGICAL INC,BUY,100001,250000,2026-06-12,61,https://extapps2.oge.gov/201/Presiden.nsf/PAS+Index/2BF91F890F718ACB85258E5B002DE16B/$FILE/Donald-J-Trump-08.12.2026-278T.pdf
2026-08-28T03:56:09+00:00,2026-08-12,RTX,RTX CORPORATION __,BUY,100001,250000,2026-06-12,61,https://extapps2.oge.gov/201/Presiden.nsf/PAS+Index/2BF91F890F718ACB85258E5B002DE16B/$FILE/Donald-J-Trump-08.12.2026-278T.pdf
2026-08-28T03:56:09+00:00,2026-08-12,JNJ,JOHNSON & JOHNSON,BUY,100001,250000,2026-06-12,61,https://extapps2.oge.gov/201/Presiden.nsf/PAS+Index/2BF91F890F718ACB85258E5B002DE16B/$FILE/Donald-J-Trump-08.12.2026-278T.pdf
2026-08-28T03:56:09+00:00,2026-08-12,SYK,STRYKER CORP,BUY,100001,250000,2026-06-12,61,https://extapps2.oge.gov/201/Presiden.nsf/PAS+Index/2BF91F890F718ACB85258E5B002DE16B/$FILE/Donald-J-Trump-08.12.2026-278T.pdf
2026-08-28T03:56:09+00:00,2026-08-12,MDT,MEDTRONIC PLC,BUY,100001,250000,2026-06-12,61,https://extapps2.oge.gov/201/Presiden.nsf/PAS+Index/2BF91F890F718ACB85258E5B002DE16B/$FILE/Donald-J-Trump-08.12.2026-278T.pdf
2026-08-28T03:56:09+00:00,2026-08-12,MCK,MCKESSON CORP __,BUY,100001,250000,2026-06-12,61,https://extapps2.oge.gov/201/Presiden.nsf/PAS+Index/2BF91F890F718ACB85258E5B002DE16B/$FILE/Donald-J-Trump-08.12.2026-278T.pdf
2026-08-28T03:56:09+00:00,2026-08-12,MRK,MERCK & CO INC,BUY,50001,100000,2026-06-12,61,https://extapps2.oge.gov/201/Presiden.nsf/PAS+Index/2BF91F890F718ACB85258E5B002DE16B/$FILE/Donald-J-Trump-08.12.2026-278T.pdf
2026-08-28T03:56:09+00:00,2026-08-12,,JOHNSON CONTROLS INTERNATIONAL PLC,BUY,50001,100000,2026-06-12,61,https://extapps2.oge.gov/201/Presiden.nsf/PAS+Index/2BF91F890F718ACB85258E5B002DE16B/$FILE/Donald-J-Trump-08.12.2026-278T.pdf
2026-08-28T03:56:09+00:00,2026-08-12,SHW,SHERWIN WILLIAMS CO,BUY,50001,100000,2026-06-12,61,https://extapps2.oge.gov/201/Presiden.nsf/PAS+Index/2BF91F890F718ACB85258E5B002DE16B/$FILE/Donald-J-Trump-08.12.2026-278T.pdf
2026-08-28T03:56:09+00:00,2026-08-12,BSX,BOSTON SCIENTIFIC CORP,BUY,50001,100000,2026-06-12,61,https://extapps2.oge.gov/201/Presiden.nsf/PAS+Index/2BF91F890F718ACB85258E5B002DE16B/$FILE/Donald-J-Trump-08.12.2026-278T.pdf
2026-08-28T03:56:09+00:00,2026-08-12,CTAS,CINTAS CORP,BUY,50001,100000,2026-06-12,61,https://extapps2.oge.gov/201/Presiden.nsf/PAS+Index/2BF91F890F718ACB85258E5B002DE16B/$FILE/Donald-J-Trump-08.12.2026-278T.pdf
2026-08-28T03:56:09+00:00,2026-08-12,COR,CENCORA INC,BUY,50001,100000,2026-06-12,61,https://extapps2.oge.gov/201/Presiden.nsf/PAS+Index/2BF91F890F718ACB85258E5B002DE16B/$FILE/Donald-J-Trump-08.12.2026-278T.pdf
2026-08-28T03:56:09+00:00,2026-08-12,EXC,EXELON CORPORATION,BUY,50001,100000,2026-06-12,61,https://extapps2.oge.gov/201/Presiden.nsf/PAS+Index/2BF91F890F718ACB85258E5B002DE16B/$FILE/Donald-J-Trump-08.12.2026-278T.pdf
2026-08-28T03:56:09+00:00,2026-08-12,PEP,PEPSICO INC,BUY,50001,100000,2026-06-12,61,https://extapps2.oge.gov/201/Presiden.nsf/PAS+Index/2BF91F890F718ACB85258E5B002DE16B/$FILE/Donald-J-Trump-08.12.2026-278T.pdf
2026-08-28T03:56:09+00:00,2026-08-12,AMGN,AMGEN INC,BUY,15001,50000,2026-06-12,61,https://extapps2.oge.gov/201/Presiden.nsf/PAS+Index/2BF91F890F718ACB85258E5B002DE16B/$FILE/Donald-J-Trump-08.12.2026-278T.pdf
2026-08-28T03:56:09+00:00,2026-08-12,BAC,BANK OF AMERICA CORP,BUY,15001,50000,2026-06-12,61,https://extapps2.oge.gov/201/Presiden.nsf/PAS+Index/2BF91F890F718ACB85258E5B002DE16B/$FILE/Donald-J-Trump-08.12.2026-278T.pdf
2026-08-28T03:56:09+00:00,2026-08-12,GD,GENERAL DYNAMICS CORP,BUY,15001,50000,2026-06-12,61,https://extapps2.oge.gov/201/Presiden.nsf/PAS+Index/2BF91F890F718ACB85258E5B002DE16B/$FILE/Donald-J-Trump-08.12.2026-278T.pdf
2026-08-28T03:56:09+00:00,2026-08-12,RSG,REPUBLIC SERVICES INC,BUY,15001,50000,2026-06-12,61,https://extapps2.oge.gov/201/Presiden.nsf/PAS+Index/2BF91F890F718ACB85258E5B002DE16B/$FILE/Donald-J-Trump-08.12.2026-278T.pdf
2026-08-28T03:56:09+00:00,2026-08-12,,CHIPOTLE MEXICAN GRILL INC,BUY,15001,50000,2026-06-12,61,https://extapps2.oge.gov/201/Presiden.nsf/PAS+Index/2BF91F890F718ACB85258E5B002DE16B/$FILE/Donald-J-Trump-08.12.2026-278T.pdf
2026-08-28T03:56:09+00:00,2026-08-12,MSFT,MICROSOFT CORP,BUY,15001,50000,2026-06-12,61,https://extapps2.oge.gov/201/Presiden.nsf/PAS+Index/2BF91F890F718ACB85258E5B002DE16B/$FILE/Donald-J-Trump-08.12.2026-278T.pdf
2026-08-28T03:56:09+00:00,2026-08-12,PCG,PG&E CORP ___,BUY,15001,50000,2026-06-12,61,https://extapps2.oge.gov/201/Presiden.nsf/PAS+Index/2BF91F890F718ACB85258E5B002DE16B/$FILE/Donald-J-Trump-08.12.2026-278T.pdf
2026-08-28T03:56:09+00:00,2026-08-12,UAL,UNITED AIRLINES HOLDINGS INC _,BUY,15001,50000,2026-06-12,61,https://extapps2.oge.gov/201/Presiden.nsf/PAS+Index/2BF91F890F718ACB85258E5B002DE16B/$FILE/Donald-J-Trump-08.12.2026-278T.pdf
2026-08-28T03:56:09+00:00,2026-08-12,ROP,ROPER TECHNOLOGIES INC __,BUY,15001,50000,2026-06-12,61,https://extapps2.oge.gov/201/Presiden.nsf/PAS+Index/2BF91F890F718ACB85258E5B002DE16B/$FILE/Donald-J-Trump-08.12.2026-278T.pdf
2026-08-28T03:56:09+00:00,2026-08-12,KMB,KIMBERLY CLARK CORPORATION,BUY,15001,50000,2026-06-12,61,https://extapps2.oge.gov/201/Presiden.nsf/PAS+Index/2BF91F890F718ACB85258E5B002DE16B/$FILE/Donald-J-Trump-08.12.2026-278T.pdf
2026-08-28T03:56:09+00:00,2026-08-12,ZTS,ZOETIS INC,BUY,15001,50000,2026-06-12,61,https://extapps2.oge.gov/201/Presiden.nsf/PAS+Index/2BF91F890F718ACB85258E5B002DE16B/$FILE/Donald-J-Trump-08.12.2026-278T.pdf
2026-08-28T03:56:09+00:00,2026-08-12,NRG,NRG ENERGY INC,BUY,15001,50000,2026-06-12,61,https://extapps2.oge.gov/201/Presiden.nsf/PAS+Index/2BF91F890F718ACB85258E5B002DE16B/$FILE/Donald-J-Trump-08.12.2026-278T.pdf
2026-08-28T03:56:09+00:00,2026-08-12,,WILLIS TOWERS WATSON PUBLIC LIMITED COMPANY,BUY,15001,50000,2026-06-12,61,https://extapps2.oge.gov/201/Presiden.nsf/PAS+Index/2BF91F890F718ACB85258E5B002DE16B/$FILE/Donald-J-Trump-08.12.2026-278T.pdf
2026-08-28T03:56:09+00:00,2026-08-12,,JAMERICAN WTR WKS CO INC,BUY,15001,50000,2026-06-12,61,https://extapps2.oge.gov/201/Presiden.nsf/PAS+Index/2BF91F890F718ACB85258E5B002DE16B/$FILE/Donald-J-Trump-08.12.2026-278T.pdf
2026-08-28T03:56:09+00:00,2026-08-12,,FIRSTENERGY CORP,BUY,15001,50000,2026-06-12,61,https://extapps2.oge.gov/201/Presiden.nsf/PAS+Index/2BF91F890F718ACB85258E5B002DE16B/$FILE/Donald-J-Trump-08.12.2026-278T.pdf
2026-08-28T03:56:09+00:00,2026-08-12,SW,SMURFIT WESTROCK PL,BUY,15001,50000,2026-06-12,61,https://extapps2.oge.gov/201/Presiden.nsf/PAS+Index/2BF91F890F718ACB85258E5B002DE16B/$FILE/Donald-J-Trump-08.12.2026-278T.pdf
2026-08-28T03:56:09+00:00,2026-08-12,,CMS ENERGY CORP,BUY,15001,50000,2026-06-12,61,https://extapps2.oge.gov/201/Presiden.nsf/PAS+Index/2BF91F890F718ACB85258E5B002DE16B/$FILE/Donald-J-Trump-08.12.2026-278T.pdf
2026-08-28T03:56:09+00:00,2026-08-12,,MOBILE US INC,BUY,15001,50000,2026-06-12,61,https://extapps2.oge.gov/201/Presiden.nsf/PAS+Index/2BF91F890F718ACB85258E5B002DE16B/$FILE/Donald-J-Trump-08.12.2026-278T.pdf
2026-08-28T03:56:09+00:00,2026-08-12,DE,DEERE & CO ___,BUY,15001,50000,2026-06-12,61,https://extapps2.oge.gov/201/Presiden.nsf/PAS+Index/2BF91F890F718ACB85258E5B002DE16B/$FILE/Donald-J-Trump-08.12.2026-278T.pdf
2026-08-28T03:56:09+00:00,2026-08-12,,ALLIANT ENERGY CORPORATION,BUY,15001,50000,2026-06-12,61,https://extapps2.oge.gov/201/Presiden.nsf/PAS+Index/2BF91F890F718ACB85258E5B002DE16B/$FILE/Donald-J-Trump-08.12.2026-278T.pdf
2026-08-28T03:56:09+00:00,2026-08-12,MSI,MOTOROLA SOLUTIONS INC,BUY,1001,15000,2026-06-12,61,https://extapps2.oge.gov/201/Presiden.nsf/PAS+Index/2BF91F890F718ACB85258E5B002DE16B/$FILE/Donald-J-Trump-08.12.2026-278T.pdf
2026-08-28T03:56:09+00:00,2026-08-12,RCL,ROYAL CARIBBEAN GROUP ___,BUY,1001,15000,2026-06-12,61,https://extapps2.oge.gov/201/Presiden.nsf/PAS+Index/2BF91F890F718ACB85258E5B002DE16B/$FILE/Donald-J-Trump-08.12.2026-278T.pdf
2026-08-28T03:56:09+00:00,2026-08-12,AMZN,AMAZON.COM INC,SELL,100001,250000,2026-06-12,61,https://extapps2.oge.gov/201/Presiden.nsf/PAS+Index/2BF91F890F718ACB85258E5B002DE16B/$FILE/Donald-J-Trump-08.12.2026-278T.pdf
2026-08-28T03:56:09+00:00,2026-08-12,,CROWN CASTLE INC,SELL,1001,15000,2026-06-12,61,https://extapps2.oge.gov/201/Presiden.nsf/PAS+Index/2BF91F890F718ACB85258E5B002DE16B/$FILE/Donald-J-Trump-08.12.2026-278T.pdf
2026-08-28T03:56:09+00:00,2026-08-12,,SLB LIMITED,SELL,1001,15000,2026-06-12,61,https://extapps2.oge.gov/201/Presiden.nsf/PAS+Index/2BF91F890F718ACB85258E5B002DE16B/$FILE/Donald-J-Trump-08.12.2026-278T.pdf
2026-08-28T03:56:09+00:00,2026-08-12,,LSHARRIS TECHNOLOGIES INC,SELL,1001,15000,2026-06-12,61,https://extapps2.oge.gov/201/Presiden.nsf/PAS+Index/2BF91F890F718ACB85258E5B002DE16B/$FILE/Donald-J-Trump-08.12.2026-278T.pdf
2026-08-28T03:56:09+00:00,2026-08-12,SPGI,S&P GLOBAL INC,SELL,1001,15000,2026-06-12,61,https://extapps2.oge.gov/201/Presiden.nsf/PAS+Index/2BF91F890F718ACB85258E5B002DE16B/$FILE/Donald-J-Trump-08.12.2026-278T.pdf
2026-08-28T03:56:09+00:00,2026-08-12,VRTX,VERTEX PHARMACEUTICALS INC,SELL,1001,15000,2026-06-12,61,https://extapps2.oge.gov/201/Presiden.nsf/PAS+Index/2BF91F890F718ACB85258E5B002DE16B/$FILE/Donald-J-Trump-08.12.2026-278T.pdf
2026-08-28T03:56:09+00:00,2026-08-12,CVX,CHEVRON CORPORATION,SELL,1001,15000,2026-06-12,61,https://extapps2.oge.gov/201/Presiden.nsf/PAS+Index/2BF91F890F718ACB85258E5B002DE16B/$FILE/Donald-J-Trump-08.12.2026-278T.pdf
2026-08-28T03:56:09+00:00,2026-08-12,CB,CHUBB LTD COM,SELL,1001,15000,2026-06-12,61,https://extapps2.oge.gov/201/Presiden.nsf/PAS+Index/2BF91F890F718ACB85258E5B002DE16B/$FILE/Donald-J-Trump-08.12.2026-278T.pdf
2026-08-28T03:56:09+00:00,2026-08-12,COP,CONOCOPHILLIPS,SELL,1001,15000,2026-06-12,61,https://extapps2.oge.gov/201/Presiden.nsf/PAS+Index/2BF91F890F718ACB85258E5B002DE16B/$FILE/Donald-J-Trump-08.12.2026-278T.pdf
2026-08-28T03:56:09+00:00,2026-08-12,,© REILLY AUTOMOTIVE INC,SELL,1001,15000,2026-06-12,61,https://extapps2.oge.gov/201/Presiden.nsf/PAS+Index/2BF91F890F718ACB85258E5B002DE16B/$FILE/Donald-J-Trump-08.12.2026-278T.pdf
2026-08-28T03:56:09+00:00,2026-08-12,CTVA,CORTEVA INC,SELL,1001,15000,2026-06-12,61,https://extapps2.oge.gov/201/Presiden.nsf/PAS+Index/2BF91F890F718ACB85258E5B002DE16B/$FILE/Donald-J-Trump-08.12.2026-278T.pdf
2026-08-28T03:56:09+00:00,2026-08-12,,EQT CORPORATION,SELL,1001,15000,2026-06-12,61,https://extapps2.oge.gov/201/Presiden.nsf/PAS+Index/2BF91F890F718ACB85258E5B002DE16B/$FILE/Donald-J-Trump-08.12.2026-278T.pdf
2026-08-28T03:56:09+00:00,2026-08-12,,AMERICAN INTERNATIONAL GROUP INC,SELL,1001,15000,2026-06-12,61,https://extapps2.oge.gov/201/Presiden.nsf/PAS+Index/2BF91F890F718ACB85258E5B002DE16B/$FILE/Donald-J-Trump-08.12.2026-278T.pdf
2026-08-28T03:56:09+00:00,2026-08-12,WAB,WABTEC CORP,SELL,1001,15000,2026-06-12,61,https://extapps2.oge.gov/201/Presiden.nsf/PAS+Index/2BF91F890F718ACB85258E5B002DE16B/$FILE/Donald-J-Trump-08.12.2026-278T.pdf
2026-08-28T03:56:09+00:00,2026-08-12,IDXX,IDEXX LABORATORIES CORP,SELL,1001,15000,2026-06-12,61,https://extapps2.oge.gov/201/Presiden.nsf/PAS+Index/2BF91F890F718ACB85258E5B002DE16B/$FILE/Donald-J-Trump-08.12.2026-278T.pdf
2026-08-28T03:56:09+00:00,2026-08-12,XOM,EXXON MOBIL CORP,SELL,1001,15000,2026-06-12,61,https://extapps2.oge.gov/201/Presiden.nsf/PAS+Index/2BF91F890F718ACB85258E5B002DE16B/$FILE/Donald-J-Trump-08.12.2026-278T.pdf
2026-08-28T03:56:09+00:00,2026-08-12,BIIB,BIOGEN INC,SELL,1001,15000,2026-06-12,61,https://extapps2.oge.gov/201/Presiden.nsf/PAS+Index/2BF91F890F718ACB85258E5B002DE16B/$FILE/Donald-J-Trump-08.12.2026-278T.pdf
2026-08-28T03:56:09+00:00,2026-08-12,BKR,BAKER HUGHES COMPANY,SELL,1001,15000,2026-06-12,61,https://extapps2.oge.gov/201/Presiden.nsf/PAS+Index/2BF91F890F718ACB85258E5B002DE16B/$FILE/Donald-J-Trump-08.12.2026-278T.pdf
2026-08-28T03:56:09+00:00,2026-08-12,PPL,PPL CORPORATION,SELL,1001,15000,2026-06-12,61,https://extapps2.oge.gov/201/Presiden.nsf/PAS+Index/2BF91F890F718ACB85258E5B002DE16B/$FILE/Donald-J-Trump-08.12.2026-278T.pdf
2026-08-28T03:56:09+00:00,2026-08-12,DVN,DEVON ENERGY CORPORATION,SELL,1001,15000,2026-06-12,61,https://extapps2.oge.gov/201/Presiden.nsf/PAS+Index/2BF91F890F718ACB85258E5B002DE16B/$FILE/Donald-J-Trump-08.12.2026-278T.pdf
2026-08-28T03:56:09+00:00,2026-08-12,NI,NISOURCE INC _,SELL,1001,15000,2026-06-12,61,https://extapps2.oge.gov/201/Presiden.nsf/PAS+Index/2BF91F890F718ACB85258E5B002DE16B/$FILE/Donald-J-Trump-08.12.2026-278T.pdf
2026-08-28T03:56:09+00:00,2026-08-12,OMC,OMNICOM GROUP INC,SELL,1001,15000,2026-06-12,61,https://extapps2.oge.gov/201/Presiden.nsf/PAS+Index/2BF91F890F718ACB85258E5B002DE16B/$FILE/Donald-J-Trump-08.12.2026-278T.pdf
2026-08-28T03:56:09+00:00,2026-08-12,PFE,PFIZER INC,SELL,1001,15000,2026-06-12,61,https://extapps2.oge.gov/201/Presiden.nsf/PAS+Index/2BF91F890F718ACB85258E5B002DE16B/$FILE/Donald-J-Trump-08.12.2026-278T.pdf
2026-08-28T03:56:09+00:00,2026-08-12,GILD,GILEAD SCIENCES INC,SELL,1001,15000,2026-06-12,61,https://extapps2.oge.gov/201/Presiden.nsf/PAS+Index/2BF91F890F718ACB85258E5B002DE16B/$FILE/Donald-J-Trump-08.12.2026-278T.pdf
2026-08-28T03:56:09+00:00,2026-08-12,SO,SOUTHERN CO,SELL,1001,15000,2026-06-12,61,https://extapps2.oge.gov/201/Presiden.nsf/PAS+Index/2BF91F890F718ACB85258E5B002DE16B/$FILE/Donald-J-Trump-08.12.2026-278T.pdf
2026-08-28T03:56:09+00:00,2026-08-12,NEM,NEWMONT CORPORATION,SELL,1001,15000,2026-06-12,61,https://extapps2.oge.gov/201/Presiden.nsf/PAS+Index/2BF91F890F718ACB85258E5B002DE16B/$FILE/Donald-J-Trump-08.12.2026-278T.pdf
2026-08-28T03:56:09+00:00,2026-08-12,ZBH,ZIMMER BIOMET HOLDINGS INC,SELL,1001,15000,2026-06-12,61,https://extapps2.oge.gov/201/Presiden.nsf/PAS+Index/2BF91F890F718ACB85258E5B002DE16B/$FILE/Donald-J-Trump-08.12.2026-278T.pdf
2026-08-28T03:56:09+00:00,2026-08-12,,AKAMAI TECHNOLOGIES INC,SELL,1001,15000,2026-06-12,61,https://extapps2.oge.gov/201/Presiden.nsf/PAS+Index/2BF91F890F718ACB85258E5B002DE16B/$FILE/Donald-J-Trump-08.12.2026-278T.pdf
2026-08-28T03:56:09+00:00,2026-08-12,HAS,HASBRO INC,SELL,1001,15000,2026-06-12,61,https://extapps2.oge.gov/201/Presiden.nsf/PAS+Index/2BF91F890F718ACB85258E5B002DE16B/$FILE/Donald-J-Trump-08.12.2026-278T.pdf
2026-08-28T03:56:09+00:00,2026-08-12,,ARCH CAPITAL GROUP LTD,SELL,1001,15000,2026-06-12,61,https://extapps2.oge.gov/201/Presiden.nsf/PAS+Index/2BF91F890F718ACB85258E5B002DE16B/$FILE/Donald-J-Trump-08.12.2026-278T.pdf
2026-08-28T03:56:09+00:00,2026-08-12,NOC,NORTHROP GRUMMAN CORP,SELL,1001,15000,2026-06-12,61,https://extapps2.oge.gov/201/Presiden.nsf/PAS+Index/2BF91F890F718ACB85258E5B002DE16B/$FILE/Donald-J-Trump-08.12.2026-278T.pdf
2026-08-28T03:56:09+00:00,2026-08-12,,INTL FLAVORS & FRAGRANCES INC,SELL,1001,15000,2026-06-12,61,https://extapps2.oge.gov/201/Presiden.nsf/PAS+Index/2BF91F890F718ACB85258E5B002DE16B/$FILE/Donald-J-Trump-08.12.2026-278T.pdf
2026-08-28T03:56:09+00:00,2026-08-12,DGX,QUEST DIAGNOSTICS INC,SELL,1001,15000,2026-06-12,61,https://extapps2.oge.gov/201/Presiden.nsf/PAS+Index/2BF91F890F718ACB85258E5B002DE16B/$FILE/Donald-J-Trump-08.12.2026-278T.pdf
2026-08-28T03:56:09+00:00,2026-08-12,ITW,ILLINOIS TOOL WORKS INC,SELL,15001,50000,2026-06-12,61,https://extapps2.oge.gov/201/Presiden.nsf/PAS+Index/2BF91F890F718ACB85258E5B002DE16B/$FILE/Donald-J-Trump-08.12.2026-278T.pdf
2026-08-28T03:56:09+00:00,2026-08-12,PH,PARKER HANNIFIN CORP,SELL,25001,50000,2026-06-12,61,https://extapps2.oge.gov/201/Presiden.nsf/PAS+Index/2BF91F890F718ACB85258E5B002DE16B/$FILE/Donald-J-Trump-08.12.2026-278T.pdf
2026-08-28T03:56:09+00:00,2026-08-12,WAT,WATERS CORP,SELL,15001,50000,2026-06-12,61,https://extapps2.oge.gov/201/Presiden.nsf/PAS+Index/2BF91F890F718ACB85258E5B002DE16B/$FILE/Donald-J-Trump-08.12.2026-278T.pdf
2026-08-28T03:56:09+00:00,2026-08-12,EA,ELECTRONIC ARTS INC,SELL,15001,50000,2026-06-12,61,https://extapps2.oge.gov/201/Presiden.nsf/PAS+Index/2BF91F890F718ACB85258E5B002DE16B/$FILE/Donald-J-Trump-08.12.2026-278T.pdf
2026-08-28T03:56:09+00:00,2026-08-12,,JALBEMARLE CORPORATION,SELL,15001,50000,2026-06-12,61,https://extapps2.oge.gov/201/Presiden.nsf/PAS+Index/2BF91F890F718ACB85258E5B002DE16B/$FILE/Donald-J-Trump-08.12.2026-278T.pdf
2026-08-28T03:56:09+00:00,2026-08-12,IR,INGERSOLL RAND INC,SELL,15001,50000,2026-06-12,61,https://extapps2.oge.gov/201/Presiden.nsf/PAS+Index/2BF91F890F718ACB85258E5B002DE16B/$FILE/Donald-J-Trump-08.12.2026-278T.pdf
2026-08-28T03:56:09+00:00,2026-08-12,XYL,XYLEM INC,SELL,15001,50000,2026-06-12,61,https://extapps2.oge.gov/201/Presiden.nsf/PAS+Index/2BF91F890F718ACB85258E5B002DE16B/$FILE/Donald-J-Trump-08.12.2026-278T.pdf
2026-08-28T03:56:09+00:00,2026-08-12,EG,EVEREST GROUP LTD,SELL,15001,50000,2026-06-12,61,https://extapps2.oge.gov/201/Presiden.nsf/PAS+Index/2BF91F890F718ACB85258E5B002DE16B/$FILE/Donald-J-Trump-08.12.2026-278T.pdf
2026-08-28T03:56:09+00:00,2026-08-12,,us HCA HEALTHCARE INC,SELL,15001,50000,2026-06-12,61,https://extapps2.oge.gov/201/Presiden.nsf/PAS+Index/2BF91F890F718ACB85258E5B002DE16B/$FILE/Donald-J-Trump-08.12.2026-278T.pdf
2026-08-28T03:56:09+00:00,2026-08-12,ATO,ATMOS ENERGY CORP,SELL,15001,50000,2026-06-12,61,https://extapps2.oge.gov/201/Presiden.nsf/PAS+Index/2BF91F890F718ACB85258E5B002DE16B/$FILE/Donald-J-Trump-08.12.2026-278T.pdf
2026-08-28T03:56:09+00:00,2026-08-12,OTIS,OTIS WORLDWIDE CORPORATION,SELL,15001,50000,2026-06-12,61,https://extapps2.oge.gov/201/Presiden.nsf/PAS+Index/2BF91F890F718ACB85258E5B002DE16B/$FILE/Donald-J-Trump-08.12.2026-278T.pdf
2026-08-28T03:56:09+00:00,2026-08-12,,VERALTO CORPORATION,SELL,15001,50000,2026-06-12,61,https://extapps2.oge.gov/201/Presiden.nsf/PAS+Index/2BF91F890F718ACB85258E5B002DE16B/$FILE/Donald-J-Trump-08.12.2026-278T.pdf
2026-08-28T03:56:09+00:00,2026-08-12,FI,FISERV INC,SELL,15001,50000,2026-06-12,61,https://extapps2.oge.gov/201/Presiden.nsf/PAS+Index/2BF91F890F718ACB85258E5B002DE16B/$FILE/Donald-J-Trump-08.12.2026-278T.pdf
2026-08-28T03:56:09+00:00,2026-08-12,BDX,BECTON DICKINSON & CO,SELL,15001,50000,2026-06-12,61,https://extapps2.oge.gov/201/Presiden.nsf/PAS+Index/2BF91F890F718ACB85258E5B002DE16B/$FILE/Donald-J-Trump-08.12.2026-278T.pdf
2026-08-28T03:56:09+00:00,2026-08-12,TSLA,TESLA INC,SELL,15001,50000,2026-06-12,61,https://extapps2.oge.gov/201/Presiden.nsf/PAS+Index/2BF91F890F718ACB85258E5B002DE16B/$FILE/Donald-J-Trump-08.12.2026-278T.pdf
2026-08-28T03:56:09+00:00,2026-08-12,VICI,VICI PROPERTIES INC,SELL,15001,50000,2026-06-12,61,https://extapps2.oge.gov/201/Presiden.nsf/PAS+Index/2BF91F890F718ACB85258E5B002DE16B/$FILE/Donald-J-Trump-08.12.2026-278T.pdf
2026-08-28T03:56:09+00:00,2026-08-12,,MARTIN MARIETTA MATERIALS INC,SELL,15001,50000,2026-06-12,61,https://extapps2.oge.gov/201/Presiden.nsf/PAS+Index/2BF91F890F718ACB85258E5B002DE16B/$FILE/Donald-J-Trump-08.12.2026-278T.pdf
2026-08-28T03:56:09+00:00,2026-08-12,CBRE,CBRE GROUP INC,SELL,15001,50000,2026-06-12,61,https://extapps2.oge.gov/201/Presiden.nsf/PAS+Index/2BF91F890F718ACB85258E5B002DE16B/$FILE/Donald-J-Trump-08.12.2026-278T.pdf
2026-08-28T03:56:09+00:00,2026-08-12,ADSK,AUTODESK INC,SELL,15001,50000,2026-06-12,61,https://extapps2.oge.gov/201/Presiden.nsf/PAS+Index/2BF91F890F718ACB85258E5B002DE16B/$FILE/Donald-J-Trump-08.12.2026-278T.pdf
2026-08-28T03:56:09+00:00,2026-08-12,,TRADE DESK INC,SELL,15001,50000,2026-06-12,61,https://extapps2.oge.gov/201/Presiden.nsf/PAS+Index/2BF91F890F718ACB85258E5B002DE16B/$FILE/Donald-J-Trump-08.12.2026-278T.pdf
2026-08-28T03:56:09+00:00,2026-08-12,BA,BOEING CO,SELL,50001,100000,2026-06-12,61,https://extapps2.oge.gov/201/Presiden.nsf/PAS+Index/2BF91F890F718ACB85258E5B002DE16B/$FILE/Donald-J-Trump-08.12.2026-278T.pdf
2026-08-28T03:56:09+00:00,2026-08-12,MCO,MOODYS CORP,SELL,50001,100000,2026-06-12,61,https://extapps2.oge.gov/201/Presiden.nsf/PAS+Index/2BF91F890F718ACB85258E5B002DE16B/$FILE/Donald-J-Trump-08.12.2026-278T.pdf
2026-08-28T03:56:09+00:00,2026-08-12,AZO,AUTOZONE INC,SELL,50001,100000,,,https://extapps2.oge.gov/201/Presiden.nsf/PAS+Index/2BF91F890F718ACB85258E5B002DE16B/$FILE/Donald-J-Trump-08.12.2026-278T.pdf
2026-08-28T03:56:09+00:00,2026-08-12,TT,TRANE TECHNOLOGIES,SELL,50001,100000,,,https://extapps2.oge.gov/201/Presiden.nsf/PAS+Index/2BF91F890F718ACB85258E5B002DE16B/$FILE/Donald-J-Trump-08.12.2026-278T.pdf
2026-08-28T03:56:09+00:00,2026-08-12,ABNB,AIRBNB INC,SELL,50001,100000,,,https://extapps2.oge.gov/201/Presiden.nsf/PAS+Index/2BF91F890F718ACB85258E5B002DE16B/$FILE/Donald-J-Trump-08.12.2026-278T.pdf
2026-08-28T03:56:09+00:00,2026-08-12,,HARTFORD INSURANCE GROUP INC,SELL,50001,100000,,,https://extapps2.oge.gov/201/Presiden.nsf/PAS+Index/2BF91F890F718ACB85258E5B002DE16B/$FILE/Donald-J-Trump-08.12.2026-278T.pdf
2026-08-28T03:56:09+00:00,2026-08-12,,THE TRAVELERS COMPANIES INC,SELL,50001,100000,,,https://extapps2.oge.gov/201/Presiden.nsf/PAS+Index/2BF91F890F718ACB85258E5B002DE16B/$FILE/Donald-J-Trump-08.12.2026-278T.pdf
2026-08-28T03:56:09+00:00,2026-08-12,TSN,TYSON FOODS INC,SELL,50001,100000,,,https://extapps2.oge.gov/201/Presiden.nsf/PAS+Index/2BF91F890F718ACB85258E5B002DE16B/$FILE/Donald-J-Trump-08.12.2026-278T.pdf
2026-08-28T03:56:09+00:00,2026-08-12,,CIENA CORPORATION,SELL,50001,100000,,,https://extapps2.oge.gov/201/Presiden.nsf/PAS+Index/2BF91F890F718ACB85258E5B002DE16B/$FILE/Donald-J-Trump-08.12.2026-278T.pdf
2026-08-28T03:56:09+00:00,2026-08-12,NFLX,NETFLIX INC,SELL,50001,100000,,,https://extapps2.oge.gov/201/Presiden.nsf/PAS+Index/2BF91F890F718ACB85258E5B002DE16B/$FILE/Donald-J-Trump-08.12.2026-278T.pdf
2026-08-28T03:56:09+00:00,2026-08-12,NSC,NORFOLK SOUTHERN CORP,SELL,50001,100000,,,https://extapps2.oge.gov/201/Presiden.nsf/PAS+Index/2BF91F890F718ACB85258E5B002DE16B/$FILE/Donald-J-Trump-08.12.2026-278T.pdf
2026-08-28T03:56:09+00:00,2026-08-12,,CRH PUBLIC LIMITED COMPANY,SELL,50001,100000,,,https://extapps2.oge.gov/201/Presiden.nsf/PAS+Index/2BF91F890F718ACB85258E5B002DE16B/$FILE/Donald-J-Trump-08.12.2026-278T.pdf
2026-08-28T03:56:09+00:00,2026-08-12,CPRT,COPART INC,SELL,50001,100000,,,https://extapps2.oge.gov/201/Presiden.nsf/PAS+Index/2BF91F890F718ACB85258E5B002DE16B/$FILE/Donald-J-Trump-08.12.2026-278T.pdf
2026-08-28T03:56:09+00:00,2026-08-12,ADBE,ADOBE INC,SELL,50001,100000,,,https://extapps2.oge.gov/201/Presiden.nsf/PAS+Index/2BF91F890F718ACB85258E5B002DE16B/$FILE/Donald-J-Trump-08.12.2026-278T.pdf
2026-08-28T03:56:09+00:00,2026-08-12,SNPS,SYNOPSYS INC,SELL,50001,100000,,,https://extapps2.oge.gov/201/Presiden.nsf/PAS+Index/2BF91F890F718ACB85258E5B002DE16B/$FILE/Donald-J-Trump-08.12.2026-278T.pdf
2026-08-28T03:56:09+00:00,2026-08-12,CL,COLGATE PALMOLIVE COMPANY,SELL,50001,100000,,,https://extapps2.oge.gov/201/Presiden.nsf/PAS+Index/2BF91F890F718ACB85258E5B002DE16B/$FILE/Donald-J-Trump-08.12.2026-278T.pdf
2026-08-28T03:56:09+00:00,2026-08-12,KR,KROGER CO,SELL,100001,250000,,,https://extapps2.oge.gov/201/Presiden.nsf/PAS+Index/2BF91F890F718ACB85258E5B002DE16B/$FILE/Donald-J-Trump-08.12.2026-278T.pdf
2026-08-28T03:56:09+00:00,2026-08-12,INTU,INTUIT INC,SELL,100001,250000,,,https://extapps2.oge.gov/201/Presiden.nsf/PAS+Index/2BF91F890F718ACB85258E5B002DE16B/$FILE/Donald-J-Trump-08.12.2026-278T.pdf
2026-08-28T03:56:09+00:00,2026-08-12,CME,CME GROUP INC,SELL,100001,250000,,,https://extapps2.oge.gov/201/Presiden.nsf/PAS+Index/2BF91F890F718ACB85258E5B002DE16B/$FILE/Donald-J-Trump-08.12.2026-278T.pdf
2026-08-28T03:56:09+00:00,2026-08-12,PGR,PROGRESSIVE CORP,SELL,100001,250000,,,https://extapps2.oge.gov/201/Presiden.nsf/PAS+Index/2BF91F890F718ACB85258E5B002DE16B/$FILE/Donald-J-Trump-08.12.2026-278T.pdf
2026-08-28T03:56:09+00:00,2026-08-12,,REGENERON PHARMACEUTICALS INC,SELL,100001,250000,,,https://extapps2.oge.gov/201/Presiden.nsf/PAS+Index/2BF91F890F718ACB85258E5B002DE16B/$FILE/Donald-J-Trump-08.12.2026-278T.pdf
2026-08-28T03:56:09+00:00,2026-08-12,ADBE,ADOBE INC,BUY,500001,1000000,,,https://extapps2.oge.gov/201/Presiden.nsf/PAS+Index/2BF91F890F718ACB85258E5B002DE16B/$FILE/Donald-J-Trump-08.12.2026-278T.pdf
2026-08-28T03:56:09+00:00,2026-08-12,HD,HOME DEPOT INC ___,BUY,500001,1000000,2026-06-18,55,https://extapps2.oge.gov/201/Presiden.nsf/PAS+Index/2BF91F890F718ACB85258E5B002DE16B/$FILE/Donald-J-Trump-08.12.2026-278T.pdf
2026-08-28T03:56:09+00:00,2026-08-12,BA,BOEING PANY,BUY,250001,500000,2026-06-18,55,https://extapps2.oge.gov/201/Presiden.nsf/PAS+Index/2BF91F890F718ACB85258E5B002DE16B/$FILE/Donald-J-Trump-08.12.2026-278T.pdf
2026-08-28T03:56:09+00:00,2026-08-12,TYL,TYLER TECHNOLOGIES INC,BUY,250001,500000,2026-06-18,55,https://extapps2.oge.gov/201/Presiden.nsf/PAS+Index/2BF91F890F718ACB85258E5B002DE16B/$FILE/Donald-J-Trump-08.12.2026-278T.pdf
2026-08-28T03:56:09+00:00,2026-08-12,PAYX,PAYCHEX INC,BUY,250001,500000,2026-06-18,55,https://extapps2.oge.gov/201/Presiden.nsf/PAS+Index/2BF91F890F718ACB85258E5B002DE16B/$FILE/Donald-J-Trump-08.12.2026-278T.pdf
2026-08-28T03:56:09+00:00,2026-08-12,SYK,STRYKER CORP,BUY,250001,500000,2026-06-18,55,https://extapps2.oge.gov/201/Presiden.nsf/PAS+Index/2BF91F890F718ACB85258E5B002DE16B/$FILE/Donald-J-Trump-08.12.2026-278T.pdf
2026-08-28T03:56:09+00:00,2026-08-12,PG,PROCTER & GAMBLE PANY,BUY,250001,500000,2026-06-18,55,https://extapps2.oge.gov/201/Presiden.nsf/PAS+Index/2BF91F890F718ACB85258E5B002DE16B/$FILE/Donald-J-Trump-08.12.2026-278T.pdf
2026-08-28T03:56:09+00:00,2026-08-12,INTU,INTUIT,BUY,250001,500000,2026-06-18,55,https://extapps2.oge.gov/201/Presiden.nsf/PAS+Index/2BF91F890F718ACB85258E5B002DE16B/$FILE/Donald-J-Trump-08.12.2026-278T.pdf
2026-08-28T03:56:09+00:00,2026-08-12,,FACTSET RESH SYS INC,BUY,250001,500000,2026-06-18,55,https://extapps2.oge.gov/201/Presiden.nsf/PAS+Index/2BF91F890F718ACB85258E5B002DE16B/$FILE/Donald-J-Trump-08.12.2026-278T.pdf
2026-08-28T03:56:09+00:00,2026-08-12,CRWD,CROWDSTRIKE HLDGS INC,BUY,100001,250000,2026-06-18,55,https://extapps2.oge.gov/201/Presiden.nsf/PAS+Index/2BF91F890F718ACB85258E5B002DE16B/$FILE/Donald-J-Trump-08.12.2026-278T.pdf
2026-08-28T03:56:09+00:00,2026-08-12,PANW,PALO ALTO NETWORKS INC,BUY,100001,250000,2026-06-18,55,https://extapps2.oge.gov/201/Presiden.nsf/PAS+Index/2BF91F890F718ACB85258E5B002DE16B/$FILE/Donald-J-Trump-08.12.2026-278T.pdf
2026-08-28T03:56:09+00:00,2026-08-12,NOW,SERVICENOW INC,BUY,100001,250000,2026-06-18,55,https://extapps2.oge.gov/201/Presiden.nsf/PAS+Index/2BF91F890F718ACB85258E5B002DE16B/$FILE/Donald-J-Trump-08.12.2026-278T.pdf
2026-08-28T03:56:09+00:00,2026-08-12,CLX,CLOROX PANY,BUY,100001,250000,2026-06-18,55,https://extapps2.oge.gov/201/Presiden.nsf/PAS+Index/2BF91F890F718ACB85258E5B002DE16B/$FILE/Donald-J-Trump-08.12.2026-278T.pdf
2026-08-28T03:56:09+00:00,2026-08-12,,AXON ENTERPRISE INC,BUY,100001,250000,2026-06-18,55,https://extapps2.oge.gov/201/Presiden.nsf/PAS+Index/2BF91F890F718ACB85258E5B002DE16B/$FILE/Donald-J-Trump-08.12.2026-278T.pdf
2026-08-28T03:56:09+00:00,2026-08-12,,APPLOVIN CORP,BUY,50001,100000,2026-06-18,55,https://extapps2.oge.gov/201/Presiden.nsf/PAS+Index/2BF91F890F718ACB85258E5B002DE16B/$FILE/Donald-J-Trump-08.12.2026-278T.pdf
2026-08-28T03:56:09+00:00,2026-08-12,CRM,Salesforce Inc,BUY,50001,100000,2026-06-18,55,https://extapps2.oge.gov/201/Presiden.nsf/PAS+Index/2BF91F890F718ACB85258E5B002DE16B/$FILE/Donald-J-Trump-08.12.2026-278T.pdf
2026-08-28T03:56:09+00:00,2026-08-12,,CHIPOTLE MEXICAN GRILL INC,BUY,50001,100000,2026-06-18,55,https://extapps2.oge.gov/201/Presiden.nsf/PAS+Index/2BF91F890F718ACB85258E5B002DE16B/$FILE/Donald-J-Trump-08.12.2026-278T.pdf
2026-08-28T03:56:09+00:00,2026-08-12,,BROADRIDGE FINL SOLUTIONS INC,BUY,15001,50000,2026-06-18,55,https://extapps2.oge.gov/201/Presiden.nsf/PAS+Index/2BF91F890F718ACB85258E5B002DE16B/$FILE/Donald-J-Trump-08.12.2026-278T.pdf
2026-08-28T03:56:09+00:00,2026-08-12,BAC,BANK OF AMERICA CORPORATION,BUY,15001,50000,2026-06-01,72,https://extapps2.oge.gov/201/Presiden.nsf/PAS+Index/2BF91F890F718ACB85258E5B002DE16B/$FILE/Donald-J-Trump-08.12.2026-278T.pdf
2026-08-28T03:56:09+00:00,2026-08-12,,VERTIV HOLDINGS CO,BUY,2001,15000,2026-06-18,55,https://extapps2.oge.gov/201/Presiden.nsf/PAS+Index/2BF91F890F718ACB85258E5B002DE16B/$FILE/Donald-J-Trump-08.12.2026-278T.pdf
2026-08-28T03:56:09+00:00,2026-08-12,IP,INTERNATIONAL PAPER,BUY,1001,15000,2026-06-18,55,https://extapps2.oge.gov/201/Presiden.nsf/PAS+Index/2BF91F890F718ACB85258E5B002DE16B/$FILE/Donald-J-Trump-08.12.2026-278T.pdf
2026-08-28T03:56:09+00:00,2026-08-12,,LULULEMON ATHLETICA INC,SELL,1001,15000,2026-06-18,55,https://extapps2.oge.gov/201/Presiden.nsf/PAS+Index/2BF91F890F718ACB85258E5B002DE16B/$FILE/Donald-J-Trump-08.12.2026-278T.pdf
2026-08-28T03:56:09+00:00,2026-08-12,,FIDELITY NATL INFORMATION SVCS INC,SELL,15001,50000,2026-06-18,55,https://extapps2.oge.gov/201/Presiden.nsf/PAS+Index/2BF91F890F718ACB85258E5B002DE16B/$FILE/Donald-J-Trump-08.12.2026-278T.pdf
2026-08-28T03:56:09+00:00,2026-08-12,TRMB,TRIMBLE NAV LTD,SELL,15001,50000,2026-06-18,55,https://extapps2.oge.gov/201/Presiden.nsf/PAS+Index/2BF91F890F718ACB85258E5B002DE16B/$FILE/Donald-J-Trump-08.12.2026-278T.pdf
2026-08-28T03:56:09+00:00,2026-08-12,IT,GARTNER GROUP INC,SELL,50001,100000,2026-06-18,55,https://extapps2.oge.gov/201/Presiden.nsf/PAS+Index/2BF91F890F718ACB85258E5B002DE16B/$FILE/Donald-J-Trump-08.12.2026-278T.pdf
2026-08-28T03:56:09+00:00,2026-08-12,,HENRY JACK & ASSOC INC,SELL,50001,100000,2026-06-18,55,https://extapps2.oge.gov/201/Presiden.nsf/PAS+Index/2BF91F890F718ACB85258E5B002DE16B/$FILE/Donald-J-Trump-08.12.2026-278T.pdf
2026-08-28T03:56:09+00:00,2026-08-12,,GLOBAL PMTS INC,SELL,50001,100000,2026-06-18,55,https://extapps2.oge.gov/201/Presiden.nsf/PAS+Index/2BF91F890F718ACB85258E5B002DE16B/$FILE/Donald-J-Trump-08.12.2026-278T.pdf
2026-08-28T03:56:09+00:00,2026-08-12,,KKR & CO INC,SELL,50001,100000,2026-06-18,55,https://extapps2.oge.gov/201/Presiden.nsf/PAS+Index/2BF91F890F718ACB85258E5B002DE16B/$FILE/Donald-J-Trump-08.12.2026-278T.pdf
2026-08-28T03:56:09+00:00,2026-08-12,CEG,CONSTELLATION ENERGY CORP,SELL,50001,100000,2026-06-18,55,https://extapps2.oge.gov/201/Presiden.nsf/PAS+Index/2BF91F890F718ACB85258E5B002DE16B/$FILE/Donald-J-Trump-08.12.2026-278T.pdf
2026-08-28T03:56:09+00:00,2026-08-12,SBAC,SBA COMMUNICATION CORP,SELL,100001,250000,2026-06-18,55,https://extapps2.oge.gov/201/Presiden.nsf/PAS+Index/2BF91F890F718ACB85258E5B002DE16B/$FILE/Donald-J-Trump-08.12.2026-278T.pdf
2026-08-28T03:56:09+00:00,2026-08-12,,COINBASE GLOBAL INC,SELL,100001,250000,2026-06-18,55,https://extapps2.oge.gov/201/Presiden.nsf/PAS+Index/2BF91F890F718ACB85258E5B002DE16B/$FILE/Donald-J-Trump-08.12.2026-278T.pdf
2026-08-28T03:56:09+00:00,2026-08-12,,“Tinian FISHER CORP,SELL,250001,500000,2026-06-18,55,https://extapps2.oge.gov/201/Presiden.nsf/PAS+Index/2BF91F890F718ACB85258E5B002DE16B/$FILE/Donald-J-Trump-08.12.2026-278T.pdf
2026-08-28T03:56:09+00:00,2026-08-12,,BROWN & BROWN INC,SELL,250001,500000,2026-06-18,55,https://extapps2.oge.gov/201/Presiden.nsf/PAS+Index/2BF91F890F718ACB85258E5B002DE16B/$FILE/Donald-J-Trump-08.12.2026-278T.pdf
2026-08-28T03:56:09+00:00,2026-08-12,EFX,EQUIFAX INC,SELL,250001,500000,2026-06-18,55,https://extapps2.oge.gov/201/Presiden.nsf/PAS+Index/2BF91F890F718ACB85258E5B002DE16B/$FILE/Donald-J-Trump-08.12.2026-278T.pdf
2026-08-28T03:56:09+00:00,2026-08-12,,ABBOTT LABS INC,SELL,250001,500000,2026-06-18,55,https://extapps2.oge.gov/201/Presiden.nsf/PAS+Index/2BF91F890F718ACB85258E5B002DE16B/$FILE/Donald-J-Trump-08.12.2026-278T.pdf
2026-08-28T03:56:09+00:00,2026-08-12,NFLX,NETFLIX INC,SELL,500001,1000000,2026-06-18,55,https://extapps2.oge.gov/201/Presiden.nsf/PAS+Index/2BF91F890F718ACB85258E5B002DE16B/$FILE/Donald-J-Trump-08.12.2026-278T.pdf
2026-08-28T03:56:09+00:00,2026-08-12,SPGI,S&P GLOBAL INC,SELL,500001,1000000,2026-06-18,55,https://extapps2.oge.gov/201/Presiden.nsf/PAS+Index/2BF91F890F718ACB85258E5B002DE16B/$FILE/Donald-J-Trump-08.12.2026-278T.pdf
2026-08-28T03:56:09+00:00,2026-08-12,MCD,MCDONALDS CORP,SELL,500001,1000000,2026-06-18,55,https://extapps2.oge.gov/201/Presiden.nsf/PAS+Index/2BF91F890F718ACB85258E5B002DE16B/$FILE/Donald-J-Trump-08.12.2026-278T.pdf
2026-08-28T03:56:09+00:00,2026-08-12,,ICME GROUP INC,SELL,500001,1000000,2026-06-18,55,https://extapps2.oge.gov/201/Presiden.nsf/PAS+Index/2BF91F890F718ACB85258E5B002DE16B/$FILE/Donald-J-Trump-08.12.2026-278T.pdf
2026-08-28T03:56:09+00:00,2026-08-12,ROP,"ROPER TECHNOLOGIES, INC",SELL,500001,1000000,2026-06-18,55,https://extapps2.oge.gov/201/Presiden.nsf/PAS+Index/2BF91F890F718ACB85258E5B002DE16B/$FILE/Donald-J-Trump-08.12.2026-278T.pdf
2026-08-28T03:56:09+00:00,2026-08-12,,PALANTIR TECHNOLOGIES INC,SELL,500001,1000000,2026-06-18,55,https://extapps2.oge.gov/201/Presiden.nsf/PAS+Index/2BF91F890F718ACB85258E5B002DE16B/$FILE/Donald-J-Trump-08.12.2026-278T.pdf
2026-08-28T03:56:09+00:00,2026-08-12,MSI,MOTOROLA SOLUTIONS INC,SELL,1000001,5000000,2026-06-18,55,https://extapps2.oge.gov/201/Presiden.nsf/PAS+Index/2BF91F890F718ACB85258E5B002DE16B/$FILE/Donald-J-Trump-08.12.2026-278T.pdf
2026-08-28T03:56:09+00:00,2026-08-12,META,"Meta Platforms, Inc",SELL,1000001,5000000,2026-06-18,55,https://extapps2.oge.gov/201/Presiden.nsf/PAS+Index/2BF91F890F718ACB85258E5B002DE16B/$FILE/Donald-J-Trump-08.12.2026-278T.pdf
2026-08-28T03:56:09+00:00,2026-08-12,HD,HOME DEPOT INC,BUY,250001,500000,2026-06-15,58,https://extapps2.oge.gov/201/Presiden.nsf/PAS+Index/2BF91F890F718ACB85258E5B002DE16B/$FILE/Donald-J-Trump-08.12.2026-278T.pdf
2026-08-28T03:56:09+00:00,2026-08-12,NVDA,NVIDIA CORP,BUY,100001,250000,2026-06-15,58,https://extapps2.oge.gov/201/Presiden.nsf/PAS+Index/2BF91F890F718ACB85258E5B002DE16B/$FILE/Donald-J-Trump-08.12.2026-278T.pdf
2026-08-28T03:56:09+00:00,2026-08-12,META,META PLATFORMS INC CL A,BUY,100001,250000,2026-06-15,58,https://extapps2.oge.gov/201/Presiden.nsf/PAS+Index/2BF91F890F718ACB85258E5B002DE16B/$FILE/Donald-J-Trump-08.12.2026-278T.pdf
2026-08-28T03:56:09+00:00,2026-08-12,TSLA,TESLA INC,BUY,100001,250000,2026-06-15,58,https://extapps2.oge.gov/201/Presiden.nsf/PAS+Index/2BF91F890F718ACB85258E5B002DE16B/$FILE/Donald-J-Trump-08.12.2026-278T.pdf
2026-08-28T03:56:09+00:00,2026-08-12,,INTL BUSINESS MACHINES CORP,BUY,100001,250000,2026-06-15,58,https://extapps2.oge.gov/201/Presiden.nsf/PAS+Index/2BF91F890F718ACB85258E5B002DE16B/$FILE/Donald-J-Trump-08.12.2026-278T.pdf
2026-08-28T03:56:09+00:00,2026-08-12,QCOM,QUALCOMM INC,BUY,100001,250000,2026-06-15,58,https://extapps2.oge.gov/201/Presiden.nsf/PAS+Index/2BF91F890F718ACB85258E5B002DE16B/$FILE/Donald-J-Trump-08.12.2026-278T.pdf
2026-08-28T03:56:09+00:00,2026-08-12,CVX,CHEVRON CORP,BUY,50001,100000,2026-06-15,58,https://extapps2.oge.gov/201/Presiden.nsf/PAS+Index/2BF91F890F718ACB85258E5B002DE16B/$FILE/Donald-J-Trump-08.12.2026-278T.pdf
2026-08-28T03:56:09+00:00,2026-08-12,MRK,MERCK & COMPANY INC,BUY,50001,100000,2026-06-15,58,https://extapps2.oge.gov/201/Presiden.nsf/PAS+Index/2BF91F890F718ACB85258E5B002DE16B/$FILE/Donald-J-Trump-08.12.2026-278T.pdf
2026-08-28T03:56:09+00:00,2026-08-12,BLK,BLACKROCK FDG INC,BUY,50001,100000,2026-06-15,58,https://extapps2.oge.gov/201/Presiden.nsf/PAS+Index/2BF91F890F718ACB85258E5B002DE16B/$FILE/Donald-J-Trump-08.12.2026-278T.pdf
2026-08-28T03:56:09+00:00,2026-08-12,DUK,DUKE ENERGY CORP,BUY,50001,100000,2026-06-15,58,https://extapps2.oge.gov/201/Presiden.nsf/PAS+Index/2BF91F890F718ACB85258E5B002DE16B/$FILE/Donald-J-Trump-08.12.2026-278T.pdf
2026-08-28T03:56:09+00:00,2026-08-12,PG,PROCTER & GAMBLE CO,BUY,50001,100000,2026-06-15,58,https://extapps2.oge.gov/201/Presiden.nsf/PAS+Index/2BF91F890F718ACB85258E5B002DE16B/$FILE/Donald-J-Trump-08.12.2026-278T.pdf
2026-08-28T03:56:09+00:00,2026-08-12,,INTL BUSINESS MACHINES CORP,BUY,50001,100000,2026-06-15,58,https://extapps2.oge.gov/201/Presiden.nsf/PAS+Index/2BF91F890F718ACB85258E5B002DE16B/$FILE/Donald-J-Trump-08.12.2026-278T.pdf
2026-08-28T03:56:09+00:00,2026-08-12,ABBV,ABBVIE INC,BUY,50001,100000,2026-06-16,57,https://extapps2.oge.gov/201/Presiden.nsf/PAS+Index/2BF91F890F718ACB85258E5B002DE16B/$FILE/Donald-J-Trump-08.12.2026-278T.pdf
2026-08-28T03:56:09+00:00,2026-08-12,PLD,PROLOGIS INC,BUY,50001,100000,2026-06-15,58,https://extapps2.oge.gov/201/Presiden.nsf/PAS+Index/2BF91F890F718ACB85258E5B002DE16B/$FILE/Donald-J-Trump-08.12.2026-278T.pdf
2026-08-28T03:56:09+00:00,2026-08-12,BX,BLACKSTONE INC,BUY,15001,50000,,,https://extapps2.oge.gov/201/Presiden.nsf/PAS+Index/2BF91F890F718ACB85258E5B002DE16B/$FILE/Donald-J-Trump-08.12.2026-278T.pdf
2026-08-28T03:56:09+00:00,2026-08-12,AAPL,APPLE INC,BUY,15001,50000,,,https://extapps2.oge.gov/201/Presiden.nsf/PAS+Index/2BF91F890F718ACB85258E5B002DE16B/$FILE/Donald-J-Trump-08.12.2026-278T.pdf
2026-08-28T03:56:09+00:00,2026-08-12,ADBE,ADOBE INC,BUY,15001,50000,2026-06-16,57,https://extapps2.oge.gov/201/Presiden.nsf/PAS+Index/2BF91F890F718ACB85258E5B002DE16B/$FILE/Donald-J-Trump-08.12.2026-278T.pdf
2026-08-28T03:56:09+00:00,2026-08-12,HD,HOME DEPOT INC,BUY,15001,50000,2026-06-16,57,https://extapps2.oge.gov/201/Presiden.nsf/PAS+Index/2BF91F890F718ACB85258E5B002DE16B/$FILE/Donald-J-Trump-08.12.2026-278T.pdf
2026-08-28T03:56:09+00:00,2026-08-12,,TAKE-TWO INTERACTIVE SOFTWARE INC,BUY,15001,50000,2026-06-16,57,https://extapps2.oge.gov/201/Presiden.nsf/PAS+Index/2BF91F890F718ACB85258E5B002DE16B/$FILE/Donald-J-Trump-08.12.2026-278T.pdf
2026-08-28T03:56:09+00:00,2026-08-12,AMZN,AMAZON.COM INC,BUY,15001,50000,2026-06-15,58,https://extapps2.oge.gov/201/Presiden.nsf/PAS+Index/2BF91F890F718ACB85258E5B002DE16B/$FILE/Donald-J-Trump-08.12.2026-278T.pdf
2026-08-28T03:56:09+00:00,2026-08-12,TSLA,TESLA INC,BUY,15001,50000,2026-06-16,57,https://extapps2.oge.gov/201/Presiden.nsf/PAS+Index/2BF91F890F718ACB85258E5B002DE16B/$FILE/Donald-J-Trump-08.12.2026-278T.pdf
2026-08-28T03:56:09+00:00,2026-08-12,IDXX,IDEXX LABORATORIES INC,BUY,15001,50000,2026-06-16,57,https://extapps2.oge.gov/201/Presiden.nsf/PAS+Index/2BF91F890F718ACB85258E5B002DE16B/$FILE/Donald-J-Trump-08.12.2026-278T.pdf
2026-08-28T03:56:09+00:00,2026-08-12,AVGO,BROADCOM INC,BUY,1001,15000,2026-06-16,57,https://extapps2.oge.gov/201/Presiden.nsf/PAS+Index/2BF91F890F718ACB85258E5B002DE16B/$FILE/Donald-J-Trump-08.12.2026-278T.pdf
2026-08-28T03:56:09+00:00,2026-08-12,,= INC,BUY,1001,15000,2026-06-16,57,https://extapps2.oge.gov/201/Presiden.nsf/PAS+Index/2BF91F890F718ACB85258E5B002DE16B/$FILE/Donald-J-Trump-08.12.2026-278T.pdf
2026-08-28T03:56:09+00:00,2026-08-12,,FIDELITY NATIONAL INFORMATION SERVICES INC,BUY,1001,15000,2026-06-15,58,https://extapps2.oge.gov/201/Presiden.nsf/PAS+Index/2BF91F890F718ACB85258E5B002DE16B/$FILE/Donald-J-Trump-08.12.2026-278T.pdf
2026-08-28T03:56:09+00:00,2026-08-12,GOOGL,ALPHABET INC CLA,BUY,1001,15000,2026-06-15,58,https://extapps2.oge.gov/201/Presiden.nsf/PAS+Index/2BF91F890F718ACB85258E5B002DE16B/$FILE/Donald-J-Trump-08.12.2026-278T.pdf
2026-08-28T03:56:09+00:00,2026-08-12,NXPI,NXP SEMICONDUCTORS NV,BUY,1001,15000,2026-06-15,58,https://extapps2.oge.gov/201/Presiden.nsf/PAS+Index/2BF91F890F718ACB85258E5B002DE16B/$FILE/Donald-J-Trump-08.12.2026-278T.pdf
2026-08-28T03:56:09+00:00,2026-08-12,SNPS,SYNOPSYS INC,BUY,1001,15000,2026-06-16,57,https://extapps2.oge.gov/201/Presiden.nsf/PAS+Index/2BF91F890F718ACB85258E5B002DE16B/$FILE/Donald-J-Trump-08.12.2026-278T.pdf
2026-08-28T03:56:09+00:00,2026-08-12,TSCO,TRACTOR SUPPLY CO,BUY,1001,15000,2026-06-16,57,https://extapps2.oge.gov/201/Presiden.nsf/PAS+Index/2BF91F890F718ACB85258E5B002DE16B/$FILE/Donald-J-Trump-08.12.2026-278T.pdf
2026-08-28T03:56:09+00:00,2026-08-12,BDX,BECTON DICKINSON & CO,BUY,1001,15000,,,https://extapps2.oge.gov/201/Presiden.nsf/PAS+Index/2BF91F890F718ACB85258E5B002DE16B/$FILE/Donald-J-Trump-08.12.2026-278T.pdf
2026-08-28T03:56:09+00:00,2026-08-12,NVDA,NVIDIA CORP __,BUY,1001,15000,2026-06-16,57,https://extapps2.oge.gov/201/Presiden.nsf/PAS+Index/2BF91F890F718ACB85258E5B002DE16B/$FILE/Donald-J-Trump-08.12.2026-278T.pdf
2026-08-28T03:56:09+00:00,2026-08-12,,UNITED THERAPEUTICS CORP,BUY,1001,15000,2026-06-15,58,https://extapps2.oge.gov/201/Presiden.nsf/PAS+Index/2BF91F890F718ACB85258E5B002DE16B/$FILE/Donald-J-Trump-08.12.2026-278T.pdf
2026-08-28T03:56:09+00:00,2026-08-12,VRTX,VERTEX PHARMACEUTICALS INC _,BUY,1001,15000,2026-06-15,58,https://extapps2.oge.gov/201/Presiden.nsf/PAS+Index/2BF91F890F718ACB85258E5B002DE16B/$FILE/Donald-J-Trump-08.12.2026-278T.pdf
2026-08-28T03:56:09+00:00,2026-08-12,TXN,TEXAS INSTRUMENTS INC,BUY,1001,15000,,,https://extapps2.oge.gov/201/Presiden.nsf/PAS+Index/2BF91F890F718ACB85258E5B002DE16B/$FILE/Donald-J-Trump-08.12.2026-278T.pdf
2026-08-28T03:56:09+00:00,2026-08-12,BBY,BEST BUY COMPANY INC __,BUY,1001,15000,2026-06-15,58,https://extapps2.oge.gov/201/Presiden.nsf/PAS+Index/2BF91F890F718ACB85258E5B002DE16B/$FILE/Donald-J-Trump-08.12.2026-278T.pdf
2026-08-28T03:56:09+00:00,2026-08-12,JNJ,JOHNSON & JOHNSON,BUY,1001,15000,2026-06-15,58,https://extapps2.oge.gov/201/Presiden.nsf/PAS+Index/2BF91F890F718ACB85258E5B002DE16B/$FILE/Donald-J-Trump-08.12.2026-278T.pdf
2026-08-28T03:56:09+00:00,2026-08-12,ULTA,ULTA BEAUTY INC,BUY,1001,15000,2026-06-16,57,https://extapps2.oge.gov/201/Presiden.nsf/PAS+Index/2BF91F890F718ACB85258E5B002DE16B/$FILE/Donald-J-Trump-08.12.2026-278T.pdf
2026-08-28T03:56:09+00:00,2026-08-12,,INATERA INC,BUY,1001,15000,2026-06-15,58,https://extapps2.oge.gov/201/Presiden.nsf/PAS+Index/2BF91F890F718ACB85258E5B002DE16B/$FILE/Donald-J-Trump-08.12.2026-278T.pdf
2026-08-28T03:56:09+00:00,2026-08-12,CPRT,COPART INC,BUY,1001,15000,2026-06-15,58,https://extapps2.oge.gov/201/Presiden.nsf/PAS+Index/2BF91F890F718ACB85258E5B002DE16B/$FILE/Donald-J-Trump-08.12.2026-278T.pdf
2026-08-28T03:56:09+00:00,2026-08-12,,ENTEGRIS INC,BUY,2001,15000,2026-06-15,58,https://extapps2.oge.gov/201/Presiden.nsf/PAS+Index/2BF91F890F718ACB85258E5B002DE16B/$FILE/Donald-J-Trump-08.12.2026-278T.pdf
2026-08-28T03:56:09+00:00,2026-08-12,,ISEMTECH CORP,BUY,1001,15000,2026-06-15,58,https://extapps2.oge.gov/201/Presiden.nsf/PAS+Index/2BF91F890F718ACB85258E5B002DE16B/$FILE/Donald-J-Trump-08.12.2026-278T.pdf
2026-08-28T03:56:09+00:00,2026-08-12,,ISANMINA CORP,BUY,1001,15000,2026-06-15,58,https://extapps2.oge.gov/201/Presiden.nsf/PAS+Index/2BF91F890F718ACB85258E5B002DE16B/$FILE/Donald-J-Trump-08.12.2026-278T.pdf
2026-08-28T03:56:09+00:00,2026-08-12,,FORMFACTOR INC,BUY,1001,15000,2026-06-15,58,https://extapps2.oge.gov/201/Presiden.nsf/PAS+Index/2BF91F890F718ACB85258E5B002DE16B/$FILE/Donald-J-Trump-08.12.2026-278T.pdf
2026-08-28T03:56:09+00:00,2026-08-12,MSFT,MICROSOFT CORP,BUY,1001,15000,2026-06-15,58,https://extapps2.oge.gov/201/Presiden.nsf/PAS+Index/2BF91F890F718ACB85258E5B002DE16B/$FILE/Donald-J-Trump-08.12.2026-278T.pdf
2026-08-28T03:56:09+00:00,2026-08-12,,ELEMENT SOLUTIONS INC,BUY,1001,15000,2026-06-15,58,https://extapps2.oge.gov/201/Presiden.nsf/PAS+Index/2BF91F890F718ACB85258E5B002DE16B/$FILE/Donald-J-Trump-08.12.2026-278T.pdf
2026-08-28T03:56:09+00:00,2026-08-12,,MOLINA HEALTHCARE INC,BUY,1001,15000,2026-06-15,58,https://extapps2.oge.gov/201/Presiden.nsf/PAS+Index/2BF91F890F718ACB85258E5B002DE16B/$FILE/Donald-J-Trump-08.12.2026-278T.pdf
2026-08-28T03:56:09+00:00,2026-08-12,,ESCO TECHNOLOGIES INC,BUY,1001,15000,2026-06-15,58,https://extapps2.oge.gov/201/Presiden.nsf/PAS+Index/2BF91F890F718ACB85258E5B002DE16B/$FILE/Donald-J-Trump-08.12.2026-278T.pdf
2026-08-28T03:56:09+00:00,2026-08-12,,MADISON SQUARE GARDEN SPORTS CORP,BUY,1001,15000,2026-06-15,58,https://extapps2.oge.gov/201/Presiden.nsf/PAS+Index/2BF91F890F718ACB85258E5B002DE16B/$FILE/Donald-J-Trump-08.12.2026-278T.pdf
2026-08-28T03:56:09+00:00,2026-08-12,,RYMAN HOSPITALITY PPTYS INC,BUY,1001,15000,2026-06-15,58,https://extapps2.oge.gov/201/Presiden.nsf/PAS+Index/2BF91F890F718ACB85258E5B002DE16B/$FILE/Donald-J-Trump-08.12.2026-278T.pdf
2026-08-28T03:56:09+00:00,2026-08-12,,RALLIANT CORP,BUY,1001,15000,2026-06-15,58,https://extapps2.oge.gov/201/Presiden.nsf/PAS+Index/2BF91F890F718ACB85258E5B002DE16B/$FILE/Donald-J-Trump-08.12.2026-278T.pdf
2026-08-28T03:56:09+00:00,2026-08-12,,VISHAY INTERTECHNOLOGY INC,BUY,1001,15000,2026-06-15,58,https://extapps2.oge.gov/201/Presiden.nsf/PAS+Index/2BF91F890F718ACB85258E5B002DE16B/$FILE/Donald-J-Trump-08.12.2026-278T.pdf
2026-08-28T03:56:09+00:00,2026-08-12,,EVERUS CONSTRUCTION GROUP INC,BUY,1001,15000,2026-06-15,58,https://extapps2.oge.gov/201/Presiden.nsf/PAS+Index/2BF91F890F718ACB85258E5B002DE16B/$FILE/Donald-J-Trump-08.12.2026-278T.pdf
2026-08-28T03:56:09+00:00,2026-08-12,,CORCEPT THERAPEUTICS INC,BUY,1001,15000,2026-06-15,58,https://extapps2.oge.gov/201/Presiden.nsf/PAS+Index/2BF91F890F718ACB85258E5B002DE16B/$FILE/Donald-J-Trump-08.12.2026-278T.pdf
2026-08-28T03:56:09+00:00,2026-08-12,,ENPRO INC,BUY,1001,15000,2026-06-15,58,https://extapps2.oge.gov/201/Presiden.nsf/PAS+Index/2BF91F890F718ACB85258E5B002DE16B/$FILE/Donald-J-Trump-08.12.2026-278T.pdf
2026-08-28T03:56:09+00:00,2026-08-12,,CARMAX INC,BUY,1001,15000,2026-06-15,58,https://extapps2.oge.gov/201/Presiden.nsf/PAS+Index/2BF91F890F718ACB85258E5B002DE16B/$FILE/Donald-J-Trump-08.12.2026-278T.pdf
2026-08-28T03:56:09+00:00,2026-08-12,DXCM,DEXCOM INC,BUY,1001,15000,2026-06-15,58,https://extapps2.oge.gov/201/Presiden.nsf/PAS+Index/2BF91F890F718ACB85258E5B002DE16B/$FILE/Donald-J-Trump-08.12.2026-278T.pdf
2026-08-28T03:56:09+00:00,2026-08-12,,GLAUKOS CORP,BUY,1001,15000,2026-06-15,58,https://extapps2.oge.gov/201/Presiden.nsf/PAS+Index/2BF91F890F718ACB85258E5B002DE16B/$FILE/Donald-J-Trump-08.12.2026-278T.pdf
2026-08-28T03:56:09+00:00,2026-08-12,,'TERRENO REALTY CORP,BUY,1001,15000,2026-06-15,58,https://extapps2.oge.gov/201/Presiden.nsf/PAS+Index/2BF91F890F718ACB85258E5B002DE16B/$FILE/Donald-J-Trump-08.12.2026-278T.pdf
2026-08-28T03:56:09+00:00,2026-08-12,,ETSY INC,BUY,1001,15000,2026-06-15,58,https://extapps2.oge.gov/201/Presiden.nsf/PAS+Index/2BF91F890F718ACB85258E5B002DE16B/$FILE/Donald-J-Trump-08.12.2026-278T.pdf
2026-08-28T03:56:09+00:00,2026-08-12,SWKS,SKYWORKS: SOLUTIONS INC,SELL,1001,15000,2026-06-16,57,https://extapps2.oge.gov/201/Presiden.nsf/PAS+Index/2BF91F890F718ACB85258E5B002DE16B/$FILE/Donald-J-Trump-08.12.2026-278T.pdf
2026-08-28T03:56:09+00:00,2026-08-12,FOXA,FOX CORP CLA,SELL,1001,15000,2026-06-16,57,https://extapps2.oge.gov/201/Presiden.nsf/PAS+Index/2BF91F890F718ACB85258E5B002DE16B/$FILE/Donald-J-Trump-08.12.2026-278T.pdf
2026-08-28T03:56:09+00:00,2026-08-12,VRSN,VERISIGN INC,SELL,1001,15000,2026-06-16,57,https://extapps2.oge.gov/201/Presiden.nsf/PAS+Index/2BF91F890F718ACB85258E5B002DE16B/$FILE/Donald-J-Trump-08.12.2026-278T.pdf
2026-08-28T03:56:09+00:00,2026-08-12,CHTR,CHARTER COMMUNICATIONS INC NEW CLA,SELL,1001,15000,2026-06-16,57,https://extapps2.oge.gov/201/Presiden.nsf/PAS+Index/2BF91F890F718ACB85258E5B002DE16B/$FILE/Donald-J-Trump-08.12.2026-278T.pdf
2026-08-28T03:56:09+00:00,2026-08-12,FOXA,FOX CORP CLB,SELL,1001,15000,2026-06-16,57,https://extapps2.oge.gov/201/Presiden.nsf/PAS+Index/2BF91F890F718ACB85258E5B002DE16B/$FILE/Donald-J-Trump-08.12.2026-278T.pdf
2026-08-28T03:56:09+00:00,2026-08-12,FANG,DIAMONDBACK ENERGY INC,SELL,1001,15000,2026-06-16,57,https://extapps2.oge.gov/201/Presiden.nsf/PAS+Index/2BF91F890F718ACB85258E5B002DE16B/$FILE/Donald-J-Trump-08.12.2026-278T.pdf
2026-08-28T03:56:09+00:00,2026-08-12,DOW,DOW INC,SELL,1001,15000,2026-06-16,57,https://extapps2.oge.gov/201/Presiden.nsf/PAS+Index/2BF91F890F718ACB85258E5B002DE16B/$FILE/Donald-J-Trump-08.12.2026-278T.pdf
2026-08-28T03:56:09+00:00,2026-08-12,STZ,CONSTELLATION BRANDS INC CLA,SELL,1001,15000,2026-06-16,57,https://extapps2.oge.gov/201/Presiden.nsf/PAS+Index/2BF91F890F718ACB85258E5B002DE16B/$FILE/Donald-J-Trump-08.12.2026-278T.pdf
2026-08-28T03:56:09+00:00,2026-08-12,DVN,DEVON ENERGY CORP,SELL,1001,15000,2026-06-15,58,https://extapps2.oge.gov/201/Presiden.nsf/PAS+Index/2BF91F890F718ACB85258E5B002DE16B/$FILE/Donald-J-Trump-08.12.2026-278T.pdf
2026-08-28T03:56:09+00:00,2026-08-12,VLO,VALERO ENERGY CORP,SELL,1001,15000,2026-06-16,57,https://extapps2.oge.gov/201/Presiden.nsf/PAS+Index/2BF91F890F718ACB85258E5B002DE16B/$FILE/Donald-J-Trump-08.12.2026-278T.pdf
2026-08-28T03:56:09+00:00,2026-08-12,ABNB,AIRBNB INC CLA,SELL,1001,15000,2026-06-16,57,https://extapps2.oge.gov/201/Presiden.nsf/PAS+Index/2BF91F890F718ACB85258E5B002DE16B/$FILE/Donald-J-Trump-08.12.2026-278T.pdf
2026-08-28T03:56:09+00:00,2026-08-12,,VERIZON COMMUNICATIONS INC,SELL,1001,15000,2026-06-16,57,https://extapps2.oge.gov/201/Presiden.nsf/PAS+Index/2BF91F890F718ACB85258E5B002DE16B/$FILE/Donald-J-Trump-08.12.2026-278T.pdf
2026-08-28T03:56:09+00:00,2026-08-12,CMCSA,COMCAST CORP CLA,SELL,1001,15000,2026-06-16,57,https://extapps2.oge.gov/201/Presiden.nsf/PAS+Index/2BF91F890F718ACB85258E5B002DE16B/$FILE/Donald-J-Trump-08.12.2026-278T.pdf
2026-08-28T03:56:09+00:00,2026-08-12,,REGENERON PHARMACEUTICALS INC,SELL,1001,15000,2026-06-16,57,https://extapps2.oge.gov/201/Presiden.nsf/PAS+Index/2BF91F890F718ACB85258E5B002DE16B/$FILE/Donald-J-Trump-08.12.2026-278T.pdf
2026-08-28T03:56:09+00:00,2026-08-12,,© REILLY AUTOMOTIVE INC,SELL,1001,15000,2026-06-16,57,https://extapps2.oge.gov/201/Presiden.nsf/PAS+Index/2BF91F890F718ACB85258E5B002DE16B/$FILE/Donald-J-Trump-08.12.2026-278T.pdf
2026-08-28T03:56:09+00:00,2026-08-12,LMT,LOCKHEED MARTIN CORP,SELL,15001,50000,2026-06-16,57,https://extapps2.oge.gov/201/Presiden.nsf/PAS+Index/2BF91F890F718ACB85258E5B002DE16B/$FILE/Donald-J-Trump-08.12.2026-278T.pdf
2026-08-28T03:56:09+00:00,2026-08-12,,ALNYLAM PHARMACEUTICALS INC,SELL,15001,50000,2026-06-16,57,https://extapps2.oge.gov/201/Presiden.nsf/PAS+Index/2BF91F890F718ACB85258E5B002DE16B/$FILE/Donald-J-Trump-08.12.2026-278T.pdf
2026-08-28T03:56:09+00:00,2026-08-12,NFLX,NETFLIX INC,SELL,15001,50000,2026-06-16,57,https://extapps2.oge.gov/201/Presiden.nsf/PAS+Index/2BF91F890F718ACB85258E5B002DE16B/$FILE/Donald-J-Trump-08.12.2026-278T.pdf
2026-08-28T03:56:09+00:00,2026-08-12,GIS,GENERAL MILLS INC,SELL,15001,50000,2026-06-16,57,https://extapps2.oge.gov/201/Presiden.nsf/PAS+Index/2BF91F890F718ACB85258E5B002DE16B/$FILE/Donald-J-Trump-08.12.2026-278T.pdf
2026-08-28T03:56:09+00:00,2026-08-12,AMCR,AMCOR PLC,SELL,15001,50000,2026-06-16,57,https://extapps2.oge.gov/201/Presiden.nsf/PAS+Index/2BF91F890F718ACB85258E5B002DE16B/$FILE/Donald-J-Trump-08.12.2026-278T.pdf
2026-08-28T03:56:09+00:00,2026-08-12,,ZSCALER INC,SELL,15001,50000,2026-06-15,58,https://extapps2.oge.gov/201/Presiden.nsf/PAS+Index/2BF91F890F718ACB85258E5B002DE16B/$FILE/Donald-J-Trump-08.12.2026-278T.pdf
2026-08-28T03:56:09+00:00,2026-08-12,CAT,CATERPILLAR INC,SELL,15001,50000,2026-06-22,51,https://extapps2.oge.gov/201/Presiden.nsf/PAS+Index/2BF91F890F718ACB85258E5B002DE16B/$FILE/Donald-J-Trump-08.12.2026-278T.pdf
2026-08-28T03:56:09+00:00,2026-08-12,ISRG,INTUITIVE SURGICAL INC ‘,SELL,15001,50000,2026-06-16,57,https://extapps2.oge.gov/201/Presiden.nsf/PAS+Index/2BF91F890F718ACB85258E5B002DE16B/$FILE/Donald-J-Trump-08.12.2026-278T.pdf
2026-08-28T03:56:09+00:00,2026-08-12,ROP,ROPER TECHNOLOGIES INC,SELL,15001,50000,2026-06-16,57,https://extapps2.oge.gov/201/Presiden.nsf/PAS+Index/2BF91F890F718ACB85258E5B002DE16B/$FILE/Donald-J-Trump-08.12.2026-278T.pdf
2026-08-28T03:56:09+00:00,2026-08-12,,‘508 GE HEALTHCARE TECHNOLOGIES INC,SELL,15001,50000,2026-06-16,57,https://extapps2.oge.gov/201/Presiden.nsf/PAS+Index/2BF91F890F718ACB85258E5B002DE16B/$FILE/Donald-J-Trump-08.12.2026-278T.pdf
2026-08-28T03:56:09+00:00,2026-08-12,JNJ,JOHNSON & JOHNSON,SELL,15001,50000,2026-06-16,57,https://extapps2.oge.gov/201/Presiden.nsf/PAS+Index/2BF91F890F718ACB85258E5B002DE16B/$FILE/Donald-J-Trump-08.12.2026-278T.pdf
2026-08-28T03:56:09+00:00,2026-08-12,,STELLANTIS NV,SELL,15001,50000,2026-06-16,57,https://extapps2.oge.gov/201/Presiden.nsf/PAS+Index/2BF91F890F718ACB85258E5B002DE16B/$FILE/Donald-J-Trump-08.12.2026-278T.pdf
2026-08-28T03:56:09+00:00,2026-08-12,GLW,CORNING INC,SELL,15001,50000,2026-06-22,51,https://extapps2.oge.gov/201/Presiden.nsf/PAS+Index/2BF91F890F718ACB85258E5B002DE16B/$FILE/Donald-J-Trump-08.12.2026-278T.pdf
2026-08-28T03:56:09+00:00,2026-08-12,,STATE STREET SPDR S&P DIVIDEND ETF,SELL,100001,250000,2026-06-22,51,https://extapps2.oge.gov/201/Presiden.nsf/PAS+Index/2BF91F890F718ACB85258E5B002DE16B/$FILE/Donald-J-Trump-08.12.2026-278T.pdf
2026-08-28T03:56:09+00:00,2026-08-12,,$19 NETFLIX INC,BUY,3003,15000,2026-06-23,50,https://extapps2.oge.gov/201/Presiden.nsf/PAS+Index/2BF91F890F718ACB85258E5B002DE16B/$FILE/Donald-J-Trump-08.12.2026-278T.pdf
2026-08-28T03:56:09+00:00,2026-08-12,MMC,MARSH & MCLENNAN COS INC,BUY,1001,15000,2026-06-23,50,https://extapps2.oge.gov/201/Presiden.nsf/PAS+Index/2BF91F890F718ACB85258E5B002DE16B/$FILE/Donald-J-Trump-08.12.2026-278T.pdf
2026-08-28T03:56:09+00:00,2026-08-12,ISRG,INTUITIVE SURGICAL INC,BUY,1001,15000,2026-06-23,50,https://extapps2.oge.gov/201/Presiden.nsf/PAS+Index/2BF91F890F718ACB85258E5B002DE16B/$FILE/Donald-J-Trump-08.12.2026-278T.pdf
2026-08-28T03:56:09+00:00,2026-08-12,SYK,STRYKER CORP,BUY,1001,15000,2026-06-23,50,https://extapps2.oge.gov/201/Presiden.nsf/PAS+Index/2BF91F890F718ACB85258E5B002DE16B/$FILE/Donald-J-Trump-08.12.2026-278T.pdf
2026-08-28T03:56:09+00:00,2026-08-12,DHR,DANAHER CORP,BUY,1001,15000,2026-06-23,50,https://extapps2.oge.gov/201/Presiden.nsf/PAS+Index/2BF91F890F718ACB85258E5B002DE16B/$FILE/Donald-J-Trump-08.12.2026-278T.pdf
2026-08-28T03:56:09+00:00,2026-08-12,,S28 UBER TECHNOLOGIES INC,BUY,1001,15000,2026-06-23,50,https://extapps2.oge.gov/201/Presiden.nsf/PAS+Index/2BF91F890F718ACB85258E5B002DE16B/$FILE/Donald-J-Trump-08.12.2026-278T.pdf
2026-08-28T03:56:09+00:00,2026-08-12,BRK.B,BERKSHIRE HATHAWAY CLASS B,BUY,1001,15000,2026-06-23,50,https://extapps2.oge.gov/201/Presiden.nsf/PAS+Index/2BF91F890F718ACB85258E5B002DE16B/$FILE/Donald-J-Trump-08.12.2026-278T.pdf
2026-08-28T03:56:09+00:00,2026-08-12,ZTS,ZOETIS INC CLASS A,BUY,1001,15000,2026-06-23,50,https://extapps2.oge.gov/201/Presiden.nsf/PAS+Index/2BF91F890F718ACB85258E5B002DE16B/$FILE/Donald-J-Trump-08.12.2026-278T.pdf
2026-08-28T03:56:09+00:00,2026-08-12,,BOOKING HLDGS INC,BUY,11001,15000,2026-06-23,50,https://extapps2.oge.gov/201/Presiden.nsf/PAS+Index/2BF91F890F718ACB85258E5B002DE16B/$FILE/Donald-J-Trump-08.12.2026-278T.pdf
2026-08-28T03:56:09+00:00,2026-08-12,MCD,MCDONALDS CORP,BUY,1001,15000,2026-06-23,50,https://extapps2.oge.gov/201/Presiden.nsf/PAS+Index/2BF91F890F718ACB85258E5B002DE16B/$FILE/Donald-J-Trump-08.12.2026-278T.pdf
2026-08-28T03:56:09+00:00,2026-08-12,GOOGL,ALPHABET INC CLASS A,BUY,3001,15000,2026-06-23,50,https://extapps2.oge.gov/201/Presiden.nsf/PAS+Index/2BF91F890F718ACB85258E5B002DE16B/$FILE/Donald-J-Trump-08.12.2026-278T.pdf
2026-08-28T03:56:09+00:00,2026-08-12,XOM,EXXON MOBIL CORP,BUY,1001,15000,2026-06-23,50,https://extapps2.oge.gov/201/Presiden.nsf/PAS+Index/2BF91F890F718ACB85258E5B002DE16B/$FILE/Donald-J-Trump-08.12.2026-278T.pdf
2026-08-28T03:56:09+00:00,2026-08-12,ROL,ROLLINS INC,BUY,1001,15000,2026-06-23,50,https://extapps2.oge.gov/201/Presiden.nsf/PAS+Index/2BF91F890F718ACB85258E5B002DE16B/$FILE/Donald-J-Trump-08.12.2026-278T.pdf
2026-08-28T03:56:09+00:00,2026-08-12,EFX,EQUIFAX INC _,BUY,1001,15000,2026-06-23,50,https://extapps2.oge.gov/201/Presiden.nsf/PAS+Index/2BF91F890F718ACB85258E5B002DE16B/$FILE/Donald-J-Trump-08.12.2026-278T.pdf
2026-08-28T03:56:09+00:00,2026-08-12,NKE,NIKE INC CLASS B,BUY,2001,15000,2026-06-23,50,https://extapps2.oge.gov/201/Presiden.nsf/PAS+Index/2BF91F890F718ACB85258E5B002DE16B/$FILE/Donald-J-Trump-08.12.2026-278T.pdf
2026-08-28T03:56:09+00:00,2026-08-12,TYL,TYLER TECHNOLOGIES INC,BUY,1001,15000,2026-06-23,50,https://extapps2.oge.gov/201/Presiden.nsf/PAS+Index/2BF91F890F718ACB85258E5B002DE16B/$FILE/Donald-J-Trump-08.12.2026-278T.pdf
2026-08-28T03:56:09+00:00,2026-08-12,,GLOBAL PMTS INC,BUY,1001,15000,2026-06-23,50,https://extapps2.oge.gov/201/Presiden.nsf/PAS+Index/2BF91F890F718ACB85258E5B002DE16B/$FILE/Donald-J-Trump-08.12.2026-278T.pdf
2026-08-28T03:56:09+00:00,2026-08-12,RMD,RESMED INC,BUY,1001,15000,2026-06-23,50,https://extapps2.oge.gov/201/Presiden.nsf/PAS+Index/2BF91F890F718ACB85258E5B002DE16B/$FILE/Donald-J-Trump-08.12.2026-278T.pdf
2026-08-28T03:56:09+00:00,2026-08-12,NOC,NORTHROP GRUMMAN CORP,BUY,1001,15000,2026-06-23,50,https://extapps2.oge.gov/201/Presiden.nsf/PAS+Index/2BF91F890F718ACB85258E5B002DE16B/$FILE/Donald-J-Trump-08.12.2026-278T.pdf
2026-08-28T03:56:09+00:00,2026-08-12,,S56 PROCTER & GAMBLE CO,BUY,1001,15000,2026-06-23,50,https://extapps2.oge.gov/201/Presiden.nsf/PAS+Index/2BF91F890F718ACB85258E5B002DE16B/$FILE/Donald-J-Trump-08.12.2026-278T.pdf
2026-08-28T03:56:09+00:00,2026-08-12,,S57 CBOE GLOBAL MKTS INC,BUY,1001,15000,2026-06-23,50,https://extapps2.oge.gov/201/Presiden.nsf/PAS+Index/2BF91F890F718ACB85258E5B002DE16B/$FILE/Donald-J-Trump-08.12.2026-278T.pdf
2026-08-28T03:56:09+00:00,2026-08-12,,INSULET CORP,BUY,1001,15000,2026-06-23,50,https://extapps2.oge.gov/201/Presiden.nsf/PAS+Index/2BF91F890F718ACB85258E5B002DE16B/$FILE/Donald-J-Trump-08.12.2026-278T.pdf
2026-08-28T03:56:09+00:00,2026-08-12,PFE,PFIZER INC,BUY,1001,15000,,,https://extapps2.oge.gov/201/Presiden.nsf/PAS+Index/2BF91F890F718ACB85258E5B002DE16B/$FILE/Donald-J-Trump-08.12.2026-278T.pdf
2026-08-28T03:56:09+00:00,2026-08-12,,S62 MERCK & CO. INC,BUY,1001,15000,2026-06-23,50,https://extapps2.oge.gov/201/Presiden.nsf/PAS+Index/2BF91F890F718ACB85258E5B002DE16B/$FILE/Donald-J-Trump-08.12.2026-278T.pdf
2026-08-28T03:56:09+00:00,2026-08-12,CHTR,CHARTER COMMUNICATIONS CLASS A,BUY,1001,15000,2026-06-23,50,https://extapps2.oge.gov/201/Presiden.nsf/PAS+Index/2BF91F890F718ACB85258E5B002DE16B/$FILE/Donald-J-Trump-08.12.2026-278T.pdf
2026-08-28T03:56:09+00:00,2026-08-12,,BJS WHSL CLUB HLDGS INC,BUY,1001,15000,2026-06-23,50,https://extapps2.oge.gov/201/Presiden.nsf/PAS+Index/2BF91F890F718ACB85258E5B002DE16B/$FILE/Donald-J-Trump-08.12.2026-278T.pdf
2026-08-28T03:56:09+00:00,2026-08-12,,ses PHILIP MORRIS INTL INC,BUY,1001,15000,2026-06-23,50,https://extapps2.oge.gov/201/Presiden.nsf/PAS+Index/2BF91F890F718ACB85258E5B002DE16B/$FILE/Donald-J-Trump-08.12.2026-278T.pdf
2026-08-28T03:56:09+00:00,2026-08-12,,S70 ZSCALER INC,BUY,1001,15000,2026-06-23,50,https://extapps2.oge.gov/201/Presiden.nsf/PAS+Index/2BF91F890F718ACB85258E5B002DE16B/$FILE/Donald-J-Trump-08.12.2026-278T.pdf
2026-08-28T03:56:09+00:00,2026-08-12,APH,AMPHENOL CORP NEW CLASS A,BUY,1001,15000,2026-06-23,50,https://extapps2.oge.gov/201/Presiden.nsf/PAS+Index/2BF91F890F718ACB85258E5B002DE16B/$FILE/Donald-J-Trump-08.12.2026-278T.pdf
2026-08-28T03:56:09+00:00,2026-08-12,LMT,LOCKHEED MARTIN CORP ___,BUY,1001,15000,2026-06-23,50,https://extapps2.oge.gov/201/Presiden.nsf/PAS+Index/2BF91F890F718ACB85258E5B002DE16B/$FILE/Donald-J-Trump-08.12.2026-278T.pdf
2026-08-28T03:56:09+00:00,2026-08-12,,S74 ABBVIE INC,BUY,1001,15000,2026-06-23,50,https://extapps2.oge.gov/201/Presiden.nsf/PAS+Index/2BF91F890F718ACB85258E5B002DE16B/$FILE/Donald-J-Trump-08.12.2026-278T.pdf
2026-08-28T03:56:09+00:00,2026-08-12,HCA,HCA HEALTHCARE INC,BUY,1001,15000,2026-06-23,50,https://extapps2.oge.gov/201/Presiden.nsf/PAS+Index/2BF91F890F718ACB85258E5B002DE16B/$FILE/Donald-J-Trump-08.12.2026-278T.pdf
2026-08-28T03:56:09+00:00,2026-08-12,,S76 FAIR ISAAC CORP,BUY,1001,15000,2026-06-23,50,https://extapps2.oge.gov/201/Presiden.nsf/PAS+Index/2BF91F890F718ACB85258E5B002DE16B/$FILE/Donald-J-Trump-08.12.2026-278T.pdf
2026-08-28T03:56:09+00:00,2026-08-12,,S78 TRIMBLE INC,SELL,1001,15000,2026-06-23,50,https://extapps2.oge.gov/201/Presiden.nsf/PAS+Index/2BF91F890F718ACB85258E5B002DE16B/$FILE/Donald-J-Trump-08.12.2026-278T.pdf
2026-08-28T03:56:09+00:00,2026-08-12,,S79 EXLSERVICE HLDGS INC,SELL,1001,15000,,,https://extapps2.oge.gov/201/Presiden.nsf/PAS+Index/2BF91F890F718ACB85258E5B002DE16B/$FILE/Donald-J-Trump-08.12.2026-278T.pdf
2026-08-28T03:56:09+00:00,2026-08-12,AMT,AMERICAN TOWER CORP NEW REIT _,SELL,1001,15000,2026-06-23,50,https://extapps2.oge.gov/201/Presiden.nsf/PAS+Index/2BF91F890F718ACB85258E5B002DE16B/$FILE/Donald-J-Trump-08.12.2026-278T.pdf
2026-08-28T03:56:09+00:00,2026-08-12,,QVIA HLDGS INC,SELL,1001,15000,2026-06-23,50,https://extapps2.oge.gov/201/Presiden.nsf/PAS+Index/2BF91F890F718ACB85258E5B002DE16B/$FILE/Donald-J-Trump-08.12.2026-278T.pdf
2026-08-28T03:56:09+00:00,2026-08-12,,GEN DIGITAL INC,SELL,1001,15000,2026-06-23,50,https://extapps2.oge.gov/201/Presiden.nsf/PAS+Index/2BF91F890F718ACB85258E5B002DE16B/$FILE/Donald-J-Trump-08.12.2026-278T.pdf
2026-08-28T03:56:09+00:00,2026-08-12,JNJ,JOHNSON & JOHNSON,SELL,1001,15000,2026-06-23,50,https://extapps2.oge.gov/201/Presiden.nsf/PAS+Index/2BF91F890F718ACB85258E5B002DE16B/$FILE/Donald-J-Trump-08.12.2026-278T.pdf
2026-08-28T03:56:09+00:00,2026-08-12,KMB,KIMBERLY CLARK CORP,SELL,1001,15000,2026-06-23,50,https://extapps2.oge.gov/201/Presiden.nsf/PAS+Index/2BF91F890F718ACB85258E5B002DE16B/$FILE/Donald-J-Trump-08.12.2026-278T.pdf
2026-08-28T03:56:09+00:00,2026-08-12,TSCO,TRACTOR SUPPLY CO,SELL,2001,15000,2026-06-23,50,https://extapps2.oge.gov/201/Presiden.nsf/PAS+Index/2BF91F890F718ACB85258E5B002DE16B/$FILE/Donald-J-Trump-08.12.2026-278T.pdf
2026-08-28T03:56:09+00:00,2026-08-12,IT,GARTNER INC,SELL,1001,15000,2026-06-23,50,https://extapps2.oge.gov/201/Presiden.nsf/PAS+Index/2BF91F890F718ACB85258E5B002DE16B/$FILE/Donald-J-Trump-08.12.2026-278T.pdf
2026-08-28T03:56:09+00:00,2026-08-12,,ALBEMARLE CORP,SELL,1001,15000,2026-06-23,50,https://extapps2.oge.gov/201/Presiden.nsf/PAS+Index/2BF91F890F718ACB85258E5B002DE16B/$FILE/Donald-J-Trump-08.12.2026-278T.pdf
2026-08-28T03:56:09+00:00,2026-08-12,MDT,MEDTRONIC PLC F,SELL,1001,15000,2026-06-23,50,https://extapps2.oge.gov/201/Presiden.nsf/PAS+Index/2BF91F890F718ACB85258E5B002DE16B/$FILE/Donald-J-Trump-08.12.2026-278T.pdf
2026-08-28T03:56:09+00:00,2026-08-12,,PROCORE TECHNOLOGIES INC,SELL,1001,15000,2026-06-23,50,https://extapps2.oge.gov/201/Presiden.nsf/PAS+Index/2BF91F890F718ACB85258E5B002DE16B/$FILE/Donald-J-Trump-08.12.2026-278T.pdf
2026-08-28T03:56:09+00:00,2026-08-12,ZBH,ZIMMER BIOMET HLDGS INC,SELL,1001,15000,2026-06-23,50,https://extapps2.oge.gov/201/Presiden.nsf/PAS+Index/2BF91F890F718ACB85258E5B002DE16B/$FILE/Donald-J-Trump-08.12.2026-278T.pdf
2026-08-28T03:56:09+00:00,2026-08-12,SRE,SEMPRA,SELL,1001,15000,2026-06-23,50,https://extapps2.oge.gov/201/Presiden.nsf/PAS+Index/2BF91F890F718ACB85258E5B002DE16B/$FILE/Donald-J-Trump-08.12.2026-278T.pdf
2026-08-28T03:56:09+00:00,2026-08-12,PEP,PEPSICO INC,SELL,1001,15000,2026-06-23,50,https://extapps2.oge.gov/201/Presiden.nsf/PAS+Index/2BF91F890F718ACB85258E5B002DE16B/$FILE/Donald-J-Trump-08.12.2026-278T.pdf
2026-08-28T03:56:09+00:00,2026-08-12,HIG,HARTFORD INS GROUP INC,SELL,1001,15000,2026-06-23,50,https://extapps2.oge.gov/201/Presiden.nsf/PAS+Index/2BF91F890F718ACB85258E5B002DE16B/$FILE/Donald-J-Trump-08.12.2026-278T.pdf
2026-08-28T03:56:09+00:00,2026-08-12,BLK,BLACKROCK INC NEW,SELL,1001,15000,2026-06-23,50,https://extapps2.oge.gov/201/Presiden.nsf/PAS+Index/2BF91F890F718ACB85258E5B002DE16B/$FILE/Donald-J-Trump-08.12.2026-278T.pdf
2026-08-28T03:56:09+00:00,2026-08-12,MCO,MOODYS CORP,SELL,1001,15000,2026-06-23,50,https://extapps2.oge.gov/201/Presiden.nsf/PAS+Index/2BF91F890F718ACB85258E5B002DE16B/$FILE/Donald-J-Trump-08.12.2026-278T.pdf
2026-08-28T03:56:09+00:00,2026-08-12,MSI,MOTOROLA SOLUTIONS INC,SELL,1001,15000,2026-06-23,50,https://extapps2.oge.gov/201/Presiden.nsf/PAS+Index/2BF91F890F718ACB85258E5B002DE16B/$FILE/Donald-J-Trump-08.12.2026-278T.pdf
2026-08-28T03:56:09+00:00,2026-08-12,GD,GENERAL DYNAMICS CORP,SELL,1001,15000,2026-06-23,50,https://extapps2.oge.gov/201/Presiden.nsf/PAS+Index/2BF91F890F718ACB85258E5B002DE16B/$FILE/Donald-J-Trump-08.12.2026-278T.pdf
2026-08-28T03:56:09+00:00,2026-08-12,,EQT CORP,SELL,1001,15000,2026-06-23,50,https://extapps2.oge.gov/201/Presiden.nsf/PAS+Index/2BF91F890F718ACB85258E5B002DE16B/$FILE/Donald-J-Trump-08.12.2026-278T.pdf
2026-08-28T03:56:09+00:00,2026-08-12,COP,CONOCOPHILLIPS,SELL,1001,15000,2026-06-23,50,https://extapps2.oge.gov/201/Presiden.nsf/PAS+Index/2BF91F890F718ACB85258E5B002DE16B/$FILE/Donald-J-Trump-08.12.2026-278T.pdf
2026-08-28T03:56:09+00:00,2026-08-12,,ROYAL GOLD INC,SELL,1001,15000,2026-06-23,50,https://extapps2.oge.gov/201/Presiden.nsf/PAS+Index/2BF91F890F718ACB85258E5B002DE16B/$FILE/Donald-J-Trump-08.12.2026-278T.pdf
2026-08-28T03:56:09+00:00,2026-08-12,,T-MOBILE US INC,SELL,1001,15000,2026-06-23,50,https://extapps2.oge.gov/201/Presiden.nsf/PAS+Index/2BF91F890F718ACB85258E5B002DE16B/$FILE/Donald-J-Trump-08.12.2026-278T.pdf
2026-08-28T03:56:09+00:00,2026-08-12,META,META PLATFORMS INC CLASS A,SELL,1001,15000,2026-06-23,50,https://extapps2.oge.gov/201/Presiden.nsf/PAS+Index/2BF91F890F718ACB85258E5B002DE16B/$FILE/Donald-J-Trump-08.12.2026-278T.pdf
2026-08-28T03:56:09+00:00,2026-08-12,,CARLYLE GROUP INC,SELL,1001,15000,,,https://extapps2.oge.gov/201/Presiden.nsf/PAS+Index/2BF91F890F718ACB85258E5B002DE16B/$FILE/Donald-J-Trump-08.12.2026-278T.pdf
2026-08-28T03:56:09+00:00,2026-08-12,,exa PAYPAL HLOGS INC,SELL,1001,15000,,,https://extapps2.oge.gov/201/Presiden.nsf/PAS+Index/2BF91F890F718ACB85258E5B002DE16B/$FILE/Donald-J-Trump-08.12.2026-278T.pdf
2026-08-28T03:56:09+00:00,2026-08-12,IEX,IDEXX LABS INC,SELL,1001,15000,,,https://extapps2.oge.gov/201/Presiden.nsf/PAS+Index/2BF91F890F718ACB85258E5B002DE16B/$FILE/Donald-J-Trump-08.12.2026-278T.pdf
2026-08-28T03:56:09+00:00,2026-08-12,,PTC INC,SELL,1001,15000,,,https://extapps2.oge.gov/201/Presiden.nsf/PAS+Index/2BF91F890F718ACB85258E5B002DE16B/$FILE/Donald-J-Trump-08.12.2026-278T.pdf
2026-08-28T03:56:09+00:00,2026-08-12,CTAS,CINTAS CORP,SELL,1001,15000,,,https://extapps2.oge.gov/201/Presiden.nsf/PAS+Index/2BF91F890F718ACB85258E5B002DE16B/$FILE/Donald-J-Trump-08.12.2026-278T.pdf
2026-08-28T03:56:09+00:00,2026-08-12,,DOMINOS PIZZA INC,SELL,3001,15000,,,https://extapps2.oge.gov/201/Presiden.nsf/PAS+Index/2BF91F890F718ACB85258E5B002DE16B/$FILE/Donald-J-Trump-08.12.2026-278T.pdf
2026-08-28T03:56:09+00:00,2026-08-12,CB,CHUBB LTD F,SELL,1001,15000,,,https://extapps2.oge.gov/201/Presiden.nsf/PAS+Index/2BF91F890F718ACB85258E5B002DE16B/$FILE/Donald-J-Trump-08.12.2026-278T.pdf
2026-08-28T03:56:09+00:00,2026-08-12,INTU,INTUIT,SELL,1001,15000,,,https://extapps2.oge.gov/201/Presiden.nsf/PAS+Index/2BF91F890F718ACB85258E5B002DE16B/$FILE/Donald-J-Trump-08.12.2026-278T.pdf
2026-08-28T03:56:09+00:00,2026-08-12,COST,COSTCO WHSL CORP NEW,SELL,3003,15000,,,https://extapps2.oge.gov/201/Presiden.nsf/PAS+Index/2BF91F890F718ACB85258E5B002DE16B/$FILE/Donald-J-Trump-08.12.2026-278T.pdf
2026-08-28T03:56:09+00:00,2026-08-12,STE,STERIS PLC F,SELL,2001,15000,,,https://extapps2.oge.gov/201/Presiden.nsf/PAS+Index/2BF91F890F718ACB85258E5B002DE16B/$FILE/Donald-J-Trump-08.12.2026-278T.pdf
2026-08-28T03:56:09+00:00,2026-08-12,BMY,BRISTOL MYERS SQUIBB CO,SELL,1001,15000,,,https://extapps2.oge.gov/201/Presiden.nsf/PAS+Index/2BF91F890F718ACB85258E5B002DE16B/$FILE/Donald-J-Trump-08.12.2026-278T.pdf
2026-08-28T03:56:09+00:00,2026-08-12,NOW,SERVICENOW INC,SELL,1001,15000,,,https://extapps2.oge.gov/201/Presiden.nsf/PAS+Index/2BF91F890F718ACB85258E5B002DE16B/$FILE/Donald-J-Trump-08.12.2026-278T.pdf
2026-08-28T03:56:09+00:00,2026-08-12,ICE,INTERCONTINENTAL EXCHANG,SELL,1001,15000,,,https://extapps2.oge.gov/201/Presiden.nsf/PAS+Index/2BF91F890F718ACB85258E5B002DE16B/$FILE/Donald-J-Trump-08.12.2026-278T.pdf
2026-08-28T03:56:09+00:00,2026-08-12,BSX,BOSTON SCIENTIFIC CORP,SELL,1001,15000,,,https://extapps2.oge.gov/201/Presiden.nsf/PAS+Index/2BF91F890F718ACB85258E5B002DE16B/$FILE/Donald-J-Trump-08.12.2026-278T.pdf
2026-08-28T03:56:09+00:00,2026-08-12,MA,MASTERCARD INC CLASS A,SELL,1001,15000,,,https://extapps2.oge.gov/201/Presiden.nsf/PAS+Index/2BF91F890F718ACB85258E5B002DE16B/$FILE/Donald-J-Trump-08.12.2026-278T.pdf
2026-08-28T03:56:09+00:00,2026-08-12,SPGI,S&P GLOBAL INC,SELL,1001,15000,,,https://extapps2.oge.gov/201/Presiden.nsf/PAS+Index/2BF91F890F718ACB85258E5B002DE16B/$FILE/Donald-J-Trump-08.12.2026-278T.pdf
2026-08-28T03:56:09+00:00,2026-08-12,WDAY,WORKDAY INC CLASS CLASS A,SELL,1001,15000,,,https://extapps2.oge.gov/201/Presiden.nsf/PAS+Index/2BF91F890F718ACB85258E5B002DE16B/$FILE/Donald-J-Trump-08.12.2026-278T.pdf
2026-08-28T03:56:09+00:00,2026-08-12,ADBE,ADOBE INC,SELL,1001,15000,,,https://extapps2.oge.gov/201/Presiden.nsf/PAS+Index/2BF91F890F718ACB85258E5B002DE16B/$FILE/Donald-J-Trump-08.12.2026-278T.pdf
2026-08-28T03:56:09+00:00,2026-08-12,RMD,RESMED INC,BUY,1001,15000,2026-06-03,70,https://extapps2.oge.gov/201/Presiden.nsf/PAS+Index/2BF91F890F718ACB85258E5B002DE16B/$FILE/Donald-J-Trump-08.12.2026-278T.pdf
2026-08-28T03:56:09+00:00,2026-08-12,,REPUBLIC SVCS INC,BUY,1001,15000,2026-06-03,70,https://extapps2.oge.gov/201/Presiden.nsf/PAS+Index/2BF91F890F718ACB85258E5B002DE16B/$FILE/Donald-J-Trump-08.12.2026-278T.pdf
2026-08-28T03:56:09+00:00,2026-08-12,,COSTAR GROUP INC,BUY,1001,15000,2026-06-03,70,https://extapps2.oge.gov/201/Presiden.nsf/PAS+Index/2BF91F890F718ACB85258E5B002DE16B/$FILE/Donald-J-Trump-08.12.2026-278T.pdf
2026-08-28T03:56:09+00:00,2026-08-12,,BOOKING HLDGS INC,BUY,1001,15000,2026-06-03,70,https://extapps2.oge.gov/201/Presiden.nsf/PAS+Index/2BF91F890F718ACB85258E5B002DE16B/$FILE/Donald-J-Trump-08.12.2026-278T.pdf
2026-08-28T03:56:09+00:00,2026-08-12,WDAY,WORKDAY INC CLASS CLASS A,BUY,1001,15000,,,https://extapps2.oge.gov/201/Presiden.nsf/PAS+Index/2BF91F890F718ACB85258E5B002DE16B/$FILE/Donald-J-Trump-08.12.2026-278T.pdf
2026-08-28T03:56:09+00:00,2026-08-12,IR,INGERSOLL RAND INC,BUY,1001,15000,2026-06-03,70,https://extapps2.oge.gov/201/Presiden.nsf/PAS+Index/2BF91F890F718ACB85258E5B002DE16B/$FILE/Donald-J-Trump-08.12.2026-278T.pdf
2026-08-28T03:56:09+00:00,2026-08-12,VRSK,VERISK ANALYTICS INC CLASS A,BUY,1001,15000,2026-06-03,70,https://extapps2.oge.gov/201/Presiden.nsf/PAS+Index/2BF91F890F718ACB85258E5B002DE16B/$FILE/Donald-J-Trump-08.12.2026-278T.pdf
2026-08-28T03:56:09+00:00,2026-08-12,VRTX,VERTEX PHARMACEUTICALS,BUY,1001,15000,,,https://extapps2.oge.gov/201/Presiden.nsf/PAS+Index/2BF91F890F718ACB85258E5B002DE16B/$FILE/Donald-J-Trump-08.12.2026-278T.pdf
2026-08-28T03:56:09+00:00,2026-08-12,,AMERICAN INTL GROUP INC,BUY,1001,15000,,,https://extapps2.oge.gov/201/Presiden.nsf/PAS+Index/2BF91F890F718ACB85258E5B002DE16B/$FILE/Donald-J-Trump-08.12.2026-278T.pdf
2026-08-28T03:56:09+00:00,2026-08-12,,AXON ENTERPRISE INC,BUY,1001,15000,,,https://extapps2.oge.gov/201/Presiden.nsf/PAS+Index/2BF91F890F718ACB85258E5B002DE16B/$FILE/Donald-J-Trump-08.12.2026-278T.pdf
2026-08-28T03:56:09+00:00,2026-08-12,IEX,IDEXX LABS INC,BUY,1001,15000,,,https://extapps2.oge.gov/201/Presiden.nsf/PAS+Index/2BF91F890F718ACB85258E5B002DE16B/$FILE/Donald-J-Trump-08.12.2026-278T.pdf
2026-08-28T03:56:09+00:00,2026-08-12,,VERALTO CORP,BUY,1001,15000,,,https://extapps2.oge.gov/201/Presiden.nsf/PAS+Index/2BF91F890F718ACB85258E5B002DE16B/$FILE/Donald-J-Trump-08.12.2026-278T.pdf
2026-08-28T03:56:09+00:00,2026-08-12,WTW,WILLIS TOWERS WATSON P F,BUY,1001,15000,,,https://extapps2.oge.gov/201/Presiden.nsf/PAS+Index/2BF91F890F718ACB85258E5B002DE16B/$FILE/Donald-J-Trump-08.12.2026-278T.pdf
2026-08-28T03:56:09+00:00,2026-08-12,,WHIRLPOOL CORP,BUY,1001,15000,,,https://extapps2.oge.gov/201/Presiden.nsf/PAS+Index/2BF91F890F718ACB85258E5B002DE16B/$FILE/Donald-J-Trump-08.12.2026-278T.pdf
2026-08-28T03:56:09+00:00,2026-08-12,,HENRY JACK & ASSOC INC,BUY,1001,15000,2026-06-03,70,https://extapps2.oge.gov/201/Presiden.nsf/PAS+Index/2BF91F890F718ACB85258E5B002DE16B/$FILE/Donald-J-Trump-08.12.2026-278T.pdf
2026-08-28T03:56:09+00:00,2026-08-12,AMZN,AMAZON.COM INC,BUY,1001,15000,2026-06-03,70,https://extapps2.oge.gov/201/Presiden.nsf/PAS+Index/2BF91F890F718ACB85258E5B002DE16B/$FILE/Donald-J-Trump-08.12.2026-278T.pdf
2026-08-28T03:56:09+00:00,2026-08-12,LLY,ELI LILLY AND CO,BUY,1001,15000,2026-06-03,70,https://extapps2.oge.gov/201/Presiden.nsf/PAS+Index/2BF91F890F718ACB85258E5B002DE16B/$FILE/Donald-J-Trump-08.12.2026-278T.pdf
2026-08-28T03:56:09+00:00,2026-08-12,MU,MICRON TECHNOLOGY INC,BUY,1001,15000,2026-06-03,70,https://extapps2.oge.gov/201/Presiden.nsf/PAS+Index/2BF91F890F718ACB85258E5B002DE16B/$FILE/Donald-J-Trump-08.12.2026-278T.pdf
2026-08-28T03:56:09+00:00,2026-08-12,,HUBSPOT INC,SELL,1001,15000,2026-06-03,70,https://extapps2.oge.gov/201/Presiden.nsf/PAS+Index/2BF91F890F718ACB85258E5B002DE16B/$FILE/Donald-J-Trump-08.12.2026-278T.pdf
2026-08-28T03:56:09+00:00,2026-08-12,,LEIDOS HLDGS INC,SELL,1001,15000,2026-06-03,70,https://extapps2.oge.gov/201/Presiden.nsf/PAS+Index/2BF91F890F718ACB85258E5B002DE16B/$FILE/Donald-J-Trump-08.12.2026-278T.pdf
2026-08-28T03:56:09+00:00,2026-08-12,MDT,MEDTRONIC PLC F,SELL,1001,15000,2026-06-03,70,https://extapps2.oge.gov/201/Presiden.nsf/PAS+Index/2BF91F890F718ACB85258E5B002DE16B/$FILE/Donald-J-Trump-08.12.2026-278T.pdf
2026-08-28T03:56:09+00:00,2026-08-12,TYL,TYLER TECHNOLOGIES INC,SELL,1001,15000,2026-06-03,70,https://extapps2.oge.gov/201/Presiden.nsf/PAS+Index/2BF91F890F718ACB85258E5B002DE16B/$FILE/Donald-J-Trump-08.12.2026-278T.pdf
2026-08-28T03:56:09+00:00,2026-08-12,KMB,KIMBERLY CLARK CORP,SELL,1001,15000,2026-06-03,70,https://extapps2.oge.gov/201/Presiden.nsf/PAS+Index/2BF91F890F718ACB85258E5B002DE16B/$FILE/Donald-J-Trump-08.12.2026-278T.pdf
2026-08-28T03:56:09+00:00,2026-08-12,ULTA,ULTA BEAUTY INC,SELL,1001,15000,2026-06-03,70,https://extapps2.oge.gov/201/Presiden.nsf/PAS+Index/2BF91F890F718ACB85258E5B002DE16B/$FILE/Donald-J-Trump-08.12.2026-278T.pdf
2026-08-28T03:56:09+00:00,2026-08-12,KR,KROGER CO,SELL,1001,15000,2026-06-03,70,https://extapps2.oge.gov/201/Presiden.nsf/PAS+Index/2BF91F890F718ACB85258E5B002DE16B/$FILE/Donald-J-Trump-08.12.2026-278T.pdf
2026-08-28T03:56:09+00:00,2026-08-12,,CHURCHILL DOWNS INC,SELL,1001,15000,2026-06-03,70,https://extapps2.oge.gov/201/Presiden.nsf/PAS+Index/2BF91F890F718ACB85258E5B002DE16B/$FILE/Donald-J-Trump-08.12.2026-278T.pdf
2026-08-28T03:56:09+00:00,2026-08-12,,ESSENTIAL UTILS INC,SELL,1001,15000,2026-06-03,70,https://extapps2.oge.gov/201/Presiden.nsf/PAS+Index/2BF91F890F718ACB85258E5B002DE16B/$FILE/Donald-J-Trump-08.12.2026-278T.pdf
2026-08-28T03:56:09+00:00,2026-08-12,GPC,GENUINE PARTS CO,SELL,1001,15000,2026-06-03,70,https://extapps2.oge.gov/201/Presiden.nsf/PAS+Index/2BF91F890F718ACB85258E5B002DE16B/$FILE/Donald-J-Trump-08.12.2026-278T.pdf
2026-08-28T03:56:09+00:00,2026-08-12,DG,DOLLAR GEN CORP NEW,SELL,1001,15000,2026-06-03,70,https://extapps2.oge.gov/201/Presiden.nsf/PAS+Index/2BF91F890F718ACB85258E5B002DE16B/$FILE/Donald-J-Trump-08.12.2026-278T.pdf
2026-08-28T03:56:09+00:00,2026-08-12,POOL,POOL CORP,SELL,1001,15000,2026-06-03,70,https://extapps2.oge.gov/201/Presiden.nsf/PAS+Index/2BF91F890F718ACB85258E5B002DE16B/$FILE/Donald-J-Trump-08.12.2026-278T.pdf
2026-08-28T03:56:09+00:00,2026-08-12,,ZSCALER INC,SELL,1001,15000,2026-06-03,70,https://extapps2.oge.gov/201/Presiden.nsf/PAS+Index/2BF91F890F718ACB85258E5B002DE16B/$FILE/Donald-J-Trump-08.12.2026-278T.pdf
2026-08-28T03:56:09+00:00,2026-08-12,UBER,UBER TECHNOLOGIES INC,SELL,1001,15000,2026-06-03,70,https://extapps2.oge.gov/201/Presiden.nsf/PAS+Index/2BF91F890F718ACB85258E5B002DE16B/$FILE/Donald-J-Trump-08.12.2026-278T.pdf
2026-08-28T03:56:09+00:00,2026-08-12,,REILLY AUTOMOTIVE INC,SELL,1001,15000,2026-06-03,70,https://extapps2.oge.gov/201/Presiden.nsf/PAS+Index/2BF91F890F718ACB85258E5B002DE16B/$FILE/Donald-J-Trump-08.12.2026-278T.pdf
2026-08-28T03:56:09+00:00,2026-08-12,O,REALTY INCOME CORP REIT,SELL,1001,15000,2026-06-03,70,https://extapps2.oge.gov/201/Presiden.nsf/PAS+Index/2BF91F890F718ACB85258E5B002DE16B/$FILE/Donald-J-Trump-08.12.2026-278T.pdf
2026-08-28T03:56:09+00:00,2026-08-12,YUM,'YUM BRANDS INC,SELL,1001,15000,2026-06-03,70,https://extapps2.oge.gov/201/Presiden.nsf/PAS+Index/2BF91F890F718ACB85258E5B002DE16B/$FILE/Donald-J-Trump-08.12.2026-278T.pdf
2026-08-28T03:56:09+00:00,2026-08-12,,LULULEMON ATHLETICA INC,SELL,1001,15000,2026-06-03,70,https://extapps2.oge.gov/201/Presiden.nsf/PAS+Index/2BF91F890F718ACB85258E5B002DE16B/$FILE/Donald-J-Trump-08.12.2026-278T.pdf
2026-08-28T03:56:09+00:00,2026-08-12,PYPL,PAYPAL HLDGS INC,SELL,1001,15000,2026-06-03,70,https://extapps2.oge.gov/201/Presiden.nsf/PAS+Index/2BF91F890F718ACB85258E5B002DE16B/$FILE/Donald-J-Trump-08.12.2026-278T.pdf
2026-08-28T03:56:09+00:00,2026-08-12,BA,BOEING CO,SELL,1001,15000,2026-06-03,70,https://extapps2.oge.gov/201/Presiden.nsf/PAS+Index/2BF91F890F718ACB85258E5B002DE16B/$FILE/Donald-J-Trump-08.12.2026-278T.pdf
2026-08-28T03:56:09+00:00,2026-08-12,CEG,CONSTELLATION ENERGY COR,SELL,1001,15000,2026-06-03,70,https://extapps2.oge.gov/201/Presiden.nsf/PAS+Index/2BF91F890F718ACB85258E5B002DE16B/$FILE/Donald-J-Trump-08.12.2026-278T.pdf
2026-08-28T03:56:09+00:00,2026-08-12,LEN,LENNAR CORP CLASS A,SELL,1001,15000,2026-06-03,70,https://extapps2.oge.gov/201/Presiden.nsf/PAS+Index/2BF91F890F718ACB85258E5B002DE16B/$FILE/Donald-J-Trump-08.12.2026-278T.pdf
2026-08-28T03:56:09+00:00,2026-08-12,,GALLAGHER ARTHUR J & CO,SELL,1001,15000,2026-06-03,70,https://extapps2.oge.gov/201/Presiden.nsf/PAS+Index/2BF91F890F718ACB85258E5B002DE16B/$FILE/Donald-J-Trump-08.12.2026-278T.pdf
2026-08-28T03:56:09+00:00,2026-08-12,,INSULET CORP,SELL,1001,15000,2026-06-03,70,https://extapps2.oge.gov/201/Presiden.nsf/PAS+Index/2BF91F890F718ACB85258E5B002DE16B/$FILE/Donald-J-Trump-08.12.2026-278T.pdf
2026-08-28T03:56:09+00:00,2026-08-12,HIG,HARTFORD INS GROUP INC,SELL,1001,15000,2026-06-03,70,https://extapps2.oge.gov/201/Presiden.nsf/PAS+Index/2BF91F890F718ACB85258E5B002DE16B/$FILE/Donald-J-Trump-08.12.2026-278T.pdf
2026-08-28T03:56:09+00:00,2026-08-12,GIS,GENERAL MILLS INC,SELL,1001,15000,2026-06-03,70,https://extapps2.oge.gov/201/Presiden.nsf/PAS+Index/2BF91F890F718ACB85258E5B002DE16B/$FILE/Donald-J-Trump-08.12.2026-278T.pdf
2026-08-28T03:56:09+00:00,2026-08-12,CMCSA,COMCAST CORP NEW CLASS CLASS A,SELL,1001,15000,2026-06-03,70,https://extapps2.oge.gov/201/Presiden.nsf/PAS+Index/2BF91F890F718ACB85258E5B002DE16B/$FILE/Donald-J-Trump-08.12.2026-278T.pdf
2026-08-28T03:56:09+00:00,2026-08-12,LOW,LOWES COS INC,SELL,1001,15000,2026-06-03,70,https://extapps2.oge.gov/201/Presiden.nsf/PAS+Index/2BF91F890F718ACB85258E5B002DE16B/$FILE/Donald-J-Trump-08.12.2026-278T.pdf
2026-08-28T03:56:09+00:00,2026-08-12,ISRG,INTUITIVE SURGICAL INC,SELL,1001,15000,2026-06-03,70,https://extapps2.oge.gov/201/Presiden.nsf/PAS+Index/2BF91F890F718ACB85258E5B002DE16B/$FILE/Donald-J-Trump-08.12.2026-278T.pdf
2026-08-28T03:56:09+00:00,2026-08-12,PGR,PROGRESSIVE CORP OH,SELL,1001,15000,2026-06-03,70,https://extapps2.oge.gov/201/Presiden.nsf/PAS+Index/2BF91F890F718ACB85258E5B002DE16B/$FILE/Donald-J-Trump-08.12.2026-278T.pdf
2026-08-28T03:56:09+00:00,2026-08-12,INTU,™ INTUIT,SELL,1001,15000,2026-06-03,70,https://extapps2.oge.gov/201/Presiden.nsf/PAS+Index/2BF91F890F718ACB85258E5B002DE16B/$FILE/Donald-J-Trump-08.12.2026-278T.pdf
2026-08-28T03:56:09+00:00,2026-08-12,CPRT,COPART INC,SELL,1001,15000,2026-06-03,70,https://extapps2.oge.gov/201/Presiden.nsf/PAS+Index/2BF91F890F718ACB85258E5B002DE16B/$FILE/Donald-J-Trump-08.12.2026-278T.pdf
2026-08-28T03:56:09+00:00,2026-08-12,META,META PLATFORMS INC CLASS CLASS A,SELL,1001,15000,2026-06-03,70,https://extapps2.oge.gov/201/Presiden.nsf/PAS+Index/2BF91F890F718ACB85258E5B002DE16B/$FILE/Donald-J-Trump-08.12.2026-278T.pdf
2026-08-28T03:56:09+00:00,2026-08-12,MSFT,MICROSOFT CORP,SELL,1001,15000,2026-06-03,70,https://extapps2.oge.gov/201/Presiden.nsf/PAS+Index/2BF91F890F718ACB85258E5B002DE16B/$FILE/Donald-J-Trump-08.12.2026-278T.pdf
2026-08-28T03:56:09+00:00,2026-08-12,,ISHARES GSCI COMMODITY DYNAMIC ROLL STRATEGY ETF,BUY,1000001,5000000,2026-06-02,71,https://extapps2.oge.gov/201/Presiden.nsf/PAS+Index/2BF91F890F718ACB85258E5B002DE16B/$FILE/Donald-J-Trump-08.12.2026-278T.pdf
2026-08-28T03:56:09+00:00,2026-08-12,,STATE STREET CONSUMER DISCRETIONARY SELECT SECTOR SPOR ETF,SELL,1000001,5000000,2026-06-02,71,https://extapps2.oge.gov/201/Presiden.nsf/PAS+Index/2BF91F890F718ACB85258E5B002DE16B/$FILE/Donald-J-Trump-08.12.2026-278T.pdf
2026-08-28T03:56:09+00:00,2026-08-12,HD,HOME DEPOT INC,BUY,1000001,5000000,2026-06-22,51,https://extapps2.oge.gov/201/Presiden.nsf/PAS+Index/2BF91F890F718ACB85258E5B002DE16B/$FILE/Donald-J-Trump-08.12.2026-278T.pdf
2026-08-28T03:56:09+00:00,2026-08-12,NKE,NIKE INC CLASS CLASS B,BUY,250001,500000,2026-06-22,51,https://extapps2.oge.gov/201/Presiden.nsf/PAS+Index/2BF91F890F718ACB85258E5B002DE16B/$FILE/Donald-J-Trump-08.12.2026-278T.pdf
2026-08-28T03:56:09+00:00,2026-08-12,GPC,GENUINE PARTS CO,BUY,250001,500000,2026-06-22,51,https://extapps2.oge.gov/201/Presiden.nsf/PAS+Index/2BF91F890F718ACB85258E5B002DE16B/$FILE/Donald-J-Trump-08.12.2026-278T.pdf
2026-08-28T03:56:09+00:00,2026-08-12,,ASBURY AUTOMOTIVE GROUP,BUY,50001,100000,2026-06-04,69,https://extapps2.oge.gov/201/Presiden.nsf/PAS+Index/2BF91F890F718ACB85258E5B002DE16B/$FILE/Donald-J-Trump-08.12.2026-278T.pdf
2026-08-28T03:56:09+00:00,2026-08-12,POOL,POOL CORP,BUY,50001,100000,2026-06-22,51,https://extapps2.oge.gov/201/Presiden.nsf/PAS+Index/2BF91F890F718ACB85258E5B002DE16B/$FILE/Donald-J-Trump-08.12.2026-278T.pdf
2026-08-28T03:56:09+00:00,2026-08-12,,LIQUIDIA CORP,BUY,50001,100000,2026-06-22,51,https://extapps2.oge.gov/201/Presiden.nsf/PAS+Index/2BF91F890F718ACB85258E5B002DE16B/$FILE/Donald-J-Trump-08.12.2026-278T.pdf
2026-08-28T03:56:09+00:00,2026-08-12,,FLOWERS FOODS INC,BUY,50001,100000,2026-06-04,69,https://extapps2.oge.gov/201/Presiden.nsf/PAS+Index/2BF91F890F718ACB85258E5B002DE16B/$FILE/Donald-J-Trump-08.12.2026-278T.pdf
2026-08-28T03:56:09+00:00,2026-08-12,CPB,THE CAMPBELL'S CO,BUY,50001,100000,2026-06-22,51,https://extapps2.oge.gov/201/Presiden.nsf/PAS+Index/2BF91F890F718ACB85258E5B002DE16B/$FILE/Donald-J-Trump-08.12.2026-278T.pdf
2026-08-28T03:56:09+00:00,2026-08-12,,PRIMORIS SVCS CORP,BUY,50001,100000,2026-06-22,51,https://extapps2.oge.gov/201/Presiden.nsf/PAS+Index/2BF91F890F718ACB85258E5B002DE16B/$FILE/Donald-J-Trump-08.12.2026-278T.pdf
2026-08-28T03:56:09+00:00,2026-08-12,,CONMED CORP,BUY,15001,50000,2026-06-04,69,https://extapps2.oge.gov/201/Presiden.nsf/PAS+Index/2BF91F890F718ACB85258E5B002DE16B/$FILE/Donald-J-Trump-08.12.2026-278T.pdf
2026-08-28T03:56:09+00:00,2026-08-12,,EXP WORLD HLDGS INC,BUY,15001,50000,2026-06-04,69,https://extapps2.oge.gov/201/Presiden.nsf/PAS+Index/2BF91F890F718ACB85258E5B002DE16B/$FILE/Donald-J-Trump-08.12.2026-278T.pdf
2026-08-28T03:56:09+00:00,2026-08-12,,NICOLET BANKSHARES INC,BUY,15001,50000,,,https://extapps2.oge.gov/201/Presiden.nsf/PAS+Index/2BF91F890F718ACB85258E5B002DE16B/$FILE/Donald-J-Trump-08.12.2026-278T.pdf
2026-08-28T03:56:09+00:00,2026-08-12,,OTTER TAIL CORP,BUY,15001,50000,2026-06-22,51,https://extapps2.oge.gov/201/Presiden.nsf/PAS+Index/2BF91F890F718ACB85258E5B002DE16B/$FILE/Donald-J-Trump-08.12.2026-278T.pdf
2026-08-28T03:56:09+00:00,2026-08-12,,HAWAIIAN ELEC INDS INC,BUY,15001,50000,2026-06-04,69,https://extapps2.oge.gov/201/Presiden.nsf/PAS+Index/2BF91F890F718ACB85258E5B002DE16B/$FILE/Donald-J-Trump-08.12.2026-278T.pdf
2026-08-28T03:56:09+00:00,2026-08-12,,F&G ANNUITIES & LIFE INC,BUY,15001,50000,2026-06-04,69,https://extapps2.oge.gov/201/Presiden.nsf/PAS+Index/2BF91F890F718ACB85258E5B002DE16B/$FILE/Donald-J-Trump-08.12.2026-278T.pdf
2026-08-28T03:56:09+00:00,2026-08-12,,LAUREATE ED INC,BUY,15001,50000,2026-06-04,69,https://extapps2.oge.gov/201/Presiden.nsf/PAS+Index/2BF91F890F718ACB85258E5B002DE16B/$FILE/Donald-J-Trump-08.12.2026-278T.pdf
2026-08-28T03:56:09+00:00,2026-08-12,,CALIFORNIA WTR SVC GROUP,BUY,15001,50000,2026-06-22,51,https://extapps2.oge.gov/201/Presiden.nsf/PAS+Index/2BF91F890F718ACB85258E5B002DE16B/$FILE/Donald-J-Trump-08.12.2026-278T.pdf
2026-08-28T03:56:09+00:00,2026-08-12,,PTC THERAPEUTICS INC,BUY,15001,50000,2026-06-04,69,https://extapps2.oge.gov/201/Presiden.nsf/PAS+Index/2BF91F890F718ACB85258E5B002DE16B/$FILE/Donald-J-Trump-08.12.2026-278T.pdf
2026-08-28T03:56:09+00:00,2026-08-12,,WESTERN UN CO,BUY,15001,50000,2026-06-04,69,https://extapps2.oge.gov/201/Presiden.nsf/PAS+Index/2BF91F890F718ACB85258E5B002DE16B/$FILE/Donald-J-Trump-08.12.2026-278T.pdf
2026-08-28T03:56:09+00:00,2026-08-12,,ULTRA CLEAN HLDGS INC,BUY,15001,50000,2026-06-04,69,https://extapps2.oge.gov/201/Presiden.nsf/PAS+Index/2BF91F890F718ACB85258E5B002DE16B/$FILE/Donald-J-Trump-08.12.2026-278T.pdf
2026-08-28T03:56:09+00:00,2026-08-12,,ARGAN INC,BUY,15001,50000,,,https://extapps2.oge.gov/201/Presiden.nsf/PAS+Index/2BF91F890F718ACB85258E5B002DE16B/$FILE/Donald-J-Trump-08.12.2026-278T.pdf
2026-08-28T03:56:09+00:00,2026-08-12,,POWELL INDS INC,BUY,15001,50000,2026-06-22,51,https://extapps2.oge.gov/201/Presiden.nsf/PAS+Index/2BF91F890F718ACB85258E5B002DE16B/$FILE/Donald-J-Trump-08.12.2026-278T.pdf
2026-08-28T03:56:09+00:00,2026-08-12,,NEOGENOMICS INC,BUY,15001,50000,2026-06-22,51,https://extapps2.oge.gov/201/Presiden.nsf/PAS+Index/2BF91F890F718ACB85258E5B002DE16B/$FILE/Donald-J-Trump-08.12.2026-278T.pdf
2026-08-28T03:56:09+00:00,2026-08-12,,QUIDELORTHO CORP,BUY,15001,50000,2026-06-04,69,https://extapps2.oge.gov/201/Presiden.nsf/PAS+Index/2BF91F890F718ACB85258E5B002DE16B/$FILE/Donald-J-Trump-08.12.2026-278T.pdf
2026-08-28T03:56:09+00:00,2026-08-12,,MONRO INC,BUY,15001,50000,2026-06-04,69,https://extapps2.oge.gov/201/Presiden.nsf/PAS+Index/2BF91F890F718ACB85258E5B002DE16B/$FILE/Donald-J-Trump-08.12.2026-278T.pdf
2026-08-28T03:56:09+00:00,2026-08-12,,ADVANCE AUTO PTS INC,BUY,15001,50000,2026-06-22,51,https://extapps2.oge.gov/201/Presiden.nsf/PAS+Index/2BF91F890F718ACB85258E5B002DE16B/$FILE/Donald-J-Trump-08.12.2026-278T.pdf
2026-08-28T03:56:09+00:00,2026-08-12,,ARGAN INC,BUY,15001,50000,2026-06-22,51,https://extapps2.oge.gov/201/Presiden.nsf/PAS+Index/2BF91F890F718ACB85258E5B002DE16B/$FILE/Donald-J-Trump-08.12.2026-278T.pdf
2026-08-28T03:56:09+00:00,2026-08-12,,BEACON FINL CORP,BUY,15001,50000,2026-06-22,51,https://extapps2.oge.gov/201/Presiden.nsf/PAS+Index/2BF91F890F718ACB85258E5B002DE16B/$FILE/Donald-J-Trump-08.12.2026-278T.pdf
2026-08-28T03:56:09+00:00,2026-08-12,,RALLIANT CORP,BUY,15001,50000,2026-06-22,51,https://extapps2.oge.gov/201/Presiden.nsf/PAS+Index/2BF91F890F718ACB85258E5B002DE16B/$FILE/Donald-J-Trump-08.12.2026-278T.pdf
2026-08-28T03:56:09+00:00,2026-08-12,,JBT MAREL CORP,BUY,15001,50000,2026-06-04,69,https://extapps2.oge.gov/201/Presiden.nsf/PAS+Index/2BF91F890F718ACB85258E5B002DE16B/$FILE/Donald-J-Trump-08.12.2026-278T.pdf
2026-08-28T03:56:09+00:00,2026-08-12,,DIEBOLD NIXDORF INC,BUY,15001,50000,2026-06-04,69,https://extapps2.oge.gov/201/Presiden.nsf/PAS+Index/2BF91F890F718ACB85258E5B002DE16B/$FILE/Donald-J-Trump-08.12.2026-278T.pdf
2026-08-28T03:56:09+00:00,2026-08-12,,LIFESTANCE HEALTH GROUP,BUY,15001,50000,2026-06-04,69,https://extapps2.oge.gov/201/Presiden.nsf/PAS+Index/2BF91F890F718ACB85258E5B002DE16B/$FILE/Donald-J-Trump-08.12.2026-278T.pdf
2026-08-28T03:56:09+00:00,2026-08-12,,EVERFORTH INC,BUY,15001,50000,2026-06-04,69,https://extapps2.oge.gov/201/Presiden.nsf/PAS+Index/2BF91F890F718ACB85258E5B002DE16B/$FILE/Donald-J-Trump-08.12.2026-278T.pdf
2026-08-28T03:56:09+00:00,2026-08-12,,BLACKLINE INC,BUY,15001,50000,2026-06-04,69,https://extapps2.oge.gov/201/Presiden.nsf/PAS+Index/2BF91F890F718ACB85258E5B002DE16B/$FILE/Donald-J-Trump-08.12.2026-278T.pdf
2026-08-28T03:56:09+00:00,2026-08-12,,N-ABLE INC,BUY,15001,50000,2026-06-04,69,https://extapps2.oge.gov/201/Presiden.nsf/PAS+Index/2BF91F890F718ACB85258E5B002DE16B/$FILE/Donald-J-Trump-08.12.2026-278T.pdf
2026-08-28T03:56:09+00:00,2026-08-12,,PAPA JOHNS INTL INC,SELL,1001,15000,2026-06-04,69,https://extapps2.oge.gov/201/Presiden.nsf/PAS+Index/2BF91F890F718ACB85258E5B002DE16B/$FILE/Donald-J-Trump-08.12.2026-278T.pdf
2026-08-28T03:56:09+00:00,2026-08-12,,ARTIVION INC,SELL,1001,15000,2026-06-04,69,https://extapps2.oge.gov/201/Presiden.nsf/PAS+Index/2BF91F890F718ACB85258E5B002DE16B/$FILE/Donald-J-Trump-08.12.2026-278T.pdf
2026-08-28T03:56:09+00:00,2026-08-12,,ALARM COM HLDGS INC,SELL,1001,15000,2026-06-04,69,https://extapps2.oge.gov/201/Presiden.nsf/PAS+Index/2BF91F890F718ACB85258E5B002DE16B/$FILE/Donald-J-Trump-08.12.2026-278T.pdf
2026-08-28T03:56:09+00:00,2026-08-12,,ns BADGER METER INC,SELL,1001,15000,2026-06-04,69,https://extapps2.oge.gov/201/Presiden.nsf/PAS+Index/2BF91F890F718ACB85258E5B002DE16B/$FILE/Donald-J-Trump-08.12.2026-278T.pdf
2026-08-28T03:56:09+00:00,2026-08-12,,BANCFIRST CORP,SELL,1001,15000,2026-06-04,69,https://extapps2.oge.gov/201/Presiden.nsf/PAS+Index/2BF91F890F718ACB85258E5B002DE16B/$FILE/Donald-J-Trump-08.12.2026-278T.pdf
2026-08-28T03:56:09+00:00,2026-08-12,,NMI HLDGS INC,SELL,1001,15000,2026-06-04,69,https://extapps2.oge.gov/201/Presiden.nsf/PAS+Index/2BF91F890F718ACB85258E5B002DE16B/$FILE/Donald-J-Trump-08.12.2026-278T.pdf
2026-08-28T03:56:09+00:00,2026-08-12,,FOUR CORNERS PPTY TR INC,SELL,1001,15000,2026-06-04,69,https://extapps2.oge.gov/201/Presiden.nsf/PAS+Index/2BF91F890F718ACB85258E5B002DE16B/$FILE/Donald-J-Trump-08.12.2026-278T.pdf
2026-08-28T03:56:09+00:00,2026-08-12,,ACI WORLDWIDE INC,SELL,1001,15000,2026-06-04,69,https://extapps2.oge.gov/201/Presiden.nsf/PAS+Index/2BF91F890F718ACB85258E5B002DE16B/$FILE/Donald-J-Trump-08.12.2026-278T.pdf
2026-08-28T03:56:09+00:00,2026-08-12,,AMERISAFE INC,SELL,1001,15000,2026-06-04,69,https://extapps2.oge.gov/201/Presiden.nsf/PAS+Index/2BF91F890F718ACB85258E5B002DE16B/$FILE/Donald-J-Trump-08.12.2026-278T.pdf
2026-08-28T03:56:09+00:00,2026-08-12,,ENOVIS CORP,SELL,1001,15000,2026-06-04,69,https://extapps2.oge.gov/201/Presiden.nsf/PAS+Index/2BF91F890F718ACB85258E5B002DE16B/$FILE/Donald-J-Trump-08.12.2026-278T.pdf
2026-08-28T03:56:09+00:00,2026-08-12,,ISPS COMM INC,SELL,15001,50000,2026-06-04,69,https://extapps2.oge.gov/201/Presiden.nsf/PAS+Index/2BF91F890F718ACB85258E5B002DE16B/$FILE/Donald-J-Trump-08.12.2026-278T.pdf
2026-08-28T03:56:09+00:00,2026-08-12,,ISKYWEST INC,SELL,15001,50000,2026-06-04,69,https://extapps2.oge.gov/201/Presiden.nsf/PAS+Index/2BF91F890F718ACB85258E5B002DE16B/$FILE/Donald-J-Trump-08.12.2026-278T.pdf
2026-08-28T03:56:09+00:00,2026-08-12,,ICAL MAINE FOODS INC,SELL,15001,50000,2026-06-04,69,https://extapps2.oge.gov/201/Presiden.nsf/PAS+Index/2BF91F890F718ACB85258E5B002DE16B/$FILE/Donald-J-Trump-08.12.2026-278T.pdf
2026-08-28T03:56:09+00:00,2026-08-12,,INSPIRE MED SYS INC,SELL,15001,50000,2026-06-04,69,https://extapps2.oge.gov/201/Presiden.nsf/PAS+Index/2BF91F890F718ACB85258E5B002DE16B/$FILE/Donald-J-Trump-08.12.2026-278T.pdf
2026-08-28T03:56:09+00:00,2026-08-12,,PALOMAR HLDGS INC,SELL,15001,50000,2026-06-04,69,https://extapps2.oge.gov/201/Presiden.nsf/PAS+Index/2BF91F890F718ACB85258E5B002DE16B/$FILE/Donald-J-Trump-08.12.2026-278T.pdf
2026-08-28T03:56:09+00:00,2026-08-12,,FRESHPET INC,SELL,15001,50000,2026-06-04,69,https://extapps2.oge.gov/201/Presiden.nsf/PAS+Index/2BF91F890F718ACB85258E5B002DE16B/$FILE/Donald-J-Trump-08.12.2026-278T.pdf
2026-08-28T03:56:09+00:00,2026-08-12,,BRINKER INTL INC,SELL,15001,50000,2026-06-04,69,https://extapps2.oge.gov/201/Presiden.nsf/PAS+Index/2BF91F890F718ACB85258E5B002DE16B/$FILE/Donald-J-Trump-08.12.2026-278T.pdf
2026-08-28T03:56:09+00:00,2026-08-12,,CHESAPEAKE UTILS CORP,SELL,15001,50000,2026-06-04,69,https://extapps2.oge.gov/201/Presiden.nsf/PAS+Index/2BF91F890F718ACB85258E5B002DE16B/$FILE/Donald-J-Trump-08.12.2026-278T.pdf
2026-08-28T03:56:09+00:00,2026-08-12,,SAREPTA THERAPEUTICS INC,SELL,15001,50000,2026-06-04,69,https://extapps2.oge.gov/201/Presiden.nsf/PAS+Index/2BF91F890F718ACB85258E5B002DE16B/$FILE/Donald-J-Trump-08.12.2026-278T.pdf
2026-08-28T03:56:09+00:00,2026-08-12,,ABM INDS INC,SELL,15001,50000,2026-06-04,69,https://extapps2.oge.gov/201/Presiden.nsf/PAS+Index/2BF91F890F718ACB85258E5B002DE16B/$FILE/Donald-J-Trump-08.12.2026-278T.pdf
2026-08-28T03:56:09+00:00,2026-08-12,,GROUP 1 AUTOMOTIVE INC,SELL,50001,100000,,,https://extapps2.oge.gov/201/Presiden.nsf/PAS+Index/2BF91F890F718ACB85258E5B002DE16B/$FILE/Donald-J-Trump-08.12.2026-278T.pdf
2026-08-28T03:56:09+00:00,2026-08-12,,VIAVI SOLUTIONS INC,SELL,250001,500000,2026-06-22,51,https://extapps2.oge.gov/201/Presiden.nsf/PAS+Index/2BF91F890F718ACB85258E5B002DE16B/$FILE/Donald-J-Trump-08.12.2026-278T.pdf
2026-08-28T03:56:09+00:00,2026-08-12,,ISANMINA CORP,SELL,250001,500000,2026-06-22,51,https://extapps2.oge.gov/201/Presiden.nsf/PAS+Index/2BF91F890F718ACB85258E5B002DE16B/$FILE/Donald-J-Trump-08.12.2026-278T.pdf
2026-08-28T03:56:09+00:00,2026-08-12,,SEMTECH CORP,SELL,250001,500000,2026-06-22,51,https://extapps2.oge.gov/201/Presiden.nsf/PAS+Index/2BF91F890F718ACB85258E5B002DE16B/$FILE/Donald-J-Trump-08.12.2026-278T.pdf
2026-08-28T03:56:09+00:00,2026-08-12,,ISALESFORCE INC,BUY,100001,250000,2026-06-24,49,https://extapps2.oge.gov/201/Presiden.nsf/PAS+Index/2BF91F890F718ACB85258E5B002DE16B/$FILE/Donald-J-Trump-08.12.2026-278T.pdf
2026-08-28T03:56:09+00:00,2026-08-12,T,AT&T INC,BUY,100001,250000,2026-06-24,49,https://extapps2.oge.gov/201/Presiden.nsf/PAS+Index/2BF91F890F718ACB85258E5B002DE16B/$FILE/Donald-J-Trump-08.12.2026-278T.pdf
2026-08-28T03:56:09+00:00,2026-08-12,ISRG,INTUITIVE SURGICAL INC,BUY,100001,250000,2026-06-24,49,https://extapps2.oge.gov/201/Presiden.nsf/PAS+Index/2BF91F890F718ACB85258E5B002DE16B/$FILE/Donald-J-Trump-08.12.2026-278T.pdf
2026-08-28T03:56:09+00:00,2026-08-12,,BOOKING HLDGS INC,BUY,100001,250000,2026-06-24,49,https://extapps2.oge.gov/201/Presiden.nsf/PAS+Index/2BF91F890F718ACB85258E5B002DE16B/$FILE/Donald-J-Trump-08.12.2026-278T.pdf
2026-08-28T03:56:09+00:00,2026-08-12,META,META PLATFORMS INC CLASS A,BUY,100001,250000,2026-06-24,49,https://extapps2.oge.gov/201/Presiden.nsf/PAS+Index/2BF91F890F718ACB85258E5B002DE16B/$FILE/Donald-J-Trump-08.12.2026-278T.pdf
2026-08-28T03:56:09+00:00,2026-08-12,,KKR & CO INC,BUY,50001,100000,2026-06-24,49,https://extapps2.oge.gov/201/Presiden.nsf/PAS+Index/2BF91F890F718ACB85258E5B002DE16B/$FILE/Donald-J-Trump-08.12.2026-278T.pdf
2026-08-28T03:56:09+00:00,2026-08-12,ROP,ROPER TECHNOLOGIES INC,BUY,50001,100000,2026-06-24,49,https://extapps2.oge.gov/201/Presiden.nsf/PAS+Index/2BF91F890F718ACB85258E5B002DE16B/$FILE/Donald-J-Trump-08.12.2026-278T.pdf
2026-08-28T03:56:09+00:00,2026-08-12,SPGI,S&P GLOBAL INC,BUY,50001,100000,2026-06-24,49,https://extapps2.oge.gov/201/Presiden.nsf/PAS+Index/2BF91F890F718ACB85258E5B002DE16B/$FILE/Donald-J-Trump-08.12.2026-278T.pdf
2026-08-28T03:56:09+00:00,2026-08-12,SHW,SHERWIN-WILLIAMS CO,BUY,50001,100000,2026-06-24,49,https://extapps2.oge.gov/201/Presiden.nsf/PAS+Index/2BF91F890F718ACB85258E5B002DE16B/$FILE/Donald-J-Trump-08.12.2026-278T.pdf
2026-08-28T03:56:09+00:00,2026-08-12,AMT,AMERICAN TOWER CORP NEW REIT __,BUY,50001,100000,2026-06-24,49,https://extapps2.oge.gov/201/Presiden.nsf/PAS+Index/2BF91F890F718ACB85258E5B002DE16B/$FILE/Donald-J-Trump-08.12.2026-278T.pdf
2026-08-28T03:56:09+00:00,2026-08-12,,LULULEMON ATHLETICA INC,BUY,50001,100000,2026-06-24,49,https://extapps2.oge.gov/201/Presiden.nsf/PAS+Index/2BF91F890F718ACB85258E5B002DE16B/$FILE/Donald-J-Trump-08.12.2026-278T.pdf
2026-08-28T03:56:09+00:00,2026-08-12,CEG,CONSTELLATION ENERGY COR,BUY,50001,100000,2026-06-24,49,https://extapps2.oge.gov/201/Presiden.nsf/PAS+Index/2BF91F890F718ACB85258E5B002DE16B/$FILE/Donald-J-Trump-08.12.2026-278T.pdf
2026-08-28T03:56:09+00:00,2026-08-12,MDT,MEDTRONIC PLC F,BUY,50001,100000,2026-06-24,49,https://extapps2.oge.gov/201/Presiden.nsf/PAS+Index/2BF91F890F718ACB85258E5B002DE16B/$FILE/Donald-J-Trump-08.12.2026-278T.pdf
2026-08-28T03:56:09+00:00,2026-08-12,TDG,TRANSDIGM GROUP INC,BUY,15001,50000,2026-06-24,49,https://extapps2.oge.gov/201/Presiden.nsf/PAS+Index/2BF91F890F718ACB85258E5B002DE16B/$FILE/Donald-J-Trump-08.12.2026-278T.pdf
2026-08-28T03:56:09+00:00,2026-08-12,JPM,JPMORGAN CHASE & CO,BUY,15001,50000,2026-06-24,49,https://extapps2.oge.gov/201/Presiden.nsf/PAS+Index/2BF91F890F718ACB85258E5B002DE16B/$FILE/Donald-J-Trump-08.12.2026-278T.pdf
2026-08-28T03:56:09+00:00,2026-08-12,CHTR,CHARTER COMMUNICATIONS CLASS A,BUY,15001,50000,2026-06-24,49,https://extapps2.oge.gov/201/Presiden.nsf/PAS+Index/2BF91F890F718ACB85258E5B002DE16B/$FILE/Donald-J-Trump-08.12.2026-278T.pdf
2026-08-28T03:56:09+00:00,2026-08-12,KMB,KIMBERLY CLARK CORP,BUY,15001,50000,2026-06-24,49,https://extapps2.oge.gov/201/Presiden.nsf/PAS+Index/2BF91F890F718ACB85258E5B002DE16B/$FILE/Donald-J-Trump-08.12.2026-278T.pdf
2026-08-28T03:56:09+00:00,2026-08-12,,LUCID GROUP INC,BUY,15001,50000,2026-06-24,49,https://extapps2.oge.gov/201/Presiden.nsf/PAS+Index/2BF91F890F718ACB85258E5B002DE16B/$FILE/Donald-J-Trump-08.12.2026-278T.pdf
2026-08-28T03:56:09+00:00,2026-08-12,,MARVELL TECHNOLOGY INC,BUY,15001,50000,2026-06-24,49,https://extapps2.oge.gov/201/Presiden.nsf/PAS+Index/2BF91F890F718ACB85258E5B002DE16B/$FILE/Donald-J-Trump-08.12.2026-278T.pdf
2026-08-28T03:56:09+00:00,2026-08-12,FOXA,FOX CORP CLASS CLASS B,SELL,1001,15000,2026-06-24,49,https://extapps2.oge.gov/201/Presiden.nsf/PAS+Index/2BF91F890F718ACB85258E5B002DE16B/$FILE/Donald-J-Trump-08.12.2026-278T.pdf
2026-08-28T03:56:09+00:00,2026-08-12,,JOLIN CORP,SELL,1001,15000,2026-06-24,49,https://extapps2.oge.gov/201/Presiden.nsf/PAS+Index/2BF91F890F718ACB85258E5B002DE16B/$FILE/Donald-J-Trump-08.12.2026-278T.pdf
2026-08-28T03:56:09+00:00,2026-08-12,MMC,MARSH & MCLENNAN COS INC,SELL,1001,15000,2026-06-24,49,https://extapps2.oge.gov/201/Presiden.nsf/PAS+Index/2BF91F890F718ACB85258E5B002DE16B/$FILE/Donald-J-Trump-08.12.2026-278T.pdf
2026-08-28T03:56:09+00:00,2026-08-12,FOXA,FOX CORP CLASS A,SELL,1001,15000,2026-06-24,49,https://extapps2.oge.gov/201/Presiden.nsf/PAS+Index/2BF91F890F718ACB85258E5B002DE16B/$FILE/Donald-J-Trump-08.12.2026-278T.pdf
2026-08-28T03:56:09+00:00,2026-08-12,,ASTERA LABS INC,SELL,1001,15000,2026-06-24,49,https://extapps2.oge.gov/201/Presiden.nsf/PAS+Index/2BF91F890F718ACB85258E5B002DE16B/$FILE/Donald-J-Trump-08.12.2026-278T.pdf
2026-08-28T03:56:09+00:00,2026-08-12,CI,THE CIGNA GROUP,SELL,1001,15000,2026-06-24,49,https://extapps2.oge.gov/201/Presiden.nsf/PAS+Index/2BF91F890F718ACB85258E5B002DE16B/$FILE/Donald-J-Trump-08.12.2026-278T.pdf
2026-08-28T03:56:09+00:00,2026-08-12,,MSA SAFETY INC,SELL,1001,15000,2026-06-24,49,https://extapps2.oge.gov/201/Presiden.nsf/PAS+Index/2BF91F890F718ACB85258E5B002DE16B/$FILE/Donald-J-Trump-08.12.2026-278T.pdf
2026-08-28T03:56:09+00:00,2026-08-12,,KYNDRYL HLDGS INC,SELL,15001,50000,2026-06-24,49,https://extapps2.oge.gov/201/Presiden.nsf/PAS+Index/2BF91F890F718ACB85258E5B002DE16B/$FILE/Donald-J-Trump-08.12.2026-278T.pdf
2026-08-28T03:56:09+00:00,2026-08-12,SNA,SNAP INC CLASS A,SELL,15001,50000,2026-06-24,49,https://extapps2.oge.gov/201/Presiden.nsf/PAS+Index/2BF91F890F718ACB85258E5B002DE16B/$FILE/Donald-J-Trump-08.12.2026-278T.pdf
2026-08-28T03:56:09+00:00,2026-08-12,,EQT CORP,SELL,15001,50000,2026-06-24,49,https://extapps2.oge.gov/201/Presiden.nsf/PAS+Index/2BF91F890F718ACB85258E5B002DE16B/$FILE/Donald-J-Trump-08.12.2026-278T.pdf
2026-08-28T03:56:09+00:00,2026-08-12,,PTC INC,SELL,15001,50000,2026-06-24,49,https://extapps2.oge.gov/201/Presiden.nsf/PAS+Index/2BF91F890F718ACB85258E5B002DE16B/$FILE/Donald-J-Trump-08.12.2026-278T.pdf
2026-08-28T03:56:09+00:00,2026-08-12,AZO,AUTOZONE INC,SELL,15001,50000,2026-06-24,49,https://extapps2.oge.gov/201/Presiden.nsf/PAS+Index/2BF91F890F718ACB85258E5B002DE16B/$FILE/Donald-J-Trump-08.12.2026-278T.pdf
2026-08-28T03:56:09+00:00,2026-08-12,,EPAM SYS INC,SELL,15001,50000,2026-06-24,49,https://extapps2.oge.gov/201/Presiden.nsf/PAS+Index/2BF91F890F718ACB85258E5B002DE16B/$FILE/Donald-J-Trump-08.12.2026-278T.pdf
2026-08-28T03:56:09+00:00,2026-08-12,ORCL,ORACLE CORP,SELL,15001,50000,2026-06-24,49,https://extapps2.oge.gov/201/Presiden.nsf/PAS+Index/2BF91F890F718ACB85258E5B002DE16B/$FILE/Donald-J-Trump-08.12.2026-278T.pdf
2026-08-28T03:56:09+00:00,2026-08-12,,ISERVICENOW INC,SELL,15001,50000,2026-06-24,49,https://extapps2.oge.gov/201/Presiden.nsf/PAS+Index/2BF91F890F718ACB85258E5B002DE16B/$FILE/Donald-J-Trump-08.12.2026-278T.pdf
2026-08-28T03:56:09+00:00,2026-08-12,IT,GARTNER INC,SELL,15001,50000,2026-06-24,49,https://extapps2.oge.gov/201/Presiden.nsf/PAS+Index/2BF91F890F718ACB85258E5B002DE16B/$FILE/Donald-J-Trump-08.12.2026-278T.pdf
2026-08-28T03:56:09+00:00,2026-08-12,,HUBSPOT INC,SELL,15001,50000,2026-06-24,49,https://extapps2.oge.gov/201/Presiden.nsf/PAS+Index/2BF91F890F718ACB85258E5B002DE16B/$FILE/Donald-J-Trump-08.12.2026-278T.pdf
2026-08-28T03:56:09+00:00,2026-08-12,,FAIR ISAAC CORP,SELL,15001,50000,2026-06-24,49,https://extapps2.oge.gov/201/Presiden.nsf/PAS+Index/2BF91F890F718ACB85258E5B002DE16B/$FILE/Donald-J-Trump-08.12.2026-278T.pdf
2026-08-28T03:56:09+00:00,2026-08-12,NVDA,NVIDIA CORP,SELL,15001,50000,2026-06-24,49,https://extapps2.oge.gov/201/Presiden.nsf/PAS+Index/2BF91F890F718ACB85258E5B002DE16B/$FILE/Donald-J-Trump-08.12.2026-278T.pdf
2026-08-28T03:56:09+00:00,2026-08-12,,DOMINOS PIZZA INC,SELL,50001,100000,2026-06-24,49,https://extapps2.oge.gov/201/Presiden.nsf/PAS+Index/2BF91F890F718ACB85258E5B002DE16B/$FILE/Donald-J-Trump-08.12.2026-278T.pdf
2026-08-28T03:56:09+00:00,2026-08-12,ICE,INTERCONTINENTAL EXCHANG,SELL,50001,100000,2026-06-24,49,https://extapps2.oge.gov/201/Presiden.nsf/PAS+Index/2BF91F890F718ACB85258E5B002DE16B/$FILE/Donald-J-Trump-08.12.2026-278T.pdf
2026-08-28T03:56:09+00:00,2026-08-12,BLK,BLACKROCK INC NEW,SELL,50001,100000,2026-06-24,49,https://extapps2.oge.gov/201/Presiden.nsf/PAS+Index/2BF91F890F718ACB85258E5B002DE16B/$FILE/Donald-J-Trump-08.12.2026-278T.pdf
2026-08-28T03:56:09+00:00,2026-08-12,CTAS,CINTAS CORP,SELL,50001,100000,2026-06-24,49,https://extapps2.oge.gov/201/Presiden.nsf/PAS+Index/2BF91F890F718ACB85258E5B002DE16B/$FILE/Donald-J-Trump-08.12.2026-278T.pdf
2026-08-28T03:56:09+00:00,2026-08-12,,MORNINGSTAR INC,SELL,50001,100000,2026-06-24,49,https://extapps2.oge.gov/201/Presiden.nsf/PAS+Index/2BF91F890F718ACB85258E5B002DE16B/$FILE/Donald-J-Trump-08.12.2026-278T.pdf
2026-08-28T03:56:09+00:00,2026-08-12,RMD,RESMED INC,SELL,50001,100000,2026-06-24,49,https://extapps2.oge.gov/201/Presiden.nsf/PAS+Index/2BF91F890F718ACB85258E5B002DE16B/$FILE/Donald-J-Trump-08.12.2026-278T.pdf
2026-08-28T03:56:09+00:00,2026-08-12,NDAQ,NASDAQ INC,SELL,50001,100000,2026-06-24,49,https://extapps2.oge.gov/201/Presiden.nsf/PAS+Index/2BF91F890F718ACB85258E5B002DE16B/$FILE/Donald-J-Trump-08.12.2026-278T.pdf
2026-08-28T03:56:09+00:00,2026-08-12,,DOCUSIGN INC,SELL,50001,100000,2026-06-24,49,https://extapps2.oge.gov/201/Presiden.nsf/PAS+Index/2BF91F890F718ACB85258E5B002DE16B/$FILE/Donald-J-Trump-08.12.2026-278T.pdf
2026-08-28T03:56:09+00:00,2026-08-12,,ZSCALER INC,SELL,50001,100000,2026-06-24,49,https://extapps2.oge.gov/201/Presiden.nsf/PAS+Index/2BF91F890F718ACB85258E5B002DE16B/$FILE/Donald-J-Trump-08.12.2026-278T.pdf
2026-08-28T03:56:09+00:00,2026-08-12,NFLX,NETFLIX INC,SELL,50001,100000,2026-06-24,49,https://extapps2.oge.gov/201/Presiden.nsf/PAS+Index/2BF91F890F718ACB85258E5B002DE16B/$FILE/Donald-J-Trump-08.12.2026-278T.pdf
2026-08-28T03:56:09+00:00,2026-08-12,MCD,MCDONALDS CORP,SELL,50001,100000,2026-06-24,49,https://extapps2.oge.gov/201/Presiden.nsf/PAS+Index/2BF91F890F718ACB85258E5B002DE16B/$FILE/Donald-J-Trump-08.12.2026-278T.pdf
2026-08-28T03:56:09+00:00,2026-08-12,CPRT,COPART INC,SELL,50001,100000,2026-06-24,49,https://extapps2.oge.gov/201/Presiden.nsf/PAS+Index/2BF91F890F718ACB85258E5B002DE16B/$FILE/Donald-J-Trump-08.12.2026-278T.pdf
2026-08-28T03:56:09+00:00,2026-08-12,BRK.B,BERKSHIRE HATHAWAY CLASS B,SELL,50001,100000,2026-06-24,49,https://extapps2.oge.gov/201/Presiden.nsf/PAS+Index/2BF91F890F718ACB85258E5B002DE16B/$FILE/Donald-J-Trump-08.12.2026-278T.pdf
2026-08-28T03:56:09+00:00,2026-08-12,WDAY,WORKDAY INC CLASS CLASS A,SELL,50001,100000,2026-06-24,49,https://extapps2.oge.gov/201/Presiden.nsf/PAS+Index/2BF91F890F718ACB85258E5B002DE16B/$FILE/Donald-J-Trump-08.12.2026-278T.pdf
2026-08-28T03:56:09+00:00,2026-08-12,,T-MOBILE US INC,SELL,50001,100000,2026-06-24,49,https://extapps2.oge.gov/201/Presiden.nsf/PAS+Index/2BF91F890F718ACB85258E5B002DE16B/$FILE/Donald-J-Trump-08.12.2026-278T.pdf
2026-08-28T03:56:09+00:00,2026-08-12,NKE,NIKE INC CLASS B,SELL,50001,100000,2026-06-24,49,https://extapps2.oge.gov/201/Presiden.nsf/PAS+Index/2BF91F890F718ACB85258E5B002DE16B/$FILE/Donald-J-Trump-08.12.2026-278T.pdf
2026-08-28T03:56:09+00:00,2026-08-12,,livsuter CORP,SELL,50001,100000,2026-06-24,49,https://extapps2.oge.gov/201/Presiden.nsf/PAS+Index/2BF91F890F718ACB85258E5B002DE16B/$FILE/Donald-J-Trump-08.12.2026-278T.pdf
2026-08-28T03:56:09+00:00,2026-08-12,,= INC,SELL,100001,250000,2026-06-24,49,https://extapps2.oge.gov/201/Presiden.nsf/PAS+Index/2BF91F890F718ACB85258E5B002DE16B/$FILE/Donald-J-Trump-08.12.2026-278T.pdf
2026-08-28T03:56:09+00:00,2026-08-12,CMCSA,COMCAST CORP NEW CLASS A,SELL,100001,250000,2026-06-24,49,https://extapps2.oge.gov/201/Presiden.nsf/PAS+Index/2BF91F890F718ACB85258E5B002DE16B/$FILE/Donald-J-Trump-08.12.2026-278T.pdf
2026-08-28T03:56:09+00:00,2026-08-12,COST,COSTCO WHSL CORP NEW,SELL,250001,500000,2026-06-24,49,https://extapps2.oge.gov/201/Presiden.nsf/PAS+Index/2BF91F890F718ACB85258E5B002DE16B/$FILE/Donald-J-Trump-08.12.2026-278T.pdf
2026-08-28T03:56:23+00:00,2026-06-25,KVUE,KENVUE INC COM,BUY,50001,100000,2026-04-17,69,https://extapps2.oge.gov/201/Presiden.nsf/PAS+Index/AC43530823BD60D485258E27002DDEF7/$FILE/Donald-J-Trump-06.25.2026-278T.pdf
2026-08-28T03:56:23+00:00,2026-06-25,UAL,UNITED AIRLINES HOLDINGS INC,SELL,100001,250000,2026-04-17,69,https://extapps2.oge.gov/201/Presiden.nsf/PAS+Index/AC43530823BD60D485258E27002DDEF7/$FILE/Donald-J-Trump-06.25.2026-278T.pdf
2026-08-28T03:56:23+00:00,2026-06-25,,ADMA BIOLOGICS INC,BUY,50001,100000,,,https://extapps2.oge.gov/201/Presiden.nsf/PAS+Index/AC43530823BD60D485258E27002DDEF7/$FILE/Donald-J-Trump-06.25.2026-278T.pdf
2026-08-28T03:56:23+00:00,2026-06-25,MO,ALTRIA GROUP INC,SELL,1001,15000,2026-04-27,59,https://extapps2.oge.gov/201/Presiden.nsf/PAS+Index/AC43530823BD60D485258E27002DDEF7/$FILE/Donald-J-Trump-06.25.2026-278T.pdf
2026-08-28T03:56:23+00:00,2026-06-25,AMZN,AMAZON.COM INC,BUY,1001,15000,,,https://extapps2.oge.gov/201/Presiden.nsf/PAS+Index/AC43530823BD60D485258E27002DDEF7/$FILE/Donald-J-Trump-06.25.2026-278T.pdf
2026-08-28T03:56:23+00:00,2026-06-25,AMGN,AMGEN INC,BUY,50001,100000,,,https://extapps2.oge.gov/201/Presiden.nsf/PAS+Index/AC43530823BD60D485258E27002DDEF7/$FILE/Donald-J-Trump-06.25.2026-278T.pdf
2026-08-28T03:56:23+00:00,2026-06-25,AON,AON PLC,SELL,1001,15000,2026-04-27,59,https://extapps2.oge.gov/201/Presiden.nsf/PAS+Index/AC43530823BD60D485258E27002DDEF7/$FILE/Donald-J-Trump-06.25.2026-278T.pdf
2026-08-28T03:56:23+00:00,2026-06-25,,APOGEE ENTERPRISES INC,SELL,1001,15000,2026-04-30,56,https://extapps2.oge.gov/201/Presiden.nsf/PAS+Index/AC43530823BD60D485258E27002DDEF7/$FILE/Donald-J-Trump-06.25.2026-278T.pdf
2026-08-28T03:56:23+00:00,2026-06-25,,APTARGROUP INC,SELL,1001,15000,2026-04-28,58,https://extapps2.oge.gov/201/Presiden.nsf/PAS+Index/AC43530823BD60D485258E27002DDEF7/$FILE/Donald-J-Trump-06.25.2026-278T.pdf
2026-08-28T03:56:23+00:00,2026-06-25,T,AT&T INC,SELL,100001,250000,,,https://extapps2.oge.gov/201/Presiden.nsf/PAS+Index/AC43530823BD60D485258E27002DDEF7/$FILE/Donald-J-Trump-06.25.2026-278T.pdf
2026-08-28T03:56:23+00:00,2026-06-25,ADSK,AUTODESK INC,SELL,1001,15000,,,https://extapps2.oge.gov/201/Presiden.nsf/PAS+Index/AC43530823BD60D485258E27002DDEF7/$FILE/Donald-J-Trump-06.25.2026-278T.pdf
2026-08-28T03:56:23+00:00,2026-06-25,AZO,AUTOZONE INC,SELL,1001,15000,,,https://extapps2.oge.gov/201/Presiden.nsf/PAS+Index/AC43530823BD60D485258E27002DDEF7/$FILE/Donald-J-Trump-06.25.2026-278T.pdf
2026-08-28T03:56:23+00:00,2026-06-25,CTAS,CINTAS CORP,SELL,1001,15000,2026-04-17,69,https://extapps2.oge.gov/201/Presiden.nsf/PAS+Index/AC43530823BD60D485258E27002DDEF7/$FILE/Donald-J-Trump-06.25.2026-278T.pdf
2026-08-28T03:56:23+00:00,2026-06-25,,CMS ENERGY CORP,SELL,1001,15000,2026-04-10,76,https://extapps2.oge.gov/201/Presiden.nsf/PAS+Index/AC43530823BD60D485258E27002DDEF7/$FILE/Donald-J-Trump-06.25.2026-278T.pdf
2026-08-28T03:56:23+00:00,2026-06-25,,CORCEPT THERAPEUTICS INC,BUY,15001,50000,,,https://extapps2.oge.gov/201/Presiden.nsf/PAS+Index/AC43530823BD60D485258E27002DDEF7/$FILE/Donald-J-Trump-06.25.2026-278T.pdf
2026-08-28T03:56:23+00:00,2026-06-25,DRI,DARDEN RESTAURANTS INC,SELL,15001,50000,2026-04-10,76,https://extapps2.oge.gov/201/Presiden.nsf/PAS+Index/AC43530823BD60D485258E27002DDEF7/$FILE/Donald-J-Trump-06.25.2026-278T.pdf
2026-08-28T03:56:23+00:00,2026-06-25,EMR,EMERSON ELECTRIC CO,BUY,50001,100000,2026-04-27,59,https://extapps2.oge.gov/201/Presiden.nsf/PAS+Index/AC43530823BD60D485258E27002DDEF7/$FILE/Donald-J-Trump-06.25.2026-278T.pdf
2026-08-28T03:56:23+00:00,2026-06-25,EOG,EOG RES INC,SELL,1001,15000,2026-04-10,76,https://extapps2.oge.gov/201/Presiden.nsf/PAS+Index/AC43530823BD60D485258E27002DDEF7/$FILE/Donald-J-Trump-06.25.2026-278T.pdf
2026-08-28T03:56:23+00:00,2026-06-25,XOM,EXXON MOBIL CORP,SELL,15001,50000,2026-04-17,69,https://extapps2.oge.gov/201/Presiden.nsf/PAS+Index/AC43530823BD60D485258E27002DDEF7/$FILE/Donald-J-Trump-06.25.2026-278T.pdf
2026-08-28T03:56:23+00:00,2026-06-25,,FIDEUTY NATIONAL INFORMATION SERVICES INC,SELL,50001,100000,,,https://extapps2.oge.gov/201/Presiden.nsf/PAS+Index/AC43530823BD60D485258E27002DDEF7/$FILE/Donald-J-Trump-06.25.2026-278T.pdf
2026-08-28T03:56:23+00:00,2026-06-25,FSLR,FIRST SOLAR INC,SELL,15001,50000,,,https://extapps2.oge.gov/201/Presiden.nsf/PAS+Index/AC43530823BD60D485258E27002DDEF7/$FILE/Donald-J-Trump-06.25.2026-278T.pdf
2026-08-28T03:56:23+00:00,2026-06-25,,GALI.AGHER ARTHUR J & CO,BUY,50001,100000,2026-04-10,76,https://extapps2.oge.gov/201/Presiden.nsf/PAS+Index/AC43530823BD60D485258E27002DDEF7/$FILE/Donald-J-Trump-06.25.2026-278T.pdf
2026-08-28T03:56:23+00:00,2026-06-25,,GARMIN LTD,SELL,1001,15000,2026-04-10,76,https://extapps2.oge.gov/201/Presiden.nsf/PAS+Index/AC43530823BD60D485258E27002DDEF7/$FILE/Donald-J-Trump-06.25.2026-278T.pdf
2026-08-28T03:56:23+00:00,2026-06-25,,GE HEALTHCARE TECHNOLOGIES INC,BUY,15001,50000,2026-04-15,71,https://extapps2.oge.gov/201/Presiden.nsf/PAS+Index/AC43530823BD60D485258E27002DDEF7/$FILE/Donald-J-Trump-06.25.2026-278T.pdf
2026-08-28T03:56:23+00:00,2026-06-25,,GENERAC HOLDINGS INC,SELL,1001,15000,2026-04-10,76,https://extapps2.oge.gov/201/Presiden.nsf/PAS+Index/AC43530823BD60D485258E27002DDEF7/$FILE/Donald-J-Trump-06.25.2026-278T.pdf
2026-08-28T03:56:23+00:00,2026-06-25,JNJ,JOHNSON & JOHNSON COM,BUY,50001,100000,2026-04-27,59,https://extapps2.oge.gov/201/Presiden.nsf/PAS+Index/AC43530823BD60D485258E27002DDEF7/$FILE/Donald-J-Trump-06.25.2026-278T.pdf
2026-08-28T03:56:23+00:00,2026-06-25,KDP,KEURIG DR PEPPER INC,BUY,15001,50000,,,https://extapps2.oge.gov/201/Presiden.nsf/PAS+Index/AC43530823BD60D485258E27002DDEF7/$FILE/Donald-J-Trump-06.25.2026-278T.pdf
2026-08-28T03:56:23+00:00,2026-06-25,,LAM RESH CORP,SELL,1001,15000,,,https://extapps2.oge.gov/201/Presiden.nsf/PAS+Index/AC43530823BD60D485258E27002DDEF7/$FILE/Donald-J-Trump-06.25.2026-278T.pdf
2026-08-28T03:56:23+00:00,2026-06-25,,LEIDOS HOLDINGS INC,SELL,15001,50000,,,https://extapps2.oge.gov/201/Presiden.nsf/PAS+Index/AC43530823BD60D485258E27002DDEF7/$FILE/Donald-J-Trump-06.25.2026-278T.pdf
2026-08-28T03:56:23+00:00,2026-06-25,LIN,LINDE PLC,SELL,1001,15000,2026-04-10,76,https://extapps2.oge.gov/201/Presiden.nsf/PAS+Index/AC43530823BD60D485258E27002DDEF7/$FILE/Donald-J-Trump-06.25.2026-278T.pdf
2026-08-28T03:56:23+00:00,2026-06-25,MRK,MERCK & CO INC,SELL,50001,100000,2026-04-27,59,https://extapps2.oge.gov/201/Presiden.nsf/PAS+Index/AC43530823BD60D485258E27002DDEF7/$FILE/Donald-J-Trump-06.25.2026-278T.pdf
2026-08-28T03:56:23+00:00,2026-06-25,MSFT,MICROSOFT CORP,SELL,1001,15000,,,https://extapps2.oge.gov/201/Presiden.nsf/PAS+Index/AC43530823BD60D485258E27002DDEF7/$FILE/Donald-J-Trump-06.25.2026-278T.pdf
2026-08-28T03:56:23+00:00,2026-06-25,,MILLERKNOLL INC,BUY,15001,50000,,,https://extapps2.oge.gov/201/Presiden.nsf/PAS+Index/AC43530823BD60D485258E27002DDEF7/$FILE/Donald-J-Trump-06.25.2026-278T.pdf
2026-08-28T03:56:23+00:00,2026-06-25,NSC,NORFOLK SOUTHERN CORP,BUY,50001,100000,,,https://extapps2.oge.gov/201/Presiden.nsf/PAS+Index/AC43530823BD60D485258E27002DDEF7/$FILE/Donald-J-Trump-06.25.2026-278T.pdf
2026-08-28T03:56:23+00:00,2026-06-25,NRG,NRG ENERGY INC,BUY,50001,100000,,,https://extapps2.oge.gov/201/Presiden.nsf/PAS+Index/AC43530823BD60D485258E27002DDEF7/$FILE/Donald-J-Trump-06.25.2026-278T.pdf
2026-08-28T03:56:23+00:00,2026-06-25,NVDA,NVIDIA CORP,BUY,15001,50000,,,https://extapps2.oge.gov/201/Presiden.nsf/PAS+Index/AC43530823BD60D485258E27002DDEF7/$FILE/Donald-J-Trump-06.25.2026-278T.pdf
2026-08-28T03:56:23+00:00,2026-06-25,ODFL,OLD DOMINION FREIGHT LINES INC,SELL,1001,15000,,,https://extapps2.oge.gov/201/Presiden.nsf/PAS+Index/AC43530823BD60D485258E27002DDEF7/$FILE/Donald-J-Trump-06.25.2026-278T.pdf
2026-08-28T03:56:23+00:00,2026-06-25,OKE,ONEOK INC,SELL,1001,15000,2026-04-10,76,https://extapps2.oge.gov/201/Presiden.nsf/PAS+Index/AC43530823BD60D485258E27002DDEF7/$FILE/Donald-J-Trump-06.25.2026-278T.pdf
2026-08-28T03:56:23+00:00,2026-06-25,PEP,PEPSICO INC,SELL,15001,50000,2026-04-27,59,https://extapps2.oge.gov/201/Presiden.nsf/PAS+Index/AC43530823BD60D485258E27002DDEF7/$FILE/Donald-J-Trump-06.25.2026-278T.pdf
2026-08-28T03:56:23+00:00,2026-06-25,PCG,PG&E CORP,SELL,15001,50000,2026-04-27,59,https://extapps2.oge.gov/201/Presiden.nsf/PAS+Index/AC43530823BD60D485258E27002DDEF7/$FILE/Donald-J-Trump-06.25.2026-278T.pdf
2026-08-28T03:56:23+00:00,2026-06-25,WDC,WESTERN DIGITAL CORP,BUY,1001,15000,2026-04-15,71,https://extapps2.oge.gov/201/Presiden.nsf/PAS+Index/AC43530823BD60D485258E27002DDEF7/$FILE/Donald-J-Trump-06.25.2026-278T.pdf
2026-08-28T03:56:33+00:00,2026-06-25,,Pnc Finl SVcs Groun Inc,BUY,50001,100000,,,https://extapps2.oge.gov/201/Presiden.nsf/PAS+Index/F9CA13B970439E8F85258E27002DDF15/$FILE/Donald-J-Trump-06.25.2026-278T (2).pdf
2026-08-28T03:56:33+00:00,2026-06-25,,ARISTA NElWORKS INC,SELL,100001,250000,,,https://extapps2.oge.gov/201/Presiden.nsf/PAS+Index/F9CA13B970439E8F85258E27002DDF15/$FILE/Donald-J-Trump-06.25.2026-278T (2).pdf
2026-08-28T03:56:33+00:00,2026-06-25,GE,GE AEROSPACE,SELL,1001,15000,2026-05-11,45,https://extapps2.oge.gov/201/Presiden.nsf/PAS+Index/F9CA13B970439E8F85258E27002DDF15/$FILE/Donald-J-Trump-06.25.2026-278T (2).pdf
2026-08-28T03:56:33+00:00,2026-06-25,ITW,ILLINOIS TOOL WORKS INC,SELL,1001,15000,2026-05-11,45,https://extapps2.oge.gov/201/Presiden.nsf/PAS+Index/F9CA13B970439E8F85258E27002DDF15/$FILE/Donald-J-Trump-06.25.2026-278T (2).pdf
2026-08-28T03:56:33+00:00,2026-06-25,JNJ,JOHNSON & JOHNSON,SELL,1001,15000,,,https://extapps2.oge.gov/201/Presiden.nsf/PAS+Index/F9CA13B970439E8F85258E27002DDF15/$FILE/Donald-J-Trump-06.25.2026-278T (2).pdf
2026-08-28T03:56:33+00:00,2026-06-25,MCD,MCDONALDS CORP,SELL,100001,250000,,,https://extapps2.oge.gov/201/Presiden.nsf/PAS+Index/F9CA13B970439E8F85258E27002DDF15/$FILE/Donald-J-Trump-06.25.2026-278T (2).pdf
2026-08-28T03:56:33+00:00,2026-06-25,SHW,SHERWIN WILLIAMS CO,SELL,50001,100000,2026-05-11,45,https://extapps2.oge.gov/201/Presiden.nsf/PAS+Index/F9CA13B970439E8F85258E27002DDF15/$FILE/Donald-J-Trump-06.25.2026-278T (2).pdf
2026-08-28T03:56:33+00:00,2026-06-25,,UNITED PARCEL SVC INC,SELL,1001,15000,2026-05-11,45,https://extapps2.oge.gov/201/Presiden.nsf/PAS+Index/F9CA13B970439E8F85258E27002DDF15/$FILE/Donald-J-Trump-06.25.2026-278T (2).pdf
2026-08-28T03:56:33+00:00,2026-06-25,,BANCFIRST CORP,SELL,15001,50000,2026-05-15,41,https://extapps2.oge.gov/201/Presiden.nsf/PAS+Index/F9CA13B970439E8F85258E27002DDF15/$FILE/Donald-J-Trump-06.25.2026-278T (2).pdf
2026-08-28T03:56:33+00:00,2026-06-25,,CABLE ONE INC,SELL,1001,15000,2026-05-15,41,https://extapps2.oge.gov/201/Presiden.nsf/PAS+Index/F9CA13B970439E8F85258E27002DDF15/$FILE/Donald-J-Trump-06.25.2026-278T (2).pdf
2026-08-28T03:56:33+00:00,2026-06-25,C,CITIGROUP INC,BUY,15001,50000,,,https://extapps2.oge.gov/201/Presiden.nsf/PAS+Index/F9CA13B970439E8F85258E27002DDF15/$FILE/Donald-J-Trump-06.25.2026-278T (2).pdf
2026-08-28T03:56:33+00:00,2026-06-25,,CITY HLDG CO,SELL,15001,50000,,,https://extapps2.oge.gov/201/Presiden.nsf/PAS+Index/F9CA13B970439E8F85258E27002DDF15/$FILE/Donald-J-Trump-06.25.2026-278T (2).pdf
2026-08-28T03:56:33+00:00,2026-06-25,ED,CONSOLIDATED EDISON INC,BUY,1001,15000,2026-05-15,41,https://extapps2.oge.gov/201/Presiden.nsf/PAS+Index/F9CA13B970439E8F85258E27002DDF15/$FILE/Donald-J-Trump-06.25.2026-278T (2).pdf
2026-08-28T03:56:33+00:00,2026-06-25,DRI,DARDEN RESTAURANTS INC,BUY,1001,15000,2026-05-15,41,https://extapps2.oge.gov/201/Presiden.nsf/PAS+Index/F9CA13B970439E8F85258E27002DDF15/$FILE/Donald-J-Trump-06.25.2026-278T (2).pdf
2026-08-28T03:56:33+00:00,2026-06-25,,DORMAN PRODS INC,SELL,1001,15000,2026-05-15,41,https://extapps2.oge.gov/201/Presiden.nsf/PAS+Index/F9CA13B970439E8F85258E27002DDF15/$FILE/Donald-J-Trump-06.25.2026-278T (2).pdf
2026-08-28T03:56:33+00:00,2026-06-25,DOW,DOW INC,BUY,1001,15000,2026-05-15,41,https://extapps2.oge.gov/201/Presiden.nsf/PAS+Index/F9CA13B970439E8F85258E27002DDF15/$FILE/Donald-J-Trump-06.25.2026-278T (2).pdf
2026-08-28T03:56:33+00:00,2026-06-25,,FORMFACTOR INC,SELL,100001,250000,,,https://extapps2.oge.gov/201/Presiden.nsf/PAS+Index/F9CA13B970439E8F85258E27002DDF15/$FILE/Donald-J-Trump-06.25.2026-278T (2).pdf
2026-08-28T03:56:33+00:00,2026-06-25,,MATERION CORP,SELL,15001,50000,2026-05-15,41,https://extapps2.oge.gov/201/Presiden.nsf/PAS+Index/F9CA13B970439E8F85258E27002DDF15/$FILE/Donald-J-Trump-06.25.2026-278T (2).pdf
2026-08-28T03:56:33+00:00,2026-06-25,META,META PlATFORMS INC CL A,BUY,50001,100000,2026-05-15,41,https://extapps2.oge.gov/201/Presiden.nsf/PAS+Index/F9CA13B970439E8F85258E27002DDF15/$FILE/Donald-J-Trump-06.25.2026-278T (2).pdf
2026-08-28T03:56:33+00:00,2026-06-25,OKE,ONEOK INC,BUY,1001,15000,2026-05-15,41,https://extapps2.oge.gov/201/Presiden.nsf/PAS+Index/F9CA13B970439E8F85258E27002DDF15/$FILE/Donald-J-Trump-06.25.2026-278T (2).pdf
2026-08-28T03:56:33+00:00,2026-06-25,,PC CONNECTION INC,SELL,15001,50000,2026-05-15,41,https://extapps2.oge.gov/201/Presiden.nsf/PAS+Index/F9CA13B970439E8F85258E27002DDF15/$FILE/Donald-J-Trump-06.25.2026-278T (2).pdf
2026-08-28T03:56:33+00:00,2026-06-25,,PRIMORIS SVCS CORP,SELL,100001,250000,2026-05-15,41,https://extapps2.oge.gov/201/Presiden.nsf/PAS+Index/F9CA13B970439E8F85258E27002DDF15/$FILE/Donald-J-Trump-06.25.2026-278T (2).pdf
2026-08-28T03:56:33+00:00,2026-06-25,PG,PROCTER & GAMBLE CO,BUY,15001,50000,2026-05-15,41,https://extapps2.oge.gov/201/Presiden.nsf/PAS+Index/F9CA13B970439E8F85258E27002DDF15/$FILE/Donald-J-Trump-06.25.2026-278T (2).pdf
2026-08-28T03:56:33+00:00,2026-06-25,,QUINSTREET INC,SELL,15001,50000,2026-05-15,41,https://extapps2.oge.gov/201/Presiden.nsf/PAS+Index/F9CA13B970439E8F85258E27002DDF15/$FILE/Donald-J-Trump-06.25.2026-278T (2).pdf
2026-08-28T03:56:33+00:00,2026-06-25,,STRIDE INC,SELL,15001,50000,,,https://extapps2.oge.gov/201/Presiden.nsf/PAS+Index/F9CA13B970439E8F85258E27002DDF15/$FILE/Donald-J-Trump-06.25.2026-278T (2).pdf
2026-08-28T03:56:33+00:00,2026-06-25,,SYLVAMO CORP,SELL,1001,15000,2026-05-15,41,https://extapps2.oge.gov/201/Presiden.nsf/PAS+Index/F9CA13B970439E8F85258E27002DDF15/$FILE/Donald-J-Trump-06.25.2026-278T (2).pdf
2026-08-28T03:56:33+00:00,2026-06-25,,TG THERAPEUTICS INC,SELL,1001,15000,2026-05-15,41,https://extapps2.oge.gov/201/Presiden.nsf/PAS+Index/F9CA13B970439E8F85258E27002DDF15/$FILE/Donald-J-Trump-06.25.2026-278T (2).pdf
2026-08-28T03:56:33+00:00,2026-06-25,,TRJPAOVISDR INC,SELL,1001,15000,2026-05-15,41,https://extapps2.oge.gov/201/Presiden.nsf/PAS+Index/F9CA13B970439E8F85258E27002DDF15/$FILE/Donald-J-Trump-06.25.2026-278T (2).pdf
2026-08-28T03:56:33+00:00,2026-06-25,,ULTRA CLEAN HLDGS INC,SELL,50001,100000,2026-05-15,41,https://extapps2.oge.gov/201/Presiden.nsf/PAS+Index/F9CA13B970439E8F85258E27002DDF15/$FILE/Donald-J-Trump-06.25.2026-278T (2).pdf
2026-08-28T03:56:33+00:00,2026-06-25,,WAYSTAR. HLDG CORP,SELL,15001,50000,,,https://extapps2.oge.gov/201/Presiden.nsf/PAS+Index/F9CA13B970439E8F85258E27002DDF15/$FILE/Donald-J-Trump-06.25.2026-278T (2).pdf
2026-08-28T03:56:33+00:00,2026-06-25,AMT,AMERICAN TOWER CORP NEW REIT,BUY,1001,15000,2026-05-18,38,https://extapps2.oge.gov/201/Presiden.nsf/PAS+Index/F9CA13B970439E8F85258E27002DDF15/$FILE/Donald-J-Trump-06.25.2026-278T (2).pdf
2026-08-28T03:56:33+00:00,2026-06-25,AMGN,AMGEN INC,SELL,1001,15000,2026-05-18,38,https://extapps2.oge.gov/201/Presiden.nsf/PAS+Index/F9CA13B970439E8F85258E27002DDF15/$FILE/Donald-J-Trump-06.25.2026-278T (2).pdf
2026-08-28T03:56:33+00:00,2026-06-25,,BROWN & BROWN INC,SELL,50001,100000,2026-05-18,38,https://extapps2.oge.gov/201/Presiden.nsf/PAS+Index/F9CA13B970439E8F85258E27002DDF15/$FILE/Donald-J-Trump-06.25.2026-278T (2).pdf
2026-08-28T03:56:33+00:00,2026-06-25,CLX,CLOROX CO,SELL,1001,15000,,,https://extapps2.oge.gov/201/Presiden.nsf/PAS+Index/F9CA13B970439E8F85258E27002DDF15/$FILE/Donald-J-Trump-06.25.2026-278T (2).pdf
2026-08-28T03:56:33+00:00,2026-06-25,CAG,CONAGRA BRANDS INC,SELL,50001,100000,,,https://extapps2.oge.gov/201/Presiden.nsf/PAS+Index/F9CA13B970439E8F85258E27002DDF15/$FILE/Donald-J-Trump-06.25.2026-278T (2).pdf
2026-08-28T03:56:33+00:00,2026-06-25,,DISNEY WALT CO,SELL,1001,15000,,,https://extapps2.oge.gov/201/Presiden.nsf/PAS+Index/F9CA13B970439E8F85258E27002DDF15/$FILE/Donald-J-Trump-06.25.2026-278T (2).pdf
2026-08-28T03:56:33+00:00,2026-06-25,DUK,DUKE ENERGY CORP NEW,SELL,1001,15000,,,https://extapps2.oge.gov/201/Presiden.nsf/PAS+Index/F9CA13B970439E8F85258E27002DDF15/$FILE/Donald-J-Trump-06.25.2026-278T (2).pdf
2026-08-28T03:56:33+00:00,2026-06-25,EFX,EQUIFAX INC,SELL,1001,15000,,,https://extapps2.oge.gov/201/Presiden.nsf/PAS+Index/F9CA13B970439E8F85258E27002DDF15/$FILE/Donald-J-Trump-06.25.2026-278T (2).pdf
2026-08-28T03:56:33+00:00,2026-06-25,,EXLSERVICE HLDGS INC,SELL,1001,15000,,,https://extapps2.oge.gov/201/Presiden.nsf/PAS+Index/F9CA13B970439E8F85258E27002DDF15/$FILE/Donald-J-Trump-06.25.2026-278T (2).pdf
2026-08-28T03:56:33+00:00,2026-06-25,HON,HONEYWELL INTL INC,SELL,1001,15000,2026-05-16,40,https://extapps2.oge.gov/201/Presiden.nsf/PAS+Index/F9CA13B970439E8F85258E27002DDF15/$FILE/Donald-J-Trump-06.25.2026-278T (2).pdf
2026-08-28T03:56:33+00:00,2026-06-25,LIN,LINDEPLCF,SELL,15001,50000,,,https://extapps2.oge.gov/201/Presiden.nsf/PAS+Index/F9CA13B970439E8F85258E27002DDF15/$FILE/Donald-J-Trump-06.25.2026-278T (2).pdf
2026-08-28T03:56:33+00:00,2026-06-25,PH,PARKER-HANNIFIN CORP,SELL,50001,100000,2026-05-18,38,https://extapps2.oge.gov/201/Presiden.nsf/PAS+Index/F9CA13B970439E8F85258E27002DDF15/$FILE/Donald-J-Trump-06.25.2026-278T (2).pdf
2026-08-28T03:56:33+00:00,2026-06-25,PH,PARKER-HANNIFIN CORP,SELL,1001,15000,2026-05-18,38,https://extapps2.oge.gov/201/Presiden.nsf/PAS+Index/F9CA13B970439E8F85258E27002DDF15/$FILE/Donald-J-Trump-06.25.2026-278T (2).pdf
2026-08-28T03:56:33+00:00,2026-06-25,PEP,PEPSICO INC,SELL,50001,100000,2026-05-18,38,https://extapps2.oge.gov/201/Presiden.nsf/PAS+Index/F9CA13B970439E8F85258E27002DDF15/$FILE/Donald-J-Trump-06.25.2026-278T (2).pdf
2026-08-28T03:56:33+00:00,2026-06-25,PCG,PG&E CORP,SELL,1001,15000,2026-05-18,38,https://extapps2.oge.gov/201/Presiden.nsf/PAS+Index/F9CA13B970439E8F85258E27002DDF15/$FILE/Donald-J-Trump-06.25.2026-278T (2).pdf
2026-08-28T03:56:33+00:00,2026-06-25,PINS,PINTEREST INC CLASS CLASS A,BUY,1001,15000,2026-05-18,38,https://extapps2.oge.gov/201/Presiden.nsf/PAS+Index/F9CA13B970439E8F85258E27002DDF15/$FILE/Donald-J-Trump-06.25.2026-278T (2).pdf
2026-08-28T03:56:33+00:00,2026-06-25,,WILLIAMS SONOMA INC,SELL,50001,100000,,,https://extapps2.oge.gov/201/Presiden.nsf/PAS+Index/F9CA13B970439E8F85258E27002DDF15/$FILE/Donald-J-Trump-06.25.2026-278T (2).pdf
2026-08-28T03:56:33+00:00,2026-06-25,MCD,MCDONALDS CORP,BUY,50001,100000,2026-05-20,36,https://extapps2.oge.gov/201/Presiden.nsf/PAS+Index/F9CA13B970439E8F85258E27002DDF15/$FILE/Donald-J-Trump-06.25.2026-278T (2).pdf
2026-08-28T15:21:46+00:00,2026-05-08,IEX,IDEXCORP I,BUY,250001,500000,2026-01-06,122,https://extapps2.oge.gov/201/Presiden.nsf/PAS+Index/405E4EC4E27BE8D185258DF7002DD1C0/$FILE/Trump%2C%20Donald%20J.-05.08.2026-278T(2).pdf
2026-08-28T15:21:46+00:00,2026-05-08,ECL,ECOLAB INC,BUY,250001,500000,,,https://extapps2.oge.gov/201/Presiden.nsf/PAS+Index/405E4EC4E27BE8D185258DF7002DD1C0/$FILE/Trump%2C%20Donald%20J.-05.08.2026-278T(2).pdf
2026-08-28T15:21:46+00:00,2026-05-08,BSX,BOSTON SCIENTIFIC CORP,BUY,100001,250000,2026-03-18,51,https://extapps2.oge.gov/201/Presiden.nsf/PAS+Index/405E4EC4E27BE8D185258DF7002DD1C0/$FILE/Trump%2C%20Donald%20J.-05.08.2026-278T(2).pdf
2026-08-28T15:21:46+00:00,2026-05-08,,ALEXANDRIA REAL ESTATE EQUITIES INC,BUY,100001,250000,,,https://extapps2.oge.gov/201/Presiden.nsf/PAS+Index/405E4EC4E27BE8D185258DF7002DD1C0/$FILE/Trump%2C%20Donald%20J.-05.08.2026-278T(2).pdf
2026-08-28T15:21:46+00:00,2026-05-08,MA,MASTERCARD INC CLASS A I,BUY,100001,250000,,,https://extapps2.oge.gov/201/Presiden.nsf/PAS+Index/405E4EC4E27BE8D185258DF7002DD1C0/$FILE/Trump%2C%20Donald%20J.-05.08.2026-278T(2).pdf
2026-08-28T15:21:46+00:00,2026-05-08,T,AT&T INC,BUY,100001,250000,2026-01-23,105,https://extapps2.oge.gov/201/Presiden.nsf/PAS+Index/405E4EC4E27BE8D185258DF7002DD1C0/$FILE/Trump%2C%20Donald%20J.-05.08.2026-278T(2).pdf
2026-08-28T15:21:46+00:00,2026-05-08,NVDA,NVIDIA CORP,BUY,100001,250000,2026-03-17,52,https://extapps2.oge.gov/201/Presiden.nsf/PAS+Index/405E4EC4E27BE8D185258DF7002DD1C0/$FILE/Trump%2C%20Donald%20J.-05.08.2026-278T(2).pdf
2026-08-28T15:21:46+00:00,2026-05-08,,ADDUS HOMECARE CORP,BUY,15001,50000,,,https://extapps2.oge.gov/201/Presiden.nsf/PAS+Index/405E4EC4E27BE8D185258DF7002DD1C0/$FILE/Trump%2C%20Donald%20J.-05.08.2026-278T(2).pdf
2026-08-28T15:21:46+00:00,2026-05-08,,BADGER METER INC,BUY,15001,50000,,,https://extapps2.oge.gov/201/Presiden.nsf/PAS+Index/405E4EC4E27BE8D185258DF7002DD1C0/$FILE/Trump%2C%20Donald%20J.-05.08.2026-278T(2).pdf
2026-08-28T15:21:46+00:00,2026-05-08,PEG,PUBLIC SERVICE ENTERPRISE GROUP INC,BUY,1001,15000,2026-01-23,105,https://extapps2.oge.gov/201/Presiden.nsf/PAS+Index/405E4EC4E27BE8D185258DF7002DD1C0/$FILE/Trump%2C%20Donald%20J.-05.08.2026-278T(2).pdf
2026-08-28T15:21:46+00:00,2026-05-08,JPM,JPMORGAN CHASE & CO I,BUY,1001,15000,2026-03-23,46,https://extapps2.oge.gov/201/Presiden.nsf/PAS+Index/405E4EC4E27BE8D185258DF7002DD1C0/$FILE/Trump%2C%20Donald%20J.-05.08.2026-278T(2).pdf
2026-08-28T15:21:46+00:00,2026-05-08,BSX,BOSTON SCIENTIFIC CORP,BUY,1001,15000,2026-03-28,41,https://extapps2.oge.gov/201/Presiden.nsf/PAS+Index/405E4EC4E27BE8D185258DF7002DD1C0/$FILE/Trump%2C%20Donald%20J.-05.08.2026-278T(2).pdf
2026-08-28T15:21:46+00:00,2026-05-08,TGT,TARGET CORP,BUY,1001,15000,2026-03-17,52,https://extapps2.oge.gov/201/Presiden.nsf/PAS+Index/405E4EC4E27BE8D185258DF7002DD1C0/$FILE/Trump%2C%20Donald%20J.-05.08.2026-278T(2).pdf
2026-08-28T15:21:46+00:00,2026-05-08,CRM,SALESFORCE INC I,BUY,1001,15000,2028-02-12,-645,https://extapps2.oge.gov/201/Presiden.nsf/PAS+Index/405E4EC4E27BE8D185258DF7002DD1C0/$FILE/Trump%2C%20Donald%20J.-05.08.2026-278T(2).pdf
2026-08-28T15:21:46+00:00,2026-05-08,PM,PHILIP MORRIS INTI. INC,BUY,1001,15000,2028-03-17,-679,https://extapps2.oge.gov/201/Presiden.nsf/PAS+Index/405E4EC4E27BE8D185258DF7002DD1C0/$FILE/Trump%2C%20Donald%20J.-05.08.2026-278T(2).pdf
2026-08-28T15:21:46+00:00,2026-05-08,CDNS,CADENCE DESIGN SYSTEMS INC,BUY,1001,15000,2026-02-19,78,https://extapps2.oge.gov/201/Presiden.nsf/PAS+Index/405E4EC4E27BE8D185258DF7002DD1C0/$FILE/Trump%2C%20Donald%20J.-05.08.2026-278T(2).pdf
2026-08-28T15:21:46+00:00,2026-05-08,DUK,DUKE ENERGY CORP NEW,BUY,1001,15000,2026-01-21,107,https://extapps2.oge.gov/201/Presiden.nsf/PAS+Index/405E4EC4E27BE8D185258DF7002DD1C0/$FILE/Trump%2C%20Donald%20J.-05.08.2026-278T(2).pdf
2026-08-28T15:21:46+00:00,2026-05-08,KHC,KRAFT HEINZ CO,BUY,1001,15000,2026-03-26,43,https://extapps2.oge.gov/201/Presiden.nsf/PAS+Index/405E4EC4E27BE8D185258DF7002DD1C0/$FILE/Trump%2C%20Donald%20J.-05.08.2026-278T(2).pdf
2026-08-28T15:21:46+00:00,2026-05-08,,BROWN & BROWN INC,BUY,1001,15000,,,https://extapps2.oge.gov/201/Presiden.nsf/PAS+Index/405E4EC4E27BE8D185258DF7002DD1C0/$FILE/Trump%2C%20Donald%20J.-05.08.2026-278T(2).pdf
2026-08-28T15:21:46+00:00,2026-05-08,PFE,PFIZER INC I,BUY,1001,15000,2026-03-17,52,https://extapps2.oge.gov/201/Presiden.nsf/PAS+Index/405E4EC4E27BE8D185258DF7002DD1C0/$FILE/Trump%2C%20Donald%20J.-05.08.2026-278T(2).pdf
2026-08-28T15:21:46+00:00,2026-05-08,SHW,SHERWIN-WILLIAMS CO,BUY,1001,15000,2026-03-17,52,https://extapps2.oge.gov/201/Presiden.nsf/PAS+Index/405E4EC4E27BE8D185258DF7002DD1C0/$FILE/Trump%2C%20Donald%20J.-05.08.2026-278T(2).pdf
2026-08-28T15:21:46+00:00,2026-05-08,CHTR,CHARTER COMMUNICATIONS INC NEW CL A,BUY,1001,15000,2026-02-19,78,https://extapps2.oge.gov/201/Presiden.nsf/PAS+Index/405E4EC4E27BE8D185258DF7002DD1C0/$FILE/Trump%2C%20Donald%20J.-05.08.2026-278T(2).pdf
2026-08-28T15:21:46+00:00,2026-05-08,KVUE,KENVUEINC,BUY,1001,15000,2026-03-26,43,https://extapps2.oge.gov/201/Presiden.nsf/PAS+Index/405E4EC4E27BE8D185258DF7002DD1C0/$FILE/Trump%2C%20Donald%20J.-05.08.2026-278T(2).pdf
2026-08-28T15:21:46+00:00,2026-05-08,POOL,POOL CORP,BUY,1001,15000,,,https://extapps2.oge.gov/201/Presiden.nsf/PAS+Index/405E4EC4E27BE8D185258DF7002DD1C0/$FILE/Trump%2C%20Donald%20J.-05.08.2026-278T(2).pdf
2026-08-28T15:21:46+00:00,2026-05-08,MO,ALTRIA GROUP INC,BUY,1001,15000,2026-03-26,43,https://extapps2.oge.gov/201/Presiden.nsf/PAS+Index/405E4EC4E27BE8D185258DF7002DD1C0/$FILE/Trump%2C%20Donald%20J.-05.08.2026-278T(2).pdf
2026-08-28T15:21:46+00:00,2026-05-08,,DYNATRACE INC,SELL,1001,15000,2026-02-12,85,https://extapps2.oge.gov/201/Presiden.nsf/PAS+Index/405E4EC4E27BE8D185258DF7002DD1C0/$FILE/Trump%2C%20Donald%20J.-05.08.2026-278T(2).pdf
2026-08-28T15:21:46+00:00,2026-05-08,CI,THE CIGNA GROUP,SELL,1001,15000,2026-01-12,116,https://extapps2.oge.gov/201/Presiden.nsf/PAS+Index/405E4EC4E27BE8D185258DF7002DD1C0/$FILE/Trump%2C%20Donald%20J.-05.08.2026-278T(2).pdf
2026-08-28T15:21:46+00:00,2026-05-08,HBAN,HUNTINGTON BANCSHARES INC,SELL,1001,15000,,,https://extapps2.oge.gov/201/Presiden.nsf/PAS+Index/405E4EC4E27BE8D185258DF7002DD1C0/$FILE/Trump%2C%20Donald%20J.-05.08.2026-278T(2).pdf
2026-08-28T15:21:46+00:00,2026-05-08,,MOLINA HEALTHCARE INC,SELL,1001,15000,2028-03-26,-688,https://extapps2.oge.gov/201/Presiden.nsf/PAS+Index/405E4EC4E27BE8D185258DF7002DD1C0/$FILE/Trump%2C%20Donald%20J.-05.08.2026-278T(2).pdf
2026-08-28T15:21:46+00:00,2026-05-08,AMD,ADVANCED MICRO DEVIC,SELL,1001,15000,2026-01-12,116,https://extapps2.oge.gov/201/Presiden.nsf/PAS+Index/405E4EC4E27BE8D185258DF7002DD1C0/$FILE/Trump%2C%20Donald%20J.-05.08.2026-278T(2).pdf
2026-08-28T15:21:46+00:00,2026-05-08,EOG,EOG RES INC,SELL,1001,15000,2026-01-12,116,https://extapps2.oge.gov/201/Presiden.nsf/PAS+Index/405E4EC4E27BE8D185258DF7002DD1C0/$FILE/Trump%2C%20Donald%20J.-05.08.2026-278T(2).pdf
2026-08-28T15:21:46+00:00,2026-05-08,HUM,HUMANA INC,SELL,1001,15000,2026-02-12,85,https://extapps2.oge.gov/201/Presiden.nsf/PAS+Index/405E4EC4E27BE8D185258DF7002DD1C0/$FILE/Trump%2C%20Donald%20J.-05.08.2026-278T(2).pdf
2026-08-28T15:21:46+00:00,2026-05-08,,ASTERA LABS INC,SELL,1001,15000,2028-02-12,-645,https://extapps2.oge.gov/201/Presiden.nsf/PAS+Index/405E4EC4E27BE8D185258DF7002DD1C0/$FILE/Trump%2C%20Donald%20J.-05.08.2026-278T(2).pdf
2026-08-28T15:21:46+00:00,2026-05-08,XYL,XYLEM INC,SELL,1001,15000,2026-01-21,107,https://extapps2.oge.gov/201/Presiden.nsf/PAS+Index/405E4EC4E27BE8D185258DF7002DD1C0/$FILE/Trump%2C%20Donald%20J.-05.08.2026-278T(2).pdf
2026-08-28T15:21:46+00:00,2026-05-08,CEG,CONSTELLATION ENERGY COR,SELL,1001,15000,2028-02-23,-656,https://extapps2.oge.gov/201/Presiden.nsf/PAS+Index/405E4EC4E27BE8D185258DF7002DD1C0/$FILE/Trump%2C%20Donald%20J.-05.08.2026-278T(2).pdf
2026-08-28T15:21:46+00:00,2026-05-08,F,FORD MOTOR CO,SELL,1001,15000,,,https://extapps2.oge.gov/201/Presiden.nsf/PAS+Index/405E4EC4E27BE8D185258DF7002DD1C0/$FILE/Trump%2C%20Donald%20J.-05.08.2026-278T(2).pdf
2026-08-28T15:21:46+00:00,2026-05-08,SBAC,SBA COMMUNICATIONS CORP CLASS A,SELL,1001,15000,2026-01-21,107,https://extapps2.oge.gov/201/Presiden.nsf/PAS+Index/405E4EC4E27BE8D185258DF7002DD1C0/$FILE/Trump%2C%20Donald%20J.-05.08.2026-278T(2).pdf
2026-08-28T15:21:46+00:00,2026-05-08,VRSK,VERISK ANALYTICS INC CLASS A,SELL,1001,15000,2026-02-23,74,https://extapps2.oge.gov/201/Presiden.nsf/PAS+Index/405E4EC4E27BE8D185258DF7002DD1C0/$FILE/Trump%2C%20Donald%20J.-05.08.2026-278T(2).pdf
2026-08-28T15:21:46+00:00,2026-05-08,SBAC,SBA COMMUNICATIONS CORP REIT,SELL,1001,15000,,,https://extapps2.oge.gov/201/Presiden.nsf/PAS+Index/405E4EC4E27BE8D185258DF7002DD1C0/$FILE/Trump%2C%20Donald%20J.-05.08.2026-278T(2).pdf
2026-08-28T15:21:46+00:00,2026-05-08,GIS,GENERAL MILLS INC,SELL,1001,15000,2026-03-26,43,https://extapps2.oge.gov/201/Presiden.nsf/PAS+Index/405E4EC4E27BE8D185258DF7002DD1C0/$FILE/Trump%2C%20Donald%20J.-05.08.2026-278T(2).pdf
2026-08-28T15:21:46+00:00,2026-05-08,,AGILYSYS INC,SELL,1001,15000,2026-01-26,102,https://extapps2.oge.gov/201/Presiden.nsf/PAS+Index/405E4EC4E27BE8D185258DF7002DD1C0/$FILE/Trump%2C%20Donald%20J.-05.08.2026-278T(2).pdf
2026-08-28T15:21:46+00:00,2026-05-08,MET,METLIFEINC,SELL,1001,15000,2028-02-23,-656,https://extapps2.oge.gov/201/Presiden.nsf/PAS+Index/405E4EC4E27BE8D185258DF7002DD1C0/$FILE/Trump%2C%20Donald%20J.-05.08.2026-278T(2).pdf
2026-08-28T15:21:46+00:00,2026-05-08,GIS,GENERAL MILLS INC,SELL,1001,15000,,,https://extapps2.oge.gov/201/Presiden.nsf/PAS+Index/405E4EC4E27BE8D185258DF7002DD1C0/$FILE/Trump%2C%20Donald%20J.-05.08.2026-278T(2).pdf
2026-08-28T15:21:46+00:00,2026-05-08,CNC,CENTENE CORP DEL,SELL,1001,15000,2026-03-26,43,https://extapps2.oge.gov/201/Presiden.nsf/PAS+Index/405E4EC4E27BE8D185258DF7002DD1C0/$FILE/Trump%2C%20Donald%20J.-05.08.2026-278T(2).pdf
2026-08-28T15:21:46+00:00,2026-05-08,BBY,BEST BUY COMPANY INC,SELL,1001,15000,2026-01-23,105,https://extapps2.oge.gov/201/Presiden.nsf/PAS+Index/405E4EC4E27BE8D185258DF7002DD1C0/$FILE/Trump%2C%20Donald%20J.-05.08.2026-278T(2).pdf
2026-08-28T15:21:46+00:00,2026-05-08,,DICKS SPORTING GOODS INC,SELL,1001,15000,2026-01-12,116,https://extapps2.oge.gov/201/Presiden.nsf/PAS+Index/405E4EC4E27BE8D185258DF7002DD1C0/$FILE/Trump%2C%20Donald%20J.-05.08.2026-278T(2).pdf
2026-08-28T15:21:46+00:00,2026-05-08,,FACTSET RESH SYS INC,SELL,1001,15000,,,https://extapps2.oge.gov/201/Presiden.nsf/PAS+Index/405E4EC4E27BE8D185258DF7002DD1C0/$FILE/Trump%2C%20Donald%20J.-05.08.2026-278T(2).pdf
2026-08-28T15:21:46+00:00,2026-05-08,VRSK,VERISK ANALYTICS INC CLASS A,SELL,1001,15000,2026-02-12,85,https://extapps2.oge.gov/201/Presiden.nsf/PAS+Index/405E4EC4E27BE8D185258DF7002DD1C0/$FILE/Trump%2C%20Donald%20J.-05.08.2026-278T(2).pdf
2026-08-28T15:21:46+00:00,2026-05-08,,DORMAN PRODS INC,SELL,1001,15000,2026-01-26,102,https://extapps2.oge.gov/201/Presiden.nsf/PAS+Index/405E4EC4E27BE8D185258DF7002DD1C0/$FILE/Trump%2C%20Donald%20J.-05.08.2026-278T(2).pdf
2026-08-28T15:21:46+00:00,2026-05-08,OMC,OMNICOM GROUP INC,SELL,1001,15000,2026-03-26,43,https://extapps2.oge.gov/201/Presiden.nsf/PAS+Index/405E4EC4E27BE8D185258DF7002DD1C0/$FILE/Trump%2C%20Donald%20J.-05.08.2026-278T(2).pdf
2026-08-28T15:21:46+00:00,2026-05-08,,lHE CIGNA GROUP,SELL,1001,15000,2026-03-26,43,https://extapps2.oge.gov/201/Presiden.nsf/PAS+Index/405E4EC4E27BE8D185258DF7002DD1C0/$FILE/Trump%2C%20Donald%20J.-05.08.2026-278T(2).pdf
2026-08-28T15:21:46+00:00,2026-05-08,EFX,EQUIFAX INC,SELL,1001,15000,2026-02-23,74,https://extapps2.oge.gov/201/Presiden.nsf/PAS+Index/405E4EC4E27BE8D185258DF7002DD1C0/$FILE/Trump%2C%20Donald%20J.-05.08.2026-278T(2).pdf
2026-08-28T15:21:46+00:00,2026-05-08,IDXX,IDEXX LABORATORIES INC,SELL,1001,15000,2026-03-17,52,https://extapps2.oge.gov/201/Presiden.nsf/PAS+Index/405E4EC4E27BE8D185258DF7002DD1C0/$FILE/Trump%2C%20Donald%20J.-05.08.2026-278T(2).pdf
2026-08-28T15:21:46+00:00,2026-05-08,ISRG,INTUITIVE SURGICAL INC,SELL,1001,15000,2026-02-19,78,https://extapps2.oge.gov/201/Presiden.nsf/PAS+Index/405E4EC4E27BE8D185258DF7002DD1C0/$FILE/Trump%2C%20Donald%20J.-05.08.2026-278T(2).pdf
2026-08-28T15:21:46+00:00,2026-05-08,,GROCERY OUTLET HLDG CORP,SELL,1001,15000,2026-02-26,71,https://extapps2.oge.gov/201/Presiden.nsf/PAS+Index/405E4EC4E27BE8D185258DF7002DD1C0/$FILE/Trump%2C%20Donald%20J.-05.08.2026-278T(2).pdf
2026-08-28T15:21:46+00:00,2026-05-08,,GLAUKOS CORP,SELL,1001,15000,2026-02-26,71,https://extapps2.oge.gov/201/Presiden.nsf/PAS+Index/405E4EC4E27BE8D185258DF7002DD1C0/$FILE/Trump%2C%20Donald%20J.-05.08.2026-278T(2).pdf
2026-08-28T15:21:46+00:00,2026-05-08,TTWO,TAKE-TWO INTERACTIVE SOF,SELL,1001,15000,2026-02-12,85,https://extapps2.oge.gov/201/Presiden.nsf/PAS+Index/405E4EC4E27BE8D185258DF7002DD1C0/$FILE/Trump%2C%20Donald%20J.-05.08.2026-278T(2).pdf
2026-08-28T15:21:46+00:00,2026-05-08,,INSIGHT ENTERPRISES INC,SELL,1001,15000,2026-01-26,102,https://extapps2.oge.gov/201/Presiden.nsf/PAS+Index/405E4EC4E27BE8D185258DF7002DD1C0/$FILE/Trump%2C%20Donald%20J.-05.08.2026-278T(2).pdf
2026-08-28T15:21:46+00:00,2026-05-08,,OLO REP INTI. CORP,SELL,1001,15000,2026-01-12,116,https://extapps2.oge.gov/201/Presiden.nsf/PAS+Index/405E4EC4E27BE8D185258DF7002DD1C0/$FILE/Trump%2C%20Donald%20J.-05.08.2026-278T(2).pdf
2026-08-28T15:21:46+00:00,2026-05-08,,PAPA JOHNS INTL INC,SELL,1001,15000,,,https://extapps2.oge.gov/201/Presiden.nsf/PAS+Index/405E4EC4E27BE8D185258DF7002DD1C0/$FILE/Trump%2C%20Donald%20J.-05.08.2026-278T(2).pdf
2026-08-28T15:21:46+00:00,2026-05-08,,UNITEDHEALT H GROUP INC,SELL,1001,15000,2026-02-12,85,https://extapps2.oge.gov/201/Presiden.nsf/PAS+Index/405E4EC4E27BE8D185258DF7002DD1C0/$FILE/Trump%2C%20Donald%20J.-05.08.2026-278T(2).pdf
2026-08-28T15:21:46+00:00,2026-05-08,,SMURFITWESTROCK PLC,SELL,1001,15000,2026-03-17,52,https://extapps2.oge.gov/201/Presiden.nsf/PAS+Index/405E4EC4E27BE8D185258DF7002DD1C0/$FILE/Trump%2C%20Donald%20J.-05.08.2026-278T(2).pdf
2026-08-28T15:21:46+00:00,2026-05-08,CRM,SALESFORCE INC,SELL,1001,15000,,,https://extapps2.oge.gov/201/Presiden.nsf/PAS+Index/405E4EC4E27BE8D185258DF7002DD1C0/$FILE/Trump%2C%20Donald%20J.-05.08.2026-278T(2).pdf
2026-08-28T15:21:46+00:00,2026-05-08,D,DOMINION ENERGY INC,SELL,1001,15000,2026-01-12,116,https://extapps2.oge.gov/201/Presiden.nsf/PAS+Index/405E4EC4E27BE8D185258DF7002DD1C0/$FILE/Trump%2C%20Donald%20J.-05.08.2026-278T(2).pdf
2026-08-28T15:21:46+00:00,2026-05-08,,TENNANT CO,SELL,1001,15000,,,https://extapps2.oge.gov/201/Presiden.nsf/PAS+Index/405E4EC4E27BE8D185258DF7002DD1C0/$FILE/Trump%2C%20Donald%20J.-05.08.2026-278T(2).pdf
2026-08-28T15:21:46+00:00,2026-05-08,ROP,ROPER TECHNOLOGIES INC,SELL,1001,15000,2026-02-19,78,https://extapps2.oge.gov/201/Presiden.nsf/PAS+Index/405E4EC4E27BE8D185258DF7002DD1C0/$FILE/Trump%2C%20Donald%20J.-05.08.2026-278T(2).pdf
2026-08-28T15:21:46+00:00,2026-05-08,PRU,PRUDENTIAL FINANCIAL INC,SELL,1001,15000,2026-03-17,52,https://extapps2.oge.gov/201/Presiden.nsf/PAS+Index/405E4EC4E27BE8D185258DF7002DD1C0/$FILE/Trump%2C%20Donald%20J.-05.08.2026-278T(2).pdf
2026-08-28T15:21:46+00:00,2026-05-08,ISRG,INTUITIVE SURGICAL INC,SELL,1001,15000,2026-03-17,52,https://extapps2.oge.gov/201/Presiden.nsf/PAS+Index/405E4EC4E27BE8D185258DF7002DD1C0/$FILE/Trump%2C%20Donald%20J.-05.08.2026-278T(2).pdf
2026-08-28T15:21:46+00:00,2026-05-08,,ASTRANA HEAL'lli INC,SELL,1001,15000,,,https://extapps2.oge.gov/201/Presiden.nsf/PAS+Index/405E4EC4E27BE8D185258DF7002DD1C0/$FILE/Trump%2C%20Donald%20J.-05.08.2026-278T(2).pdf
2026-08-28T15:21:46+00:00,2026-05-08,C,CITIGROUP INC,SELL,1001,15000,2028-03-17,-679,https://extapps2.oge.gov/201/Presiden.nsf/PAS+Index/405E4EC4E27BE8D185258DF7002DD1C0/$FILE/Trump%2C%20Donald%20J.-05.08.2026-278T(2).pdf
2026-08-28T15:21:46+00:00,2026-05-08,MET,METLIFEINC,SELL,1001,15000,2026-03-18,51,https://extapps2.oge.gov/201/Presiden.nsf/PAS+Index/405E4EC4E27BE8D185258DF7002DD1C0/$FILE/Trump%2C%20Donald%20J.-05.08.2026-278T(2).pdf
2026-08-28T15:21:46+00:00,2026-05-08,,SHOE CARNIVAL INC,SELL,1001,15000,2028-03-30,-692,https://extapps2.oge.gov/201/Presiden.nsf/PAS+Index/405E4EC4E27BE8D185258DF7002DD1C0/$FILE/Trump%2C%20Donald%20J.-05.08.2026-278T(2).pdf
2026-08-28T15:21:46+00:00,2026-05-08,,SEZZI.E INC,SELL,1001,15000,2026-03-30,39,https://extapps2.oge.gov/201/Presiden.nsf/PAS+Index/405E4EC4E27BE8D185258DF7002DD1C0/$FILE/Trump%2C%20Donald%20J.-05.08.2026-278T(2).pdf
2026-08-28T15:21:46+00:00,2026-05-08,,GLASS INC,SELL,1001,15000,2026-03-30,39,https://extapps2.oge.gov/201/Presiden.nsf/PAS+Index/405E4EC4E27BE8D185258DF7002DD1C0/$FILE/Trump%2C%20Donald%20J.-05.08.2026-278T(2).pdf
2026-08-28T15:21:46+00:00,2026-05-08,,DAVE & BUSTERS ENTMT INC,SELL,15001,50000,2026-03-23,46,https://extapps2.oge.gov/201/Presiden.nsf/PAS+Index/405E4EC4E27BE8D185258DF7002DD1C0/$FILE/Trump%2C%20Donald%20J.-05.08.2026-278T(2).pdf
2026-08-28T15:21:46+00:00,2026-05-08,,RADIAN GROUP INC,SELL,15001,50000,2026-03-30,39,https://extapps2.oge.gov/201/Presiden.nsf/PAS+Index/405E4EC4E27BE8D185258DF7002DD1C0/$FILE/Trump%2C%20Donald%20J.-05.08.2026-278T(2).pdf
2026-08-28T15:21:46+00:00,2026-05-08,,CLEANSPARK INC,SELL,15001,50000,2026-03-30,39,https://extapps2.oge.gov/201/Presiden.nsf/PAS+Index/405E4EC4E27BE8D185258DF7002DD1C0/$FILE/Trump%2C%20Donald%20J.-05.08.2026-278T(2).pdf
2026-08-28T15:21:46+00:00,2026-05-08,,BANNER CORP,SELL,15001,50000,2026-03-30,39,https://extapps2.oge.gov/201/Presiden.nsf/PAS+Index/405E4EC4E27BE8D185258DF7002DD1C0/$FILE/Trump%2C%20Donald%20J.-05.08.2026-278T(2).pdf
2026-08-28T15:21:46+00:00,2026-05-08,,BREAD FINL HOLDINGS,SELL,15001,50000,2026-03-30,39,https://extapps2.oge.gov/201/Presiden.nsf/PAS+Index/405E4EC4E27BE8D185258DF7002DD1C0/$FILE/Trump%2C%20Donald%20J.-05.08.2026-278T(2).pdf
2026-08-28T15:21:46+00:00,2026-05-08,,CHENIERE ENERGY INC,SELL,15001,50000,2026-01-12,116,https://extapps2.oge.gov/201/Presiden.nsf/PAS+Index/405E4EC4E27BE8D185258DF7002DD1C0/$FILE/Trump%2C%20Donald%20J.-05.08.2026-278T(2).pdf
2026-08-28T15:21:46+00:00,2026-05-08,WTW,WILLIS TOWERS WATSON PF,SELL,15001,50000,2026-02-12,85,https://extapps2.oge.gov/201/Presiden.nsf/PAS+Index/405E4EC4E27BE8D185258DF7002DD1C0/$FILE/Trump%2C%20Donald%20J.-05.08.2026-278T(2).pdf
2026-08-28T15:21:46+00:00,2026-05-08,KR,KROGER CO,SELL,15001,50000,2026-01-12,116,https://extapps2.oge.gov/201/Presiden.nsf/PAS+Index/405E4EC4E27BE8D185258DF7002DD1C0/$FILE/Trump%2C%20Donald%20J.-05.08.2026-278T(2).pdf
2026-08-28T15:21:46+00:00,2026-05-08,PINS,PINTEREST INC CLASS A,SELL,15001,50000,2026-03-18,51,https://extapps2.oge.gov/201/Presiden.nsf/PAS+Index/405E4EC4E27BE8D185258DF7002DD1C0/$FILE/Trump%2C%20Donald%20J.-05.08.2026-278T(2).pdf
2026-08-28T15:21:46+00:00,2026-05-08,,AMERISAFE INC,SELL,15001,50000,2026-02-26,71,https://extapps2.oge.gov/201/Presiden.nsf/PAS+Index/405E4EC4E27BE8D185258DF7002DD1C0/$FILE/Trump%2C%20Donald%20J.-05.08.2026-278T(2).pdf
2026-08-28T15:21:46+00:00,2026-05-08,,VULCAN MATLS CO,SELL,15001,50000,,,https://extapps2.oge.gov/201/Presiden.nsf/PAS+Index/405E4EC4E27BE8D185258DF7002DD1C0/$FILE/Trump%2C%20Donald%20J.-05.08.2026-278T(2).pdf
2026-08-28T15:21:46+00:00,2026-05-08,,UNITED HEALT H GROUP INC,SELL,15001,50000,,,https://extapps2.oge.gov/201/Presiden.nsf/PAS+Index/405E4EC4E27BE8D185258DF7002DD1C0/$FILE/Trump%2C%20Donald%20J.-05.08.2026-278T(2).pdf
2026-08-28T15:21:46+00:00,2026-05-08,,ADMA BIOLOGICS INC,SELL,15001,50000,,,https://extapps2.oge.gov/201/Presiden.nsf/PAS+Index/405E4EC4E27BE8D185258DF7002DD1C0/$FILE/Trump%2C%20Donald%20J.-05.08.2026-278T(2).pdf
2026-08-28T15:21:46+00:00,2026-05-08,,NEOGENOMICS INC,SELL,15001,50000,2026-03-30,39,https://extapps2.oge.gov/201/Presiden.nsf/PAS+Index/405E4EC4E27BE8D185258DF7002DD1C0/$FILE/Trump%2C%20Donald%20J.-05.08.2026-278T(2).pdf
2026-08-28T15:21:46+00:00,2026-05-08,,ALARM COM HLDGS INC,SELL,15001,50000,2026-01-26,102,https://extapps2.oge.gov/201/Presiden.nsf/PAS+Index/405E4EC4E27BE8D185258DF7002DD1C0/$FILE/Trump%2C%20Donald%20J.-05.08.2026-278T(2).pdf
2026-08-28T15:21:46+00:00,2026-05-08,,ZIFF DAVIS INC,SELL,15001,50000,,,https://extapps2.oge.gov/201/Presiden.nsf/PAS+Index/405E4EC4E27BE8D185258DF7002DD1C0/$FILE/Trump%2C%20Donald%20J.-05.08.2026-278T(2).pdf
2026-08-28T15:21:46+00:00,2026-05-08,,SIMPLY GOOD FOODS CO,SELL,15001,50000,2026-02-26,71,https://extapps2.oge.gov/201/Presiden.nsf/PAS+Index/405E4EC4E27BE8D185258DF7002DD1C0/$FILE/Trump%2C%20Donald%20J.-05.08.2026-278T(2).pdf
2026-08-28T15:21:46+00:00,2026-05-08,,GALLAGHER ARTHUR J & CO,SELL,15001,50000,2026-03-18,51,https://extapps2.oge.gov/201/Presiden.nsf/PAS+Index/405E4EC4E27BE8D185258DF7002DD1C0/$FILE/Trump%2C%20Donald%20J.-05.08.2026-278T(2).pdf
2026-08-28T15:21:46+00:00,2026-05-08,,CSW INDUSTRIALS INC,SELL,15001,50000,2026-03-30,39,https://extapps2.oge.gov/201/Presiden.nsf/PAS+Index/405E4EC4E27BE8D185258DF7002DD1C0/$FILE/Trump%2C%20Donald%20J.-05.08.2026-278T(2).pdf
2026-08-28T15:21:46+00:00,2026-05-08,,AMERICAN INTL GROUP INC,SELL,50001,100000,,,https://extapps2.oge.gov/201/Presiden.nsf/PAS+Index/405E4EC4E27BE8D185258DF7002DD1C0/$FILE/Trump%2C%20Donald%20J.-05.08.2026-278T(2).pdf
2026-08-28T15:21:46+00:00,2026-05-08,FAST,FASTENAL CO,SELL,50001,100000,2026-01-12,116,https://extapps2.oge.gov/201/Presiden.nsf/PAS+Index/405E4EC4E27BE8D185258DF7002DD1C0/$FILE/Trump%2C%20Donald%20J.-05.08.2026-278T(2).pdf
2026-08-28T15:21:46+00:00,2026-05-08,,DOUBLEVERIFY HLDGS INC,SELL,50001,100000,,,https://extapps2.oge.gov/201/Presiden.nsf/PAS+Index/405E4EC4E27BE8D185258DF7002DD1C0/$FILE/Trump%2C%20Donald%20J.-05.08.2026-278T(2).pdf
2026-08-28T15:21:46+00:00,2026-05-08,BALL,BALL CORP,SELL,50001,100000,,,https://extapps2.oge.gov/201/Presiden.nsf/PAS+Index/405E4EC4E27BE8D185258DF7002DD1C0/$FILE/Trump%2C%20Donald%20J.-05.08.2026-278T(2).pdf
2026-08-28T15:21:46+00:00,2026-05-08,,ALARM COM HLDGS INC,SELL,50001,100000,2026-03-30,39,https://extapps2.oge.gov/201/Presiden.nsf/PAS+Index/405E4EC4E27BE8D185258DF7002DD1C0/$FILE/Trump%2C%20Donald%20J.-05.08.2026-278T(2).pdf
2026-08-28T15:21:46+00:00,2026-05-08,,OLD DOMINION FGHT LINE INC,SELL,50001,100000,2026-01-06,122,https://extapps2.oge.gov/201/Presiden.nsf/PAS+Index/405E4EC4E27BE8D185258DF7002DD1C0/$FILE/Trump%2C%20Donald%20J.-05.08.2026-278T(2).pdf
2026-08-28T15:21:46+00:00,2026-05-08,,MERIT MED SYS INC,SELL,50001,100000,,,https://extapps2.oge.gov/201/Presiden.nsf/PAS+Index/405E4EC4E27BE8D185258DF7002DD1C0/$FILE/Trump%2C%20Donald%20J.-05.08.2026-278T(2).pdf
2026-08-28T15:21:46+00:00,2026-05-08,HD,HOME DEPOT INC COM,SELL,50001,100000,,,https://extapps2.oge.gov/201/Presiden.nsf/PAS+Index/405E4EC4E27BE8D185258DF7002DD1C0/$FILE/Trump%2C%20Donald%20J.-05.08.2026-278T(2).pdf
2026-08-28T15:21:46+00:00,2026-05-08,,ACI WORLDWIDE INC,SELL,50001,100000,,,https://extapps2.oge.gov/201/Presiden.nsf/PAS+Index/405E4EC4E27BE8D185258DF7002DD1C0/$FILE/Trump%2C%20Donald%20J.-05.08.2026-278T(2).pdf
2026-08-28T15:21:46+00:00,2026-05-08,BRK.B,BERKSHIRE HATHAWAY ClASS B,SELL,50001,100000,2026-03-18,51,https://extapps2.oge.gov/201/Presiden.nsf/PAS+Index/405E4EC4E27BE8D185258DF7002DD1C0/$FILE/Trump%2C%20Donald%20J.-05.08.2026-278T(2).pdf
2026-08-28T15:21:46+00:00,2026-05-08,ADSK,AUTODESK INC,SELL,100001,250000,,,https://extapps2.oge.gov/201/Presiden.nsf/PAS+Index/405E4EC4E27BE8D185258DF7002DD1C0/$FILE/Trump%2C%20Donald%20J.-05.08.2026-278T(2).pdf
2026-08-28T15:21:46+00:00,2026-05-08,,MOHAWK !NOS INC,SELL,100001,250000,2026-03-30,39,https://extapps2.oge.gov/201/Presiden.nsf/PAS+Index/405E4EC4E27BE8D185258DF7002DD1C0/$FILE/Trump%2C%20Donald%20J.-05.08.2026-278T(2).pdf
2026-08-28T15:21:46+00:00,2026-05-08,NXPI,NXP SEMICONDUCTORS NVF,SELL,100001,250000,2026-03-18,51,https://extapps2.oge.gov/201/Presiden.nsf/PAS+Index/405E4EC4E27BE8D185258DF7002DD1C0/$FILE/Trump%2C%20Donald%20J.-05.08.2026-278T(2).pdf
2026-08-28T15:21:46+00:00,2026-05-08,,TRANSOIGM GROUP INC,SELL,100001,250000,,,https://extapps2.oge.gov/201/Presiden.nsf/PAS+Index/405E4EC4E27BE8D185258DF7002DD1C0/$FILE/Trump%2C%20Donald%20J.-05.08.2026-278T(2).pdf
2026-08-28T15:21:46+00:00,2026-05-08,DHR,DANAHER CORP,SELL,100001,250000,,,https://extapps2.oge.gov/201/Presiden.nsf/PAS+Index/405E4EC4E27BE8D185258DF7002DD1C0/$FILE/Trump%2C%20Donald%20J.-05.08.2026-278T(2).pdf
2026-08-28T15:21:46+00:00,2026-05-08,SYK,STRYKER CORP,SELL,100001,250000,2026-03-18,51,https://extapps2.oge.gov/201/Presiden.nsf/PAS+Index/405E4EC4E27BE8D185258DF7002DD1C0/$FILE/Trump%2C%20Donald%20J.-05.08.2026-278T(2).pdf
2026-08-28T15:21:46+00:00,2026-05-08,,DISNEY WALT CO,SELL,100001,250000,2026-02-12,85,https://extapps2.oge.gov/201/Presiden.nsf/PAS+Index/405E4EC4E27BE8D185258DF7002DD1C0/$FILE/Trump%2C%20Donald%20J.-05.08.2026-278T(2).pdf
2026-08-28T15:21:46+00:00,2026-05-08,TRMB,TRIMBLE NAV LTD,SELL,100001,250000,,,https://extapps2.oge.gov/201/Presiden.nsf/PAS+Index/405E4EC4E27BE8D185258DF7002DD1C0/$FILE/Trump%2C%20Donald%20J.-05.08.2026-278T(2).pdf
2026-08-28T15:21:46+00:00,2026-05-08,NXPI,NXP SEMICONDUCTORS NV,SELL,100001,250000,2026-03-17,52,https://extapps2.oge.gov/201/Presiden.nsf/PAS+Index/405E4EC4E27BE8D185258DF7002DD1C0/$FILE/Trump%2C%20Donald%20J.-05.08.2026-278T(2).pdf
2026-08-28T15:21:46+00:00,2026-05-08,,TAKE-TWO INTERACTIVE SOFTWARE INC,SELL,100001,250000,2026-02-10,87,https://extapps2.oge.gov/201/Presiden.nsf/PAS+Index/405E4EC4E27BE8D185258DF7002DD1C0/$FILE/Trump%2C%20Donald%20J.-05.08.2026-278T(2).pdf
2026-08-28T15:21:46+00:00,2026-05-08,FI,FISERV INC,SELL,100001,250000,2026-02-10,87,https://extapps2.oge.gov/201/Presiden.nsf/PAS+Index/405E4EC4E27BE8D185258DF7002DD1C0/$FILE/Trump%2C%20Donald%20J.-05.08.2026-278T(2).pdf
2026-08-28T15:21:46+00:00,2026-05-08,,TTM TECHNOLOGIES INC,SELL,100001,250000,2026-01-30,98,https://extapps2.oge.gov/201/Presiden.nsf/PAS+Index/405E4EC4E27BE8D185258DF7002DD1C0/$FILE/Trump%2C%20Donald%20J.-05.08.2026-278T(2).pdf
2026-08-28T15:21:46+00:00,2026-05-08,ROP,"ROPER TECHNOLOGIES, INC",SELL,250001,500000,2026-01-06,122,https://extapps2.oge.gov/201/Presiden.nsf/PAS+Index/405E4EC4E27BE8D185258DF7002DD1C0/$FILE/Trump%2C%20Donald%20J.-05.08.2026-278T(2).pdf
2026-08-28T15:21:46+00:00,2026-05-08,,TT PRUDENTIAL FINANCIAL INC,SELL,250001,500000,2026-02-10,87,https://extapps2.oge.gov/201/Presiden.nsf/PAS+Index/405E4EC4E27BE8D185258DF7002DD1C0/$FILE/Trump%2C%20Donald%20J.-05.08.2026-278T(2).pdf
2026-08-28T15:21:46+00:00,2026-05-08,ECL,ECOLAB INC,SELL,250001,500000,2026-01-06,122,https://extapps2.oge.gov/201/Presiden.nsf/PAS+Index/405E4EC4E27BE8D185258DF7002DD1C0/$FILE/Trump%2C%20Donald%20J.-05.08.2026-278T(2).pdf
2026-08-28T15:21:46+00:00,2026-05-08,ACN,ACCENTURE PLC,SELL,1000001,5000000,2026-03-17,52,https://extapps2.oge.gov/201/Presiden.nsf/PAS+Index/405E4EC4E27BE8D185258DF7002DD1C0/$FILE/Trump%2C%20Donald%20J.-05.08.2026-278T(2).pdf
2026-08-30T02:02:21+00:00,2025-08-12,,TEXAS MUN PWR AGY REV TRNSMSN SYS RFDG AGM 8/E 3.00 % Duo Sa,BUY,50001,100000,2025-02-05,188,https://extapps2.oge.gov/201/Presiden.nsf/PAS+Index/E9C024E25C9E4B2085258CEB006E7E23/$FILE/Donald-J-Trump-08.12.2025-278T.pdf
